学校ID,学校名称,年份,生源省份,科类,招生批次,专业名称,专业组,最低分,最高分,平均分,最低位次,录取人数,录取类型,专业类型
140,清华大学,2020,北京,3,本科批,工科试验班类,（02）,700.0,0.0,0.0,80.0,1.0,普通类,3_14_23
140,清华大学,2020,北京,3,本科批,电子信息类,（02）,687.0,0.0,0.0,369.0,34.0,普通类,3_14_23
140,清华大学,2020,北京,3,本科批,计算机类,（02）,687.0,0.0,0.0,369.0,57.0,普通类,3_14_23
140,清华大学,2020,北京,3,本科批,理科试验班类,（02）,687.0,0.0,0.0,369.0,21.0,普通类,3_14_23
140,清华大学,2020,北京,3,本科批,工科试验班类,（02）,687.0,0.0,0.0,369.0,8.0,普通类,3_14_23
140,清华大学,2020,北京,3,本科批,理科试验班类,（02）,687.0,0.0,0.0,369.0,15.0,普通类,3_14_23
140,清华大学,2020,北京,3,本科批,理科试验班类,（02）,687.0,0.0,0.0,369.0,9.0,普通类,3_14_23
140,清华大学,2020,北京,3,本科批,建筑类,（02）,687.0,0.0,0.0,369.0,14.0,普通类,3_14_23
140,清华大学,2020,北京,3,本科批,自动化类,（02）,687.0,0.0,0.0,369.0,15.0,普通类,3_14_23
140,清华大学,2020,北京,3,本科批,文科试验班类,（01）,700.0,0.0,0.0,80.0,11.0,普通类,3_14_0
140,清华大学,2020,北京,3,本科批,工科试验班类,（02）,700.0,0.0,0.0,80.0,1.0,普通类,3_14_0
140,清华大学,2020,北京,3,本科批,文科试验班类,（01）,697.0,0.0,0.0,116.0,10.0,普通类,3_14_0
140,清华大学,2020,北京,3,本科批,环境工程,（04）,691.0,0.0,0.0,231.0,3.0,普通类,3_14_0
140,清华大学,2020,北京,3,本科批,电子信息类,（02）,687.0,0.0,0.0,369.0,34.0,普通类,3_14_0
140,清华大学,2020,北京,3,本科批,计算机类,（02）,687.0,0.0,0.0,369.0,57.0,普通类,3_14_0
140,清华大学,2020,北京,3,本科批,理科试验班类,（02）,687.0,0.0,0.0,369.0,21.0,普通类,3_14_0
140,清华大学,2020,北京,3,本科批,工科试验班类,（02）,687.0,0.0,0.0,369.0,8.0,普通类,3_14_0
140,清华大学,2020,北京,3,本科批,理科试验班类,（02）,687.0,0.0,0.0,369.0,15.0,普通类,3_14_0
140,清华大学,2020,北京,3,本科批,理科试验班类,（02）,687.0,0.0,0.0,369.0,9.0,普通类,3_14_0
140,清华大学,2020,北京,3,本科批,建筑类,（02）,687.0,0.0,0.0,369.0,14.0,普通类,3_14_0
140,清华大学,2020,北京,3,本科批,临床医学类,（03）,687.0,0.0,0.0,369.0,26.0,普通类,3_14_0
140,清华大学,2020,北京,3,本科批,自动化类,（02）,687.0,0.0,0.0,369.0,15.0,普通类,3_14_0
140,清华大学,2020,北京,3,本科批,临床医学类,（03）,687.0,0.0,0.0,369.0,26.0,普通类,3_14_24
140,清华大学,2020,北京,3,本科批,环境工程,（04）,691.0,0.0,0.0,231.0,3.0,普通类,3_14_25
140,清华大学,2020,北京,3,本科批,文科试验班类,（01）,700.0,0.0,0.0,80.0,11.0,普通类,3_14_22
140,清华大学,2020,北京,3,本科批,文科试验班类,（01）,697.0,0.0,0.0,116.0,10.0,普通类,3_14_22
140,清华大学,2020,天津,3,本科提前批A段,核工程与核技术,（1）,701.0,0.0,0.0,187.0,1.0,普通类,3_36_11910
140,清华大学,2020,天津,3,本科提前批A段,核工程与核技术,（1）,701.0,0.0,0.0,187.0,1.0,普通类,3_36_0
140,清华大学,2020,天津,3,本科批A段,计算机类,（3）,715.0,0.0,0.0,9.0,5.0,普通类,3_46_10722
140,清华大学,2020,天津,3,本科批A段,理科试验班类,（3）,713.0,0.0,0.0,15.0,1.0,普通类,3_46_10722
140,清华大学,2020,天津,3,本科批A段,理科试验班类,（3）,712.0,0.0,0.0,24.0,2.0,普通类,3_46_10722
140,清华大学,2020,天津,3,本科批A段,电子信息类,（3）,709.0,0.0,0.0,47.0,10.0,普通类,3_46_10722
140,清华大学,2020,天津,3,本科批A段,工科试验班类,（3）,709.0,0.0,0.0,47.0,2.0,普通类,3_46_10722
140,清华大学,2020,天津,3,本科批A段,工科试验班类,（3）,709.0,0.0,0.0,47.0,1.0,普通类,3_46_10722
140,清华大学,2020,天津,3,本科批A段,建筑类,（3）,708.0,0.0,0.0,56.0,4.0,普通类,3_46_10722
140,清华大学,2020,天津,3,本科批A段,理科试验班类,（3）,708.0,0.0,0.0,56.0,9.0,普通类,3_46_10722
140,清华大学,2020,天津,3,本科批A段,自动化类,（3）,708.0,0.0,0.0,56.0,3.0,普通类,3_46_10722
140,清华大学,2020,天津,3,本科批A段,文科试验班类,（2）,723.0,0.0,0.0,1.0,1.0,普通类,3_46_0
140,清华大学,2020,天津,3,本科批A段,文科试验班类,（2）,717.0,0.0,0.0,7.0,2.0,普通类,3_46_0
140,清华大学,2020,天津,3,本科批A段,计算机类,（3）,715.0,0.0,0.0,9.0,5.0,普通类,3_46_0
140,清华大学,2020,天津,3,本科批A段,理科试验班类,（3）,713.0,0.0,0.0,15.0,1.0,普通类,3_46_0
140,清华大学,2020,天津,3,本科批A段,理科试验班类,（3）,712.0,0.0,0.0,24.0,2.0,普通类,3_46_0
140,清华大学,2020,天津,3,本科批A段,临床医学类,（4）,711.0,0.0,0.0,30.0,3.0,普通类,3_46_0
140,清华大学,2020,天津,3,本科批A段,法学,（2）,710.0,0.0,0.0,39.0,1.0,普通类,3_46_0
140,清华大学,2020,天津,3,本科批A段,电子信息类,（3）,709.0,0.0,0.0,47.0,10.0,普通类,3_46_0
140,清华大学,2020,天津,3,本科批A段,工科试验班类,（3）,709.0,0.0,0.0,47.0,2.0,普通类,3_46_0
140,清华大学,2020,天津,3,本科批A段,工科试验班类,（3）,709.0,0.0,0.0,47.0,1.0,普通类,3_46_0
140,清华大学,2020,天津,3,本科批A段,建筑类,（3）,708.0,0.0,0.0,56.0,4.0,普通类,3_46_0
140,清华大学,2020,天津,3,本科批A段,理科试验班类,（3）,708.0,0.0,0.0,56.0,9.0,普通类,3_46_0
140,清华大学,2020,天津,3,本科批A段,自动化类,（3）,708.0,0.0,0.0,56.0,3.0,普通类,3_46_0
140,清华大学,2020,天津,3,本科批A段,文科试验班类,（2）,723.0,0.0,0.0,1.0,1.0,普通类,3_46_10721
140,清华大学,2020,天津,3,本科批A段,文科试验班类,（2）,717.0,0.0,0.0,7.0,2.0,普通类,3_46_10721
140,清华大学,2020,天津,3,本科批A段,法学,（2）,710.0,0.0,0.0,39.0,1.0,普通类,3_46_10721
140,清华大学,2020,天津,3,本科批A段,临床医学类,（4）,711.0,0.0,0.0,30.0,3.0,普通类,3_46_10723
140,清华大学,2020,河北,1,本科提前批,土木、水利与海洋工程,,700.0,703.0,702.0,108.0,4.0,普通类,1_6_0
140,清华大学,2020,河北,1,本科提前批,电子信息类,,699.0,699.0,699.0,136.0,1.0,普通类,1_6_0
140,清华大学,2020,河北,1,本科提前批,工科试验班类,,699.0,699.0,699.0,136.0,1.0,普通类,1_6_0
140,清华大学,2020,河北,1,本科提前批,自动化类,,698.0,698.0,698.0,150.0,1.0,普通类,1_6_0
140,清华大学,2020,河北,1,本科提前批,理科试验班类,,697.0,697.0,697.0,170.0,1.0,普通类,1_6_0
140,清华大学,2020,河北,1,本科提前批,建筑类,,695.0,695.0,695.0,226.0,1.0,普通类,1_6_0
140,清华大学,2020,河北,1,本科提前批,工科试验班类,,692.0,696.0,694.0,339.0,5.0,普通类,1_6_0
140,清华大学,2020,河北,1,本科提前批,工科试验班类,,691.0,691.0,691.0,382.0,1.0,普通类,1_6_0
140,清华大学,2020,河北,1,本科提前批,理科试验班类,,690.0,692.0,691.0,418.0,2.0,普通类,1_6_0
140,清华大学,2020,河北,2,本科提前批,文科试验班类,,659.0,659.0,659.0,75.0,1.0,普通类,2_6_0
140,清华大学,2020,河北,2,本科提前批,法学,,644.0,644.0,644.0,316.0,1.0,普通类,2_6_0
140,清华大学,2020,河北,2,本科批,文科试验班类,,679.0,685.0,681.0,1.0,3.0,普通类,2_14_0
140,清华大学,2020,河北,1,本科批,理科试验班类,,715.0,715.0,715.0,1.0,1.0,普通类,1_14_0
140,清华大学,2020,河北,1,本科批,理科试验班类,,714.0,714.0,714.0,1.0,1.0,普通类,1_14_0
140,清华大学,2020,河北,1,本科批,计算机类,,710.0,718.0,714.0,1.0,4.0,普通类,1_14_0
140,清华大学,2020,河北,1,本科批,工科试验班类,,709.0,709.0,709.0,1.0,1.0,普通类,1_14_0
140,清华大学,2020,河北,1,本科批,临床医学类,,709.0,709.0,709.0,1.0,1.0,普通类,1_14_0
140,清华大学,2020,河北,1,本科批,建筑类,,708.0,714.0,711.0,32.0,2.0,普通类,1_14_0
140,清华大学,2020,河北,1,本科批,理科试验班类,,705.0,719.0,711.0,44.0,4.0,普通类,1_14_0
140,清华大学,2020,河北,1,本科批,理科试验班类,,705.0,712.0,709.0,44.0,2.0,普通类,1_14_0
140,清华大学,2020,河北,1,本科批,电子信息类,,704.0,718.0,709.0,55.0,8.0,普通类,1_14_0
140,清华大学,2020,河北,1,本科批,临床医学类,,704.0,711.0,708.0,55.0,2.0,普通类,1_14_0
140,清华大学,2020,河北,1,本科批,自动化类,,704.0,709.0,706.0,55.0,7.0,普通类,1_14_0
140,清华大学,2020,河北,1,本科批,工科试验班类,,704.0,708.0,706.0,55.0,2.0,普通类,1_14_0
140,清华大学,2020,河北,1,本科批,工科试验班类,,704.0,708.0,706.0,55.0,2.0,普通类,1_14_0
140,清华大学,2020,山西,1,本科一批A段,理科试验班类,,691.0,0.0,0.0,23.0,,普通类,1_51_0
140,清华大学,2020,山西,1,本科一批A段,理科试验班类,,691.0,0.0,0.0,23.0,,普通类,1_51_0
140,清华大学,2020,山西,1,本科一批A段,电子信息类,,690.0,0.0,0.0,25.0,,普通类,1_51_0
140,清华大学,2020,山西,1,本科一批A段,理科试验班类,,690.0,0.0,0.0,25.0,,普通类,1_51_0
140,清华大学,2020,山西,1,本科一批A段,理科试验班类,,690.0,0.0,0.0,25.0,,普通类,1_51_0
140,清华大学,2020,山西,1,本科一批A段,理科试验班类,,690.0,0.0,0.0,25.0,,普通类,1_51_0
140,清华大学,2020,山西,1,本科一批A段,建筑类,,685.0,0.0,0.0,50.0,,普通类,1_51_0
140,清华大学,2020,山西,1,本科一批A段,临床医学类,,685.0,0.0,0.0,50.0,,普通类,1_51_0
140,清华大学,2020,山西,1,本科一批A段,工科试验班类,,683.0,0.0,0.0,66.0,,普通类,1_51_0
140,清华大学,2020,山西,1,本科一批A段,计算机类,,683.0,0.0,0.0,66.0,,普通类,1_51_0
140,清华大学,2020,山西,1,本科一批A段,工科试验班类,,683.0,0.0,0.0,66.0,,普通类,1_51_0
140,清华大学,2020,山西,1,本科一批A段,法学,,682.0,0.0,0.0,76.0,,普通类,1_51_0
140,清华大学,2020,山西,1,本科一批A段,自动化类,,682.0,0.0,0.0,76.0,,普通类,1_51_0
140,清华大学,2020,山西,1,本科一批A段,工科试验班类,,682.0,0.0,0.0,76.0,,普通类,1_51_0
140,清华大学,2020,山西,1,本科一批A段,临床医学类,,682.0,0.0,0.0,76.0,,普通类,1_51_0
140,清华大学,2020,山西,2,本科一批A段,文科试验班类,,646.0,0.0,0.0,1.0,,普通类,2_51_0
140,清华大学,2020,山西,2,本科一批A段,文科试验班类,,646.0,0.0,0.0,1.0,,普通类,2_51_0
140,清华大学,2020,内蒙古,1,本科一批,理科试验班类,,695.0,715.0,0.0,16.0,,普通类,1_7_0
140,清华大学,2020,内蒙古,1,本科一批,计算机类,,692.0,717.0,0.0,22.0,8.0,普通类,1_7_0
140,清华大学,2020,内蒙古,1,本科一批,工科试验班类,,692.0,692.0,0.0,22.0,,普通类,1_7_0
140,清华大学,2020,内蒙古,1,本科一批,临床医学类,,690.0,692.0,0.0,28.0,3.0,普通类,1_7_0
140,清华大学,2020,内蒙古,1,本科一批,电子信息类,,689.0,701.0,0.0,34.0,6.0,普通类,1_7_0
140,清华大学,2020,内蒙古,1,本科一批,理科试验班类,,689.0,702.0,0.0,34.0,,普通类,1_7_0
140,清华大学,2020,内蒙古,1,本科一批,理科试验班类,,689.0,689.0,0.0,34.0,,普通类,1_7_0
140,清华大学,2020,内蒙古,1,本科一批,理科试验班类,,689.0,706.0,0.0,34.0,,普通类,1_7_0
140,清华大学,2020,内蒙古,1,本科一批,建筑类,,688.0,688.0,0.0,37.0,1.0,普通类,1_7_0
140,清华大学,2020,内蒙古,1,本科一批,自动化类,,688.0,689.0,0.0,37.0,2.0,普通类,1_7_0
140,清华大学,2020,内蒙古,1,本科提前批B段,电子信息类,,684.0,684.0,0.0,52.0,,普通类,1_37_0
140,清华大学,2020,内蒙古,1,本科提前批B段,工科试验班类,,679.0,682.0,0.0,88.0,,普通类,1_37_0
140,清华大学,2020,内蒙古,1,本科提前批B段,建筑类,,677.0,677.0,0.0,100.0,,普通类,1_37_0
140,清华大学,2020,内蒙古,1,本科提前批B段,工科试验班类,,675.0,675.0,0.0,112.0,,普通类,1_37_0
140,清华大学,2020,内蒙古,1,本科提前批B段,工科试验班类,,674.0,674.0,0.0,122.0,,普通类,1_37_0
140,清华大学,2020,内蒙古,1,本科提前批B段,理科试验班类,,672.0,672.0,0.0,146.0,,普通类,1_37_0
140,清华大学,2020,内蒙古,2,本科一批,文科试验班类,,673.0,685.0,0.0,,2.0,普通类,2_7_0
140,清华大学,2020,内蒙古,2,本科提前批B段,文科试验班类,,641.0,641.0,0.0,110.0,,普通类,2_37_0
140,清华大学,2020,内蒙古,1,本科一批B段,核工程与核技术,,683.0,683.0,0.0,61.0,,普通类,1_52_0
140,清华大学,2020,内蒙古,1,本科一批B段,材料科学与工程,,671.0,671.0,0.0,152.0,,普通类,1_52_0
140,清华大学,2020,内蒙古,1,本科一批B段,自动化,,668.0,668.0,0.0,192.0,,普通类,1_52_0
140,清华大学,2020,辽宁,2,本科批,文科试验班类,,674.0,0.0,0.0,15.0,,普通类,2_14_0
140,清华大学,2020,辽宁,2,本科批,法学,,670.0,0.0,0.0,15.0,1.0,普通类,2_14_0
140,清华大学,2020,辽宁,2,本科批,文科试验班类,,669.0,0.0,0.0,18.0,,普通类,2_14_0
140,清华大学,2020,辽宁,1,本科批,理科试验班类,,707.0,0.0,0.0,10.0,,普通类,1_14_0
140,清华大学,2020,辽宁,1,本科批,理科试验班类,,705.0,0.0,0.0,10.0,,普通类,1_14_0
140,清华大学,2020,辽宁,1,本科批,计算机类,,703.0,0.0,0.0,14.0,2.0,普通类,1_14_0
140,清华大学,2020,辽宁,1,本科批,临床医学类,,703.0,0.0,0.0,14.0,,普通类,1_14_0
140,清华大学,2020,辽宁,1,本科批,临床医学类,,701.0,0.0,0.0,20.0,,普通类,1_14_0
140,清华大学,2020,辽宁,1,本科批,电子信息类,,697.0,0.0,0.0,47.0,5.0,普通类,1_14_0
140,清华大学,2020,辽宁,1,本科批,自动化类,,697.0,0.0,0.0,47.0,2.0,普通类,1_14_0
140,清华大学,2020,辽宁,1,本科批,建筑类,,696.0,0.0,0.0,55.0,3.0,普通类,1_14_0
140,清华大学,2020,辽宁,1,本科批,工科试验班类,,694.0,0.0,0.0,69.0,,普通类,1_14_0
140,清华大学,2020,辽宁,1,本科批,工科试验班类,,694.0,0.0,0.0,69.0,,普通类,1_14_0
140,清华大学,2020,辽宁,1,本科批,工科试验班类,,693.0,0.0,0.0,81.0,,普通类,1_14_0
140,清华大学,2020,辽宁,1,本科批,理科试验班类,,692.0,0.0,0.0,89.0,,普通类,1_14_0
140,清华大学,2020,辽宁,1,本科批,车辆工程,,685.0,0.0,0.0,198.0,1.0,普通类,1_14_0
140,清华大学,2020,辽宁,1,本科批,核工程与核技术,,683.0,0.0,0.0,242.0,1.0,普通类,1_14_0
140,清华大学,2020,辽宁,1,本科批,机械工程,,672.0,0.0,0.0,610.0,1.0,普通类,1_14_0
140,清华大学,2020,吉林,2,本科一批A段,文科试验班类,,656.0,0.0,659.0,1.0,3.0,普通类,2_51_0
140,清华大学,2020,吉林,1,本科一批A段,计算机类,,704.0,0.0,716.0,1.0,2.0,普通类,1_51_0
140,清华大学,2020,吉林,1,本科一批A段,理科试验班类,,703.0,0.0,703.0,1.0,1.0,普通类,1_51_0
140,清华大学,2020,吉林,1,本科一批A段,工科试验班类,,702.0,0.0,705.0,1.0,2.0,普通类,1_51_0
140,清华大学,2020,吉林,1,本科一批A段,理科试验班类,,700.0,0.0,701.0,1.0,2.0,普通类,1_51_0
140,清华大学,2020,吉林,1,本科一批A段,临床医学类,,699.0,0.0,702.0,1.0,2.0,普通类,1_51_0
140,清华大学,2020,吉林,1,本科一批A段,建筑类,,698.0,0.0,701.0,1.0,2.0,普通类,1_51_0
140,清华大学,2020,吉林,1,本科一批A段,电子信息类,,697.0,0.0,702.0,1.0,8.0,普通类,1_51_0
140,清华大学,2020,吉林,1,本科一批A段,自动化类,,697.0,0.0,701.0,1.0,5.0,普通类,1_51_0
140,清华大学,2020,吉林,1,本科一批A段,工科试验班类,,696.0,0.0,700.0,1.0,3.0,普通类,1_51_0
140,清华大学,2020,吉林,1,本科一批A段,工科试验班类,,696.0,0.0,699.0,1.0,2.0,普通类,1_51_0
140,清华大学,2020,吉林,1,本科一批A段,理科试验班类,,696.0,0.0,699.0,1.0,2.0,普通类,1_51_0
140,清华大学,2020,吉林,1,本科一批A段,化学工程与工业生物工程,,693.0,0.0,693.0,1.0,1.0,普通类,1_51_0
140,清华大学,2020,黑龙江,2,本科一批A段,文科试验班类,,656.0,665.0,0.0,10.0,,普通类,2_51_0
140,清华大学,2020,黑龙江,1,本科提前批,土木、水利与海洋工程,,697.0,699.0,0.0,74.0,,普通类,1_6_0
140,清华大学,2020,黑龙江,1,本科提前批,核工程与核技术,,688.0,688.0,0.0,174.0,,普通类,1_6_0
140,清华大学,2020,黑龙江,1,本科提前批,测控技术与仪器,,688.0,688.0,0.0,174.0,,普通类,1_6_0
140,清华大学,2020,黑龙江,1,本科提前批,车辆工程,,681.0,681.0,0.0,291.0,,普通类,1_6_0
140,清华大学,2020,黑龙江,1,本科一批A段,理科试验班类,,711.0,711.0,0.0,1.0,,普通类,1_51_0
140,清华大学,2020,黑龙江,1,本科一批A段,计算机类,,709.0,717.0,0.0,14.0,,普通类,1_51_0
140,清华大学,2020,黑龙江,1,本科一批A段,电子信息类,,706.0,724.0,0.0,23.0,,普通类,1_51_0
140,清华大学,2020,黑龙江,1,本科一批A段,工科试验班类,,705.0,705.0,0.0,28.0,,普通类,1_51_0
140,清华大学,2020,黑龙江,1,本科一批A段,理科试验班类,,705.0,707.0,0.0,28.0,,普通类,1_51_0
140,清华大学,2020,黑龙江,1,本科一批A段,理科试验班类,,704.0,709.0,0.0,31.0,,普通类,1_51_0
140,清华大学,2020,黑龙江,1,本科一批A段,建筑类,,702.0,702.0,0.0,36.0,,普通类,1_51_0
140,清华大学,2020,黑龙江,1,本科一批A段,临床医学类,,701.0,704.0,0.0,46.0,,普通类,1_51_0
140,清华大学,2020,黑龙江,1,本科一批A段,自动化类,,701.0,705.0,0.0,46.0,,普通类,1_51_0
140,清华大学,2020,黑龙江,1,本科一批A段,工科试验班类,,701.0,704.0,0.0,46.0,,普通类,1_51_0
140,清华大学,2020,黑龙江,1,本科一批A段,工科试验班类,,701.0,702.0,0.0,46.0,,普通类,1_51_0
140,清华大学,2020,上海,3,零批次,理科试验班类,（01）,619.0,0.0,619.0,1.0,1.0,普通类,3_1527_12188
140,清华大学,2020,上海,3,零批次,计算机类,（01）,617.0,0.0,619.0,1.0,4.0,普通类,3_1527_12188
140,清华大学,2020,上海,3,零批次,工科试验班类,（01）,615.0,0.0,615.0,1.0,1.0,普通类,3_1527_12188
140,清华大学,2020,上海,3,零批次,电子信息类,（01）,612.0,0.0,614.0,1.0,6.0,普通类,3_1527_12188
140,清华大学,2020,上海,3,零批次,理科试验班类,（01）,610.0,0.0,614.0,62.0,3.0,普通类,3_1527_12188
140,清华大学,2020,上海,3,零批次,自动化类,（01）,610.0,0.0,612.0,62.0,3.0,普通类,3_1527_12188
140,清华大学,2020,上海,3,零批次,建筑类,（01）,610.0,0.0,611.0,62.0,2.0,普通类,3_1527_12188
140,清华大学,2020,上海,3,零批次,工科试验班类,（01）,610.0,0.0,610.0,62.0,2.0,普通类,3_1527_12188
140,清华大学,2020,上海,3,零批次,理科试验班类,（01）,608.0,0.0,610.0,88.0,3.0,普通类,3_1527_12188
140,清华大学,2020,上海,3,零批次,文科试验班类,（02）,624.0,0.0,624.0,1.0,1.0,普通类,3_1527_0
140,清华大学,2020,上海,3,零批次,理科试验班类,（01）,619.0,0.0,619.0,1.0,1.0,普通类,3_1527_0
140,清华大学,2020,上海,3,零批次,计算机类,（01）,617.0,0.0,619.0,1.0,4.0,普通类,3_1527_0
140,清华大学,2020,上海,3,零批次,工科试验班类,（01）,615.0,0.0,615.0,1.0,1.0,普通类,3_1527_0
140,清华大学,2020,上海,3,零批次,电子信息类,（01）,612.0,0.0,614.0,1.0,6.0,普通类,3_1527_0
140,清华大学,2020,上海,3,零批次,临床医学类,（03）,611.0,0.0,611.0,52.0,2.0,普通类,3_1527_0
140,清华大学,2020,上海,3,零批次,理科试验班类,（01）,610.0,0.0,614.0,62.0,3.0,普通类,3_1527_0
140,清华大学,2020,上海,3,零批次,自动化类,（01）,610.0,0.0,612.0,62.0,3.0,普通类,3_1527_0
140,清华大学,2020,上海,3,零批次,建筑类,（01）,610.0,0.0,611.0,62.0,2.0,普通类,3_1527_0
140,清华大学,2020,上海,3,零批次,工科试验班类,（01）,610.0,0.0,610.0,62.0,2.0,普通类,3_1527_0
140,清华大学,2020,上海,3,零批次,文科试验班类,（02）,609.0,0.0,617.0,75.0,2.0,普通类,3_1527_0
140,清华大学,2020,上海,3,零批次,理科试验班类,（01）,608.0,0.0,610.0,88.0,3.0,普通类,3_1527_0
140,清华大学,2020,上海,3,零批次,文科试验班类,（02）,624.0,0.0,624.0,1.0,1.0,普通类,3_1527_12189
140,清华大学,2020,上海,3,零批次,文科试验班类,（02）,609.0,0.0,617.0,75.0,2.0,普通类,3_1527_12189
140,清华大学,2020,上海,3,零批次,临床医学类,（03）,611.0,0.0,611.0,52.0,2.0,普通类,3_1527_12190
140,清华大学,2020,江苏,2,本科一批,文科试验班类,,429.0,0.0,0.0,16.0,1.0,普通类,2_7_0
140,清华大学,2020,江苏,2,本科一批,法学,,423.0,0.0,0.0,16.0,1.0,普通类,2_7_0
140,清华大学,2020,江苏,1,本科一批,计算机类,,426.0,0.0,0.0,48.0,3.0,普通类,1_7_0
140,清华大学,2020,江苏,1,本科一批,建筑类,,425.0,0.0,0.0,70.0,4.0,普通类,1_7_0
140,清华大学,2020,江苏,1,本科一批,电子信息类,,425.0,0.0,0.0,70.0,5.0,普通类,1_7_0
140,清华大学,2020,江苏,1,本科一批,临床医学类,,425.0,0.0,0.0,70.0,3.0,普通类,1_7_0
140,清华大学,2020,江苏,1,本科一批,自动化类,,425.0,0.0,0.0,70.0,3.0,普通类,1_7_0
140,清华大学,2020,浙江,3,平行录取一段,文科试验班类,,721.0,0.0,0.0,1.0,1.0,普通类,3_16_0
140,清华大学,2020,浙江,3,平行录取一段,临床医学类,,704.0,0.0,0.0,30.0,1.0,普通类,3_16_0
140,清华大学,2020,浙江,3,平行录取一段,理科试验班类,,700.0,0.0,0.0,78.0,26.0,普通类,3_16_0
140,清华大学,2020,浙江,3,平行录取一段,环境工程,,700.0,0.0,0.0,80.0,1.0,普通类,3_16_0
140,清华大学,2020,安徽,2,本科一批,文科试验班类,,654.0,0.0,0.0,1.0,,普通类,2_7_0
140,清华大学,2020,安徽,2,本科一批,文科试验班类,,654.0,0.0,0.0,1.0,,普通类,2_7_0
140,清华大学,2020,安徽,1,本科一批,理科试验班类,,717.0,0.0,0.0,1.0,,普通类,1_7_0
140,清华大学,2020,安徽,1,本科一批,理科试验班类,,705.0,0.0,0.0,1.0,,普通类,1_7_0
140,清华大学,2020,安徽,1,本科一批,理科试验班类,,702.0,0.0,0.0,1.0,,普通类,1_7_0
140,清华大学,2020,安徽,1,本科一批,电子信息类,,701.0,0.0,0.0,1.0,,普通类,1_7_0
140,清华大学,2020,安徽,1,本科一批,理科试验班类,,700.0,0.0,0.0,36.0,,普通类,1_7_0
140,清华大学,2020,安徽,1,本科一批,理科试验班类,,700.0,0.0,0.0,36.0,,普通类,1_7_0
140,清华大学,2020,安徽,1,本科一批,法学,,699.0,0.0,0.0,45.0,,普通类,1_7_0
140,清华大学,2020,安徽,1,本科一批,临床医学类,,699.0,0.0,0.0,45.0,,普通类,1_7_0
140,清华大学,2020,安徽,1,本科一批,建筑类,,698.0,0.0,0.0,56.0,,普通类,1_7_0
140,清华大学,2020,安徽,1,本科一批,计算机类,,698.0,0.0,0.0,56.0,,普通类,1_7_0
140,清华大学,2020,安徽,1,本科一批,工科试验班类,,697.0,0.0,0.0,67.0,,普通类,1_7_0
140,清华大学,2020,安徽,1,本科一批,临床医学类,,697.0,0.0,0.0,67.0,,普通类,1_7_0
140,清华大学,2020,安徽,1,本科一批,工科试验班类,,696.0,0.0,0.0,78.0,,普通类,1_7_0
140,清华大学,2020,安徽,1,本科一批,工科试验班类,,696.0,0.0,0.0,78.0,,普通类,1_7_0
140,清华大学,2020,安徽,1,本科一批,自动化类,,696.0,0.0,0.0,78.0,,普通类,1_7_0
140,清华大学,2020,福建,2,本科批,文科试验班类,,657.0,665.0,660.0,1.0,3.0,普通类,2_14_0
140,清华大学,2020,福建,1,本科批,理科试验班类,,699.0,700.0,700.0,45.0,2.0,普通类,1_14_0
140,清华大学,2020,福建,1,本科批,临床医学类,,696.0,696.0,696.0,45.0,1.0,普通类,1_14_0
140,清华大学,2020,福建,1,本科批,自动化类,,695.0,700.0,697.0,45.0,3.0,普通类,1_14_0
140,清华大学,2020,福建,1,本科批,计算机类,,694.0,711.0,701.0,45.0,5.0,普通类,1_14_0
140,清华大学,2020,福建,1,本科批,理科试验班类,,693.0,693.0,693.0,45.0,1.0,普通类,1_14_0
140,清华大学,2020,福建,1,本科批,电子信息类,,692.0,703.0,696.0,45.0,7.0,普通类,1_14_0
140,清华大学,2020,福建,1,本科批,理科试验班类,,691.0,702.0,697.0,61.0,2.0,普通类,1_14_0
140,清华大学,2020,福建,1,本科批,工科试验班类,,691.0,692.0,691.0,61.0,3.0,普通类,1_14_0
140,清华大学,2020,福建,1,本科批,理科试验班类,,690.0,694.0,692.0,71.0,3.0,普通类,1_14_0
140,清华大学,2020,福建,1,本科批,建筑类,,690.0,692.0,691.0,71.0,2.0,普通类,1_14_0
140,清华大学,2020,福建,1,本科批,工科试验班类,,690.0,692.0,691.0,71.0,12.0,普通类,1_14_0
140,清华大学,2020,福建,1,本科批,工科试验班类,,690.0,692.0,691.0,71.0,12.0,普通类,1_14_0
140,清华大学,2020,福建,1,本科批,工科试验班类,,690.0,690.0,690.0,71.0,2.0,普通类,1_14_0
140,清华大学,2020,江西,2,本科一批,文科试验班类,,651.0,0.0,0.0,10.0,4.0,普通类,2_7_0
140,清华大学,2020,江西,2,本科一批,文科试验班类,,649.0,0.0,0.0,13.0,2.0,普通类,2_7_0
140,清华大学,2020,江西,1,本科一批,理科试验班类,,691.0,0.0,0.0,22.0,3.0,普通类,1_7_0
140,清华大学,2020,江西,1,本科一批,计算机类,,691.0,0.0,0.0,22.0,8.0,普通类,1_7_0
140,清华大学,2020,江西,1,本科一批,理科试验班类,,689.0,0.0,0.0,34.0,1.0,普通类,1_7_0
140,清华大学,2020,江西,1,本科一批,电子信息类,,688.0,0.0,0.0,37.0,9.0,普通类,1_7_0
140,清华大学,2020,江西,1,本科一批,临床医学类,,687.0,0.0,0.0,40.0,2.0,普通类,1_7_0
140,清华大学,2020,江西,1,本科一批,建筑类,,686.0,0.0,0.0,48.0,1.0,普通类,1_7_0
140,清华大学,2020,江西,1,本科一批,自动化类,,686.0,0.0,0.0,48.0,2.0,普通类,1_7_0
140,清华大学,2020,江西,1,本科一批,理科试验班类,,686.0,0.0,0.0,48.0,2.0,普通类,1_7_0
140,清华大学,2020,江西,1,本科一批,工科试验班类,,686.0,0.0,0.0,48.0,1.0,普通类,1_7_0
140,清华大学,2020,山东,3,普通类一段,文科试验班类,,706.0,0.0,0.0,5.0,1.0,普通类,3_1570_0
140,清华大学,2020,山东,3,普通类一段,临床医学类,,695.0,0.0,0.0,59.0,3.0,普通类,3_1570_0
140,清华大学,2020,山东,3,普通类一段,理科试验班类,,689.0,0.0,0.0,174.0,73.0,普通类,3_1570_0
140,清华大学,2020,山东,3,普通类一段,测控技术与仪器,,682.0,0.0,0.0,361.0,1.0,普通类,3_1570_0
140,清华大学,2020,山东,3,普通类一段,核工程与核技术,,681.0,0.0,0.0,405.0,5.0,普通类,3_1570_0
140,清华大学,2020,河南,2,本科一批,文科试验班类,,672.0,0.0,0.0,10.0,2.0,普通类,2_7_0
140,清华大学,2020,河南,2,本科一批,文科试验班类,,669.0,0.0,0.0,17.0,2.0,普通类,2_7_0
140,清华大学,2020,河南,1,本科一批,理科试验班类,,709.0,0.0,0.0,37.0,2.0,普通类,1_7_0
140,清华大学,2020,河南,1,本科一批,临床医学类,,709.0,0.0,0.0,37.0,1.0,普通类,1_7_0
140,清华大学,2020,河南,1,本科一批,理科试验班类,,707.0,0.0,0.0,54.0,2.0,普通类,1_7_0
140,清华大学,2020,河南,1,本科一批,计算机类,,706.0,0.0,0.0,65.0,12.0,普通类,1_7_0
140,清华大学,2020,河南,1,本科一批,临床医学类,,706.0,0.0,0.0,65.0,5.0,普通类,1_7_0
140,清华大学,2020,河南,1,本科一批,工科试验班类,,705.0,0.0,0.0,79.0,4.0,普通类,1_7_0
140,清华大学,2020,河南,1,本科一批,工科试验班类,,705.0,0.0,0.0,79.0,1.0,普通类,1_7_0
140,清华大学,2020,河南,1,本科一批,理科试验班类,,705.0,0.0,0.0,79.0,4.0,普通类,1_7_0
140,清华大学,2020,河南,1,本科一批,自动化类,,705.0,0.0,0.0,79.0,8.0,普通类,1_7_0
140,清华大学,2020,河南,1,本科一批,工科试验班类,,704.0,0.0,0.0,87.0,6.0,普通类,1_7_0
140,清华大学,2020,河南,1,本科一批,电子信息类,,704.0,0.0,0.0,87.0,15.0,普通类,1_7_0
140,清华大学,2020,河南,1,本科一批,建筑类,,704.0,0.0,0.0,87.0,1.0,普通类,1_7_0
140,清华大学,2020,湖北,2,本科一批,文科试验班类,,650.0,0.0,653.0,1.0,4.0,普通类,2_7_0
140,清华大学,2020,湖北,1,本科一批,理科试验班类,,700.0,0.0,700.0,1.0,1.0,普通类,1_7_0
140,清华大学,2020,湖北,1,本科一批,计算机类,,699.0,0.0,701.0,1.0,6.0,普通类,1_7_0
140,清华大学,2020,湖北,1,本科一批,理科试验班类,,699.0,0.0,701.0,1.0,2.0,普通类,1_7_0
140,清华大学,2020,湖北,1,本科一批,电子信息类,,693.0,0.0,695.0,1.0,6.0,普通类,1_7_0
140,清华大学,2020,湖北,1,本科一批,临床医学类,,693.0,0.0,693.0,1.0,1.0,普通类,1_7_0
140,清华大学,2020,湖北,1,本科一批,自动化类,,690.0,0.0,692.0,67.0,5.0,普通类,1_7_0
140,清华大学,2020,湖北,1,本科一批,建筑类,,688.0,0.0,692.0,81.0,4.0,普通类,1_7_0
140,清华大学,2020,湖北,1,本科一批,临床医学类,,688.0,0.0,692.0,81.0,6.0,普通类,1_7_0
140,清华大学,2020,湖北,1,本科一批,理科试验班类,,687.0,0.0,693.0,98.0,5.0,普通类,1_7_0
140,清华大学,2020,湖北,1,本科一批,工科试验班类,,687.0,0.0,691.0,98.0,8.0,普通类,1_7_0
140,清华大学,2020,湖北,1,本科一批,工科试验班类,,687.0,0.0,689.0,98.0,6.0,普通类,1_7_0
140,清华大学,2020,湖北,1,本科一批,理科试验班类,,687.0,0.0,688.0,98.0,2.0,普通类,1_7_0
140,清华大学,2020,湖北,1,本科一批,土木、水利与海洋工程,,685.0,0.0,685.0,124.0,5.0,普通类,1_7_0
140,清华大学,2020,湖北,1,本科一批,核工程与核技术,,676.0,0.0,680.0,348.0,3.0,普通类,1_7_0
140,清华大学,2020,湖南,1,本科一批,临床医学类,,694.0,0.0,0.0,,,普通类,1_7_0
140,清华大学,2020,湖南,1,本科一批,临床医学类,,693.0,0.0,0.0,,,普通类,1_7_0
140,清华大学,2020,湖南,1,本科一批,理科试验班类,,692.0,0.0,0.0,,,普通类,1_7_0
140,清华大学,2020,湖南,1,本科一批,理科试验班类,,692.0,0.0,0.0,,,普通类,1_7_0
140,清华大学,2020,湖南,1,本科一批,理科试验班类,,692.0,0.0,0.0,,,普通类,1_7_0
140,清华大学,2020,湖南,1,本科一批,理科试验班类,,691.0,0.0,0.0,,,普通类,1_7_0
140,清华大学,2020,湖南,1,本科一批,理科试验班类,,691.0,0.0,0.0,,,普通类,1_7_0
140,清华大学,2020,湖南,1,本科一批,建筑类,,688.0,0.0,0.0,,,普通类,1_7_0
140,清华大学,2020,湖南,1,本科一批,电子信息类,,688.0,0.0,0.0,,,普通类,1_7_0
140,清华大学,2020,湖南,1,本科一批,计算机类,,687.0,0.0,0.0,,,普通类,1_7_0
140,清华大学,2020,湖南,1,本科一批,自动化类,,685.0,0.0,0.0,,,普通类,1_7_0
140,清华大学,2020,湖南,1,本科一批,工科试验班类,,685.0,0.0,0.0,,,普通类,1_7_0
140,清华大学,2020,湖南,1,本科一批,工科试验班类,,685.0,0.0,0.0,,,普通类,1_7_0
140,清华大学,2020,湖南,1,本科一批,工科试验班类,,685.0,0.0,0.0,,,普通类,1_7_0
140,清华大学,2020,湖南,1,本科一批,法学,,685.0,0.0,0.0,,,普通类,1_7_0
140,清华大学,2020,湖南,2,本科一批,文科试验班类,,675.0,0.0,0.0,,,普通类,2_7_0
140,清华大学,2020,湖南,2,本科一批,文科试验班类,,675.0,0.0,0.0,,,普通类,2_7_0
140,清华大学,2020,湖南,2,本科一批,法学,,674.0,0.0,0.0,,,普通类,2_7_0
140,清华大学,2020,广东,2,本科批,文科试验班类,,655.0,0.0,655.0,4.0,1.0,普通类,2_14_0
140,清华大学,2020,广东,2,本科批,法学,,650.0,0.0,658.0,8.0,2.0,普通类,2_14_0
140,清华大学,2020,广东,2,本科批,文科试验班类,,650.0,0.0,653.0,10.0,2.0,普通类,2_14_0
140,清华大学,2020,广东,1,本科批,工科试验班类,,706.0,0.0,706.0,13.0,1.0,普通类,1_14_0
140,清华大学,2020,广东,1,本科批,自动化类,,700.0,0.0,700.0,33.0,3.0,普通类,1_14_0
140,清华大学,2020,广东,1,本科批,理科试验班类,,699.0,0.0,702.0,35.0,5.0,普通类,1_14_0
140,清华大学,2020,广东,1,本科批,理科试验班类,,698.0,0.0,705.0,45.0,3.0,普通类,1_14_0
140,清华大学,2020,广东,1,本科批,计算机类,,696.0,0.0,705.0,60.0,9.0,普通类,1_14_0
140,清华大学,2020,广东,1,本科批,理科试验班类,,696.0,0.0,698.0,61.0,4.0,普通类,1_14_0
140,清华大学,2020,广东,1,本科批,工科试验班类,,695.0,0.0,700.0,65.0,5.0,普通类,1_14_0
140,清华大学,2020,广东,1,本科批,工科试验班类,,695.0,0.0,698.0,70.0,4.0,普通类,1_14_0
140,清华大学,2020,广东,1,本科批,理科试验班类,,694.0,0.0,699.0,81.0,6.0,普通类,1_14_0
140,清华大学,2020,广东,1,本科批,临床医学类,,694.0,0.0,698.0,77.0,2.0,普通类,1_14_0
140,清华大学,2020,广东,1,本科批,电子信息类,,694.0,0.0,697.0,80.0,17.0,普通类,1_14_0
140,清华大学,2020,广东,1,本科提前批,土木、水利与海洋工程,,691.0,0.0,692.0,131.0,6.0,普通类,1_6_0
140,清华大学,2020,广东,1,本科提前批,核工程与核技术,,686.0,0.0,688.0,242.0,4.0,普通类,1_6_0
140,清华大学,2020,广西,2,本科一批,文科试验班类,,663.0,0.0,0.0,1.0,3.0,普通类,2_7_0
140,清华大学,2020,广西,2,本科一批,法学,,659.0,0.0,0.0,1.0,1.0,普通类,2_7_0
140,清华大学,2020,广西,1,本科一批,计算机类,,703.0,0.0,0.0,12.0,5.0,普通类,1_7_0
140,清华大学,2020,广西,1,本科一批,临床医学类,,698.0,0.0,0.0,26.0,2.0,普通类,1_7_0
140,清华大学,2020,广西,1,本科一批,理科试验班类,,698.0,0.0,0.0,26.0,6.0,普通类,1_7_0
140,清华大学,2020,广西,1,本科一批,工科试验班类,,695.0,0.0,0.0,38.0,4.0,普通类,1_7_0
140,清华大学,2020,广西,1,本科一批,电子信息类,,695.0,0.0,0.0,38.0,4.0,普通类,1_7_0
140,清华大学,2020,广西,1,本科一批,自动化类,,693.0,0.0,0.0,43.0,4.0,普通类,1_7_0
140,清华大学,2020,广西,1,本科一批,理科试验班类,,692.0,0.0,0.0,46.0,1.0,普通类,1_7_0
140,清华大学,2020,广西,1,本科一批,建筑类,,691.0,0.0,0.0,53.0,2.0,普通类,1_7_0
140,清华大学,2020,广西,1,本科一批,工科试验班类,,691.0,0.0,0.0,53.0,6.0,普通类,1_7_0
140,清华大学,2020,广西,1,本科一批,工科试验班类,,691.0,0.0,0.0,53.0,3.0,普通类,1_7_0
140,清华大学,2020,海南,3,本科批,文科试验班类,（B）,900.0,0.0,0.0,2.0,1.0,普通类,3_14_1566
140,清华大学,2020,海南,3,本科批,文科试验班类,（B）,900.0,0.0,0.0,2.0,1.0,普通类,3_14_0
140,清华大学,2020,海南,3,本科批,理科试验班类,（C）,898.0,0.0,0.0,3.0,1.0,普通类,3_14_0
140,清华大学,2020,海南,3,本科批,自动化类,（C）,853.0,0.0,0.0,13.0,1.0,普通类,3_14_0
140,清华大学,2020,海南,3,本科批,计算机类,（C）,847.0,0.0,0.0,16.0,3.0,普通类,3_14_0
140,清华大学,2020,海南,3,本科批,理科试验班类,（C）,844.0,0.0,0.0,18.0,1.0,普通类,3_14_0
140,清华大学,2020,海南,3,本科批,工科试验班类,（C）,841.0,0.0,0.0,20.0,2.0,普通类,3_14_0
140,清华大学,2020,海南,3,本科批,工科试验班类,（C）,840.0,0.0,0.0,21.0,1.0,普通类,3_14_0
140,清华大学,2020,海南,3,本科批,建筑类,（C）,836.0,0.0,0.0,25.0,1.0,普通类,3_14_0
140,清华大学,2020,海南,3,本科批,电子信息类,（C）,831.0,0.0,0.0,29.0,2.0,普通类,3_14_0
140,清华大学,2020,海南,3,本科批,核工程与核技术,（F）,826.0,0.0,0.0,34.0,1.0,普通类,3_14_0
140,清华大学,2020,海南,3,本科批,理科试验班类,（C）,898.0,0.0,0.0,3.0,1.0,普通类,3_14_1567
140,清华大学,2020,海南,3,本科批,自动化类,（C）,853.0,0.0,0.0,13.0,1.0,普通类,3_14_1567
140,清华大学,2020,海南,3,本科批,计算机类,（C）,847.0,0.0,0.0,16.0,3.0,普通类,3_14_1567
140,清华大学,2020,海南,3,本科批,理科试验班类,（C）,844.0,0.0,0.0,18.0,1.0,普通类,3_14_1567
140,清华大学,2020,海南,3,本科批,工科试验班类,（C）,841.0,0.0,0.0,20.0,2.0,普通类,3_14_1567
140,清华大学,2020,海南,3,本科批,工科试验班类,（C）,840.0,0.0,0.0,21.0,1.0,普通类,3_14_1567
140,清华大学,2020,海南,3,本科批,建筑类,（C）,836.0,0.0,0.0,25.0,1.0,普通类,3_14_1567
140,清华大学,2020,海南,3,本科批,电子信息类,（C）,831.0,0.0,0.0,29.0,2.0,普通类,3_14_1567
140,清华大学,2020,海南,3,本科批,核工程与核技术,（F）,826.0,0.0,0.0,34.0,1.0,普通类,3_14_1568
140,清华大学,2020,重庆,2,本科一批,文科试验班类,,664.0,0.0,668.0,20.0,2.0,普通类,2_7_0
140,清华大学,2020,重庆,1,本科提前批,核工程与核技术,,695.0,0.0,695.0,96.0,1.0,普通类,1_6_0
140,清华大学,2020,重庆,1,本科一批,工科试验班类,,717.0,0.0,717.0,3.0,1.0,普通类,1_7_0
140,清华大学,2020,重庆,1,本科一批,临床医学类,,714.0,0.0,714.0,8.0,1.0,普通类,1_7_0
140,清华大学,2020,重庆,1,本科一批,自动化类,,714.0,0.0,714.0,8.0,1.0,普通类,1_7_0
140,清华大学,2020,重庆,1,本科一批,理科试验班类,,712.0,0.0,712.0,9.0,1.0,普通类,1_7_0
140,清华大学,2020,重庆,1,本科一批,计算机类,,709.0,0.0,713.0,14.0,3.0,普通类,1_7_0
140,清华大学,2020,重庆,1,本科一批,理科试验班类,,708.0,0.0,709.0,17.0,2.0,普通类,1_7_0
140,清华大学,2020,重庆,1,本科一批,建筑类,,706.0,0.0,715.0,24.0,2.0,普通类,1_7_0
140,清华大学,2020,重庆,1,本科一批,临床医学类,,703.0,0.0,710.0,36.0,2.0,普通类,1_7_0
140,清华大学,2020,重庆,1,本科一批,电子信息类,,703.0,0.0,706.0,36.0,8.0,普通类,1_7_0
140,清华大学,2020,重庆,1,本科一批,理科试验班类,,703.0,0.0,703.0,36.0,1.0,普通类,1_7_0
140,清华大学,2020,四川,2,本科一批,文科试验班类,,656.0,656.0,656.0,1.0,1.0,普通类,2_7_0
140,清华大学,2020,四川,2,本科一批,文科试验班类,,654.0,664.0,659.0,1.0,3.0,普通类,2_7_0
140,清华大学,2020,四川,1,本科一批,理科试验班类,,707.0,707.0,707.0,1.0,1.0,普通类,1_7_0
140,清华大学,2020,四川,1,本科一批,计算机类,,702.0,709.0,705.0,1.0,4.0,普通类,1_7_0
140,清华大学,2020,四川,1,本科一批,理科试验班类,,702.0,703.0,703.0,1.0,2.0,普通类,1_7_0
140,清华大学,2020,四川,1,本科一批,理科试验班类,,699.0,704.0,701.0,1.0,6.0,普通类,1_7_0
140,清华大学,2020,四川,1,本科一批,自动化类,,699.0,704.0,700.0,1.0,6.0,普通类,1_7_0
140,清华大学,2020,四川,1,本科一批,法学,,698.0,698.0,698.0,1.0,1.0,普通类,1_7_0
140,清华大学,2020,四川,1,本科一批,临床医学类,,698.0,698.0,698.0,1.0,1.0,普通类,1_7_0
140,清华大学,2020,四川,1,本科一批,电子信息类,,697.0,715.0,702.0,53.0,8.0,普通类,1_7_0
140,清华大学,2020,四川,1,本科一批,建筑类,,696.0,696.0,696.0,61.0,2.0,普通类,1_7_0
140,清华大学,2020,四川,1,本科一批,临床医学类,,695.0,698.0,697.0,71.0,4.0,普通类,1_7_0
140,清华大学,2020,四川,1,本科一批,工科试验班类,,695.0,697.0,696.0,71.0,6.0,普通类,1_7_0
140,清华大学,2020,四川,1,本科一批,理科试验班类,,695.0,697.0,696.0,71.0,3.0,普通类,1_7_0
140,清华大学,2020,四川,1,本科一批,工科试验班类,,694.0,699.0,697.0,85.0,5.0,普通类,1_7_0
140,清华大学,2020,贵州,2,本科一批,文科试验班类,,687.0,694.0,0.0,6.0,,普通类,2_7_0
140,清华大学,2020,贵州,2,本科一批,文科试验班类,,682.0,682.0,0.0,10.0,,普通类,2_7_0
140,清华大学,2020,贵州,1,本科一批,计算机类,,708.0,710.0,0.0,3.0,2.0,普通类,1_7_0
140,清华大学,2020,贵州,1,本科一批,理科试验班类,,707.0,707.0,0.0,5.0,,普通类,1_7_0
140,清华大学,2020,贵州,1,本科一批,临床医学类,,703.0,703.0,0.0,13.0,,普通类,1_7_0
140,清华大学,2020,贵州,1,本科一批,理科试验班类,,701.0,705.0,0.0,18.0,,普通类,1_7_0
140,清华大学,2020,贵州,1,本科一批,临床医学类,,698.0,708.0,0.0,21.0,,普通类,1_7_0
140,清华大学,2020,贵州,1,本科一批,电子信息类,,697.0,703.0,0.0,28.0,5.0,普通类,1_7_0
140,清华大学,2020,贵州,1,本科一批,自动化类,,697.0,703.0,0.0,29.0,3.0,普通类,1_7_0
140,清华大学,2020,贵州,1,本科一批,工科试验班类,,695.0,702.0,0.0,43.0,,普通类,1_7_0
140,清华大学,2020,贵州,1,本科一批,理科试验班类,,695.0,695.0,0.0,36.0,,普通类,1_7_0
140,清华大学,2020,贵州,1,本科一批,工科试验班类,,695.0,695.0,0.0,37.0,,普通类,1_7_0
140,清华大学,2020,贵州,1,本科一批,核工程与核技术,,684.0,688.0,0.0,112.0,3.0,普通类,1_7_0
140,清华大学,2020,云南,1,本科一批,电子信息类,,720.0,0.0,0.0,1.0,,普通类,1_7_0
140,清华大学,2020,云南,1,本科一批,理科试验班类,,720.0,0.0,0.0,1.0,,普通类,1_7_0
140,清华大学,2020,云南,1,本科一批,理科试验班类,,720.0,0.0,0.0,1.0,,普通类,1_7_0
140,清华大学,2020,云南,1,本科一批,理科试验班类,,720.0,0.0,0.0,1.0,,普通类,1_7_0
140,清华大学,2020,云南,1,本科一批,理科试验班类,,719.0,0.0,0.0,1.0,,普通类,1_7_0
140,清华大学,2020,云南,1,本科一批,理科试验班类,,719.0,0.0,0.0,1.0,,普通类,1_7_0
140,清华大学,2020,云南,1,本科一批,临床医学类,,716.0,0.0,0.0,1.0,,普通类,1_7_0
140,清华大学,2020,云南,1,本科一批,建筑类,,716.0,0.0,0.0,1.0,,普通类,1_7_0
140,清华大学,2020,云南,1,本科一批,工科试验班类,,716.0,0.0,0.0,1.0,,普通类,1_7_0
140,清华大学,2020,云南,1,本科一批,计算机类,,716.0,0.0,0.0,1.0,,普通类,1_7_0
140,清华大学,2020,云南,1,本科一批,临床医学类,,716.0,0.0,0.0,1.0,,普通类,1_7_0
140,清华大学,2020,云南,1,本科一批,法学,,715.0,0.0,0.0,1.0,,普通类,1_7_0
140,清华大学,2020,云南,1,本科一批,工科试验班类,,715.0,0.0,0.0,1.0,,普通类,1_7_0
140,清华大学,2020,云南,1,本科一批,工科试验班类,,715.0,0.0,0.0,1.0,,普通类,1_7_0
140,清华大学,2020,云南,1,本科一批,自动化类,,715.0,0.0,0.0,1.0,,普通类,1_7_0
140,清华大学,2020,云南,2,本科一批,文科试验班类,,693.0,0.0,0.0,4.0,,普通类,2_7_0
140,清华大学,2020,云南,2,本科一批,文科试验班类,,693.0,0.0,0.0,4.0,,普通类,2_7_0
140,清华大学,2020,陕西,2,本科一批,文科试验班类,,682.0,0.0,0.0,21.0,2.0,普通类,2_7_0
140,清华大学,2020,陕西,1,本科一批,临床医学类,,709.0,0.0,0.0,13.0,1.0,普通类,1_7_0
140,清华大学,2020,陕西,1,本科一批,计算机类,,707.0,0.0,0.0,27.0,5.0,普通类,1_7_0
140,清华大学,2020,陕西,1,本科一批,理科试验班类,,707.0,0.0,0.0,27.0,2.0,普通类,1_7_0
140,清华大学,2020,陕西,1,本科一批,理科试验班类,,707.0,0.0,0.0,27.0,1.0,普通类,1_7_0
140,清华大学,2020,陕西,1,本科一批,自动化类,,704.0,0.0,0.0,40.0,4.0,普通类,1_7_0
140,清华大学,2020,陕西,1,本科一批,理科试验班类,,702.0,0.0,0.0,49.0,4.0,普通类,1_7_0
140,清华大学,2020,陕西,1,本科一批,临床医学类,,702.0,0.0,0.0,49.0,1.0,普通类,1_7_0
140,清华大学,2020,陕西,1,本科一批,电子信息类,,701.0,0.0,0.0,54.0,7.0,普通类,1_7_0
140,清华大学,2020,陕西,1,本科一批,工科试验班类,,700.0,0.0,0.0,62.0,6.0,普通类,1_7_0
140,清华大学,2020,陕西,1,本科一批,建筑类,,700.0,0.0,0.0,62.0,1.0,普通类,1_7_0
140,清华大学,2020,陕西,1,本科一批,工科试验班类,,700.0,0.0,0.0,62.0,5.0,普通类,1_7_0
140,清华大学,2020,甘肃,2,本科一批,文科试验班类,,675.0,0.0,0.0,1.0,,普通类,2_7_0
140,清华大学,2020,甘肃,2,本科一批,文科试验班类,,674.0,0.0,0.0,1.0,,普通类,2_7_0
140,清华大学,2020,青海,2,本科一批,文科试验班类,,637.0,0.0,0.0,1.0,,普通类,2_7_0
140,清华大学,2020,青海,2,本科一批,文科试验班类,,637.0,0.0,0.0,1.0,,普通类,2_7_0
140,清华大学,2020,青海,1,本科一批,电子信息类,,657.0,0.0,0.0,15.0,,普通类,1_7_0
140,清华大学,2020,青海,1,本科一批,工科试验班类,,648.0,0.0,0.0,20.0,,普通类,1_7_0
140,清华大学,2020,青海,1,本科一批,理科试验班类,,648.0,0.0,0.0,20.0,,普通类,1_7_0
140,清华大学,2020,青海,1,本科一批,工科试验班类,,646.0,0.0,0.0,21.0,,普通类,1_7_0
140,清华大学,2020,青海,1,本科一批,理科试验班类,,645.0,0.0,0.0,22.0,,普通类,1_7_0
140,清华大学,2020,青海,1,本科一批,工科试验班类,,644.0,0.0,0.0,24.0,,普通类,1_7_0
140,清华大学,2020,青海,1,本科一批,理科试验班类,,644.0,0.0,0.0,24.0,,普通类,1_7_0
140,清华大学,2020,青海,1,本科一批,理科试验班类,,644.0,0.0,0.0,24.0,,普通类,1_7_0
140,清华大学,2020,青海,1,本科一批,自动化类,,644.0,0.0,0.0,24.0,,普通类,1_7_0
140,清华大学,2020,宁夏,2,本科一批,文科试验班类,,666.0,0.0,0.0,1.0,,普通类,2_7_0
140,清华大学,2020,宁夏,2,本科一批,法学,,666.0,0.0,0.0,1.0,,普通类,2_7_0
140,清华大学,2020,宁夏,1,本科一批,建筑类,,676.0,0.0,0.0,1.0,,普通类,1_7_0
140,清华大学,2020,宁夏,1,本科一批,临床医学类,,674.0,0.0,0.0,1.0,,普通类,1_7_0
140,清华大学,2020,宁夏,1,本科一批,电子信息类,,673.0,0.0,0.0,1.0,,普通类,1_7_0
140,清华大学,2020,宁夏,1,本科一批,工科试验班类,,668.0,0.0,0.0,1.0,,普通类,1_7_0
140,清华大学,2020,宁夏,1,本科一批,工科试验班类,,668.0,0.0,0.0,1.0,,普通类,1_7_0
140,清华大学,2020,宁夏,1,本科一批,理科试验班类,,668.0,0.0,0.0,1.0,,普通类,1_7_0
140,清华大学,2020,宁夏,1,本科一批,理科试验班类,,668.0,0.0,0.0,1.0,,普通类,1_7_0
140,清华大学,2020,宁夏,1,本科一批,理科试验班类,,668.0,0.0,0.0,1.0,,普通类,1_7_0
140,清华大学,2020,宁夏,1,本科一批,工科试验班类,,668.0,0.0,0.0,1.0,,普通类,1_7_0
140,清华大学,2020,宁夏,1,本科一批,自动化类,,668.0,0.0,0.0,1.0,,普通类,1_7_0
140,清华大学,2020,宁夏,1,本科一批,机械工程,,650.0,0.0,0.0,1.0,,普通类,1_7_0
140,清华大学,2020,宁夏,1,本科一批,测控技术与仪器,,650.0,0.0,0.0,1.0,,普通类,1_7_0
140,清华大学,2020,新疆,2,本科一批,文科试验班类,,640.0,0.0,0.0,13.0,2.0,普通类,2_7_0
140,清华大学,2020,新疆,1,本科一批,计算机类,,697.0,0.0,0.0,7.0,2.0,普通类,1_7_0
140,清华大学,2020,新疆,1,本科一批,自动化类,,690.0,0.0,0.0,15.0,1.0,普通类,1_7_0
140,清华大学,2020,新疆,1,本科一批,电子信息类,,686.0,0.0,0.0,22.0,5.0,普通类,1_7_0
140,清华大学,2020,新疆,1,本科一批,法学,,679.0,0.0,0.0,43.0,1.0,普通类,1_7_0
140,清华大学,2020,新疆,1,本科一批,建筑类,,679.0,0.0,0.0,43.0,1.0,普通类,1_7_0
140,清华大学,2020,新疆,1,本科一批,理科试验班类,,678.0,0.0,0.0,46.0,9.0,普通类,1_7_0
140,清华大学,2020,新疆,1,本科一批,工科试验班类,,675.0,0.0,0.0,64.0,9.0,普通类,1_7_0
140,清华大学,2021,北京,3,本科批,临床医学类,（03）,687.0,0.0,0.0,210.0,,普通类,3_14_17302
140,清华大学,2021,北京,3,本科批,工科试验班,（03）,685.0,0.0,0.0,248.0,5.0,普通类,3_14_17302
140,清华大学,2021,北京,3,本科批,理科试验班,（03）,684.0,0.0,0.0,272.0,4.0,普通类,3_14_17302
140,清华大学,2021,北京,3,本科批,临床医学类,（03）,683.0,0.0,0.0,304.0,,普通类,3_14_17302
140,清华大学,2021,北京,3,本科批,法学类,（01）,689.0,0.0,0.0,171.0,1.0,普通类,3_14_0
140,清华大学,2021,北京,3,本科批,工科试验班类,（02）,688.0,0.0,0.0,187.0,,普通类,3_14_0
140,清华大学,2021,北京,3,本科批,理科试验班类,（02）,688.0,0.0,0.0,187.0,,普通类,3_14_0
140,清华大学,2021,北京,3,本科批,临床医学类,（03）,687.0,0.0,0.0,210.0,,普通类,3_14_0
140,清华大学,2021,北京,3,本科批,建筑类,（02）,687.0,0.0,0.0,210.0,13.0,普通类,3_14_0
140,清华大学,2021,北京,3,本科批,理科试验班类,（02）,687.0,0.0,0.0,210.0,,普通类,3_14_0
140,清华大学,2021,北京,3,本科批,社会科学试验班,（01）,687.0,0.0,0.0,210.0,1.0,普通类,3_14_0
140,清华大学,2021,北京,3,本科批,文科试验班类,（01）,686.0,0.0,0.0,233.0,,普通类,3_14_0
140,清华大学,2021,北京,3,本科批,电子信息类,（02）,685.0,0.0,0.0,248.0,33.0,普通类,3_14_0
140,清华大学,2021,北京,3,本科批,工科试验班,（03）,685.0,0.0,0.0,248.0,5.0,普通类,3_14_0
140,清华大学,2021,北京,3,本科批,文科试验班类,（01）,684.0,0.0,0.0,272.0,,普通类,3_14_0
140,清华大学,2021,北京,3,本科批,自动化类,（02）,684.0,0.0,0.0,272.0,9.0,普通类,3_14_0
140,清华大学,2021,北京,3,本科批,理科试验班,（03）,684.0,0.0,0.0,272.0,4.0,普通类,3_14_0
140,清华大学,2021,北京,3,本科批,理科试验班类,（02）,683.0,0.0,0.0,304.0,,普通类,3_14_0
140,清华大学,2021,北京,3,本科批,临床医学类,（03）,683.0,0.0,0.0,304.0,,普通类,3_14_0
140,清华大学,2021,北京,3,本科批,计算机类,（02）,681.0,0.0,0.0,350.0,54.0,普通类,3_14_0
140,清华大学,2021,北京,3,本科批,工科试验班类,（02）,688.0,0.0,0.0,187.0,,普通类,3_14_17301
140,清华大学,2021,北京,3,本科批,理科试验班类,（02）,688.0,0.0,0.0,187.0,,普通类,3_14_17301
140,清华大学,2021,北京,3,本科批,建筑类,（02）,687.0,0.0,0.0,210.0,13.0,普通类,3_14_17301
140,清华大学,2021,北京,3,本科批,理科试验班类,（02）,687.0,0.0,0.0,210.0,,普通类,3_14_17301
140,清华大学,2021,北京,3,本科批,电子信息类,（02）,685.0,0.0,0.0,248.0,33.0,普通类,3_14_17301
140,清华大学,2021,北京,3,本科批,自动化类,（02）,684.0,0.0,0.0,272.0,9.0,普通类,3_14_17301
140,清华大学,2021,北京,3,本科批,理科试验班类,（02）,683.0,0.0,0.0,304.0,,普通类,3_14_17301
140,清华大学,2021,北京,3,本科批,计算机类,（02）,681.0,0.0,0.0,350.0,54.0,普通类,3_14_17301
140,清华大学,2021,北京,3,本科批,法学类,（01）,689.0,0.0,0.0,171.0,1.0,普通类,3_14_17300
140,清华大学,2021,北京,3,本科批,社会科学试验班,（01）,687.0,0.0,0.0,210.0,1.0,普通类,3_14_17300
140,清华大学,2021,北京,3,本科批,文科试验班类,（01）,686.0,0.0,0.0,233.0,,普通类,3_14_17300
140,清华大学,2021,北京,3,本科批,文科试验班类,（01）,684.0,0.0,0.0,272.0,,普通类,3_14_17300
140,清华大学,2021,天津,3,本科批A段,临床医学类,（4）,729.0,0.0,0.0,1299.0,,普通类,3_46_13093
140,清华大学,2021,天津,3,本科批A段,临床医学类,（4）,714.0,0.0,0.0,1299.0,,普通类,3_46_13093
140,清华大学,2021,天津,3,本科批A段,临床医学类,（4）,729.0,0.0,0.0,1299.0,,普通类,3_46_0
140,清华大学,2021,天津,3,本科批A段,理科试验班类,（3）,725.0,0.0,0.0,1299.0,,普通类,3_46_0
140,清华大学,2021,天津,3,本科批A段,文科试验班类,（2）,721.0,0.0,0.0,1299.0,3.0,普通类,3_46_0
140,清华大学,2021,天津,3,本科批A段,计算机类,（3）,720.0,0.0,0.0,1299.0,6.0,普通类,3_46_0
140,清华大学,2021,天津,3,本科批A段,理科试验班类,（3）,716.0,0.0,0.0,1299.0,,普通类,3_46_0
140,清华大学,2021,天津,3,本科批A段,电子信息类,（3）,716.0,0.0,0.0,1299.0,9.0,普通类,3_46_0
140,清华大学,2021,天津,3,本科批A段,工科试验班类,（3）,715.0,0.0,0.0,1299.0,,普通类,3_46_0
140,清华大学,2021,天津,3,本科批A段,自动化类,（3）,714.0,0.0,0.0,1299.0,1.0,普通类,3_46_0
140,清华大学,2021,天津,3,本科批A段,理科试验班类,（3）,714.0,0.0,0.0,1299.0,,普通类,3_46_0
140,清华大学,2021,天津,3,本科批A段,建筑类,（3）,714.0,0.0,0.0,1299.0,6.0,普通类,3_46_0
140,清华大学,2021,天津,3,本科批A段,工科试验班类,（3）,714.0,0.0,0.0,1299.0,,普通类,3_46_0
140,清华大学,2021,天津,3,本科批A段,临床医学类,（4）,714.0,0.0,0.0,1299.0,,普通类,3_46_0
140,清华大学,2021,天津,3,本科批A段,理科试验班类,（3）,725.0,0.0,0.0,1299.0,,普通类,3_46_13092
140,清华大学,2021,天津,3,本科批A段,计算机类,（3）,720.0,0.0,0.0,1299.0,6.0,普通类,3_46_13092
140,清华大学,2021,天津,3,本科批A段,理科试验班类,（3）,716.0,0.0,0.0,1299.0,,普通类,3_46_13092
140,清华大学,2021,天津,3,本科批A段,电子信息类,（3）,716.0,0.0,0.0,1299.0,9.0,普通类,3_46_13092
140,清华大学,2021,天津,3,本科批A段,工科试验班类,（3）,715.0,0.0,0.0,1299.0,,普通类,3_46_13092
140,清华大学,2021,天津,3,本科批A段,自动化类,（3）,714.0,0.0,0.0,1299.0,1.0,普通类,3_46_13092
140,清华大学,2021,天津,3,本科批A段,理科试验班类,（3）,714.0,0.0,0.0,1299.0,,普通类,3_46_13092
140,清华大学,2021,天津,3,本科批A段,建筑类,（3）,714.0,0.0,0.0,1299.0,6.0,普通类,3_46_13092
140,清华大学,2021,天津,3,本科批A段,工科试验班类,（3）,714.0,0.0,0.0,1299.0,,普通类,3_46_13092
140,清华大学,2021,天津,3,本科批A段,文科试验班类,（2）,721.0,0.0,0.0,1299.0,3.0,普通类,3_46_13091
140,清华大学,2021,河北,2074,本科批,文科试验班类,,674.0,0.0,0.0,24.0,,普通类,2074_14_0
140,清华大学,2021,河北,2073,本科批,临床医学类,,687.0,0.0,0.0,54.0,,普通类,2073_14_0
140,清华大学,2021,河北,2073,本科批,理科试验班类,,686.0,0.0,0.0,60.0,,普通类,2073_14_0
140,清华大学,2021,山西,2,本科一批A段,社会科学试验班,,667.0,0.0,0.0,8.0,1.0,普通类,2_51_0
140,清华大学,2021,山西,2,本科一批A段,文科试验班类,,666.0,0.0,0.0,8.0,1.0,普通类,2_51_0
140,清华大学,2021,山西,1,本科一批A段,理科试验班类,,685.0,0.0,0.0,25.0,,普通类,1_51_0
140,清华大学,2021,山西,1,本科一批A段,理科试验班类,,685.0,0.0,0.0,25.0,,普通类,1_51_0
140,清华大学,2021,山西,1,本科一批A段,理科试验班,,683.0,0.0,0.0,36.0,1.0,普通类,1_51_0
140,清华大学,2021,山西,1,本科一批A段,电子信息类,,683.0,0.0,0.0,36.0,5.0,普通类,1_51_0
140,清华大学,2021,山西,1,本科一批A段,理科试验班类,,683.0,0.0,0.0,36.0,,普通类,1_51_0
140,清华大学,2021,山西,1,本科一批A段,临床医学类,,680.0,0.0,0.0,43.0,,普通类,1_51_0
140,清华大学,2021,山西,1,本科一批A段,建筑类,,677.0,0.0,0.0,55.0,4.0,普通类,1_51_0
140,清华大学,2021,山西,1,本科一批A段,计算机类,,674.0,0.0,0.0,73.0,2.0,普通类,1_51_0
140,清华大学,2021,山西,1,本科一批A段,工科试验班类,,673.0,0.0,0.0,80.0,,普通类,1_51_0
140,清华大学,2021,山西,1,本科一批A段,工科试验班,,673.0,0.0,0.0,80.0,6.0,普通类,1_51_0
140,清华大学,2021,山西,1,本科一批A段,土木类,,673.0,0.0,0.0,80.0,6.0,普通类,1_51_0
140,清华大学,2021,山西,1,本科一批A段,自动化类,,672.0,0.0,0.0,89.0,2.0,普通类,1_51_0
140,清华大学,2021,山西,1,本科一批A段,社会科学试验班,,672.0,0.0,0.0,89.0,1.0,普通类,1_51_0
140,清华大学,2021,山西,1,本科一批A段,工科试验班类,,672.0,0.0,0.0,89.0,,普通类,1_51_0
140,清华大学,2021,山西,1,本科一批A段,法学类,,672.0,0.0,0.0,89.0,1.0,普通类,1_51_0
140,清华大学,2021,山西,1,本科一批A段,临床医学类,,672.0,0.0,0.0,89.0,,普通类,1_51_0
140,清华大学,2021,内蒙古,1,本科提前批A段,核工程与核技术,,670.0,670.0,0.0,60.0,1.0,普通类,1_36_0
140,清华大学,2021,内蒙古,1,本科提前批A段,自动化,,664.0,664.0,0.0,94.0,1.0,普通类,1_36_0
140,清华大学,2021,内蒙古,1,本科提前批A段,材料科学与工程,,663.0,663.0,0.0,99.0,1.0,普通类,1_36_0
140,清华大学,2021,内蒙古,2,本科提前批B段,社会科学试验班,,622.0,622.0,0.0,143.0,1.0,普通类,2_37_0
140,清华大学,2021,内蒙古,1,本科提前批B段,工科试验班类,,671.0,671.0,0.0,53.0,1.0,普通类,1_37_0
140,清华大学,2021,内蒙古,1,本科提前批B段,建筑类,,670.0,670.0,0.0,60.0,1.0,普通类,1_37_0
140,清华大学,2021,内蒙古,1,本科提前批B段,工科试验班类,,659.0,662.0,0.0,118.0,2.0,普通类,1_37_0
140,清华大学,2021,内蒙古,1,本科提前批B段,工科试验班,,652.0,652.0,0.0,189.0,1.0,普通类,1_37_0
140,清华大学,2021,内蒙古,1,本科提前批B段,理科试验班,,650.0,650.0,0.0,208.0,1.0,普通类,1_37_0
140,清华大学,2021,内蒙古,1,本科提前批B段,土木类,,647.0,647.0,0.0,258.0,1.0,普通类,1_37_0
140,清华大学,2021,内蒙古,2,本科一批,文科试验班类,,656.0,664.0,0.0,,2.0,普通类,2_7_0
140,清华大学,2021,内蒙古,1,本科一批,工科试验班,,684.0,684.0,0.0,14.0,1.0,普通类,1_7_0
140,清华大学,2021,内蒙古,1,本科一批,计算机类,,680.0,702.0,0.0,21.0,9.0,普通类,1_7_0
140,清华大学,2021,内蒙古,1,本科一批,临床医学类,,679.0,679.0,0.0,25.0,2.0,普通类,1_7_0
140,清华大学,2021,内蒙古,1,本科一批,理科试验班类,,677.0,697.0,0.0,32.0,2.0,普通类,1_7_0
140,清华大学,2021,内蒙古,1,本科一批,理科试验班类,,677.0,677.0,0.0,32.0,1.0,普通类,1_7_0
140,清华大学,2021,内蒙古,1,本科一批,电子信息类,,675.0,688.0,0.0,39.0,10.0,普通类,1_7_0
140,清华大学,2021,内蒙古,1,本科一批,工科试验班类,,675.0,678.0,0.0,39.0,4.0,普通类,1_7_0
140,清华大学,2021,内蒙古,1,本科一批,理科试验班,,675.0,700.0,0.0,39.0,3.0,普通类,1_7_0
140,清华大学,2021,辽宁,2074,本科批,文科试验班类,,672.0,0.0,0.0,16.0,3.0,普通类,2074_14_0
140,清华大学,2021,辽宁,2073,本科批,临床医学类,,700.0,0.0,0.0,38.0,3.0,普通类,2073_14_0
140,清华大学,2021,辽宁,2073,本科批,理科试验班类,,694.0,0.0,0.0,76.0,40.0,普通类,2073_14_0
140,清华大学,2021,吉林,2,本科一批A段,文科试验班类,,654.0,662.0,658.0,102.0,2.0,普通类,2_51_0
140,清华大学,2021,吉林,2,本科一批A段,法学类,,653.0,658.0,656.0,102.0,2.0,普通类,2_51_0
140,清华大学,2021,吉林,1,本科一批A段,计算机类,,695.0,709.0,702.0,101.0,3.0,普通类,1_51_0
140,清华大学,2021,吉林,1,本科一批A段,理科试验班类,,685.0,698.0,692.0,101.0,,普通类,1_51_0
140,清华大学,2021,吉林,1,本科一批A段,临床医学类,,683.0,700.0,692.0,101.0,,普通类,1_51_0
140,清华大学,2021,吉林,1,本科一批A段,自动化类,,683.0,692.0,687.0,101.0,3.0,普通类,1_51_0
140,清华大学,2021,吉林,1,本科一批A段,理科试验班类,,683.0,683.0,683.0,101.0,,普通类,1_51_0
140,清华大学,2021,吉林,1,本科一批A段,电子信息类,,682.0,699.0,690.0,101.0,8.0,普通类,1_51_0
140,清华大学,2021,吉林,1,本科一批A段,临床医学类,,681.0,693.0,686.0,101.0,,普通类,1_51_0
140,清华大学,2021,吉林,1,本科一批A段,工科试验班类,,681.0,690.0,684.0,101.0,,普通类,1_51_0
140,清华大学,2021,吉林,1,本科一批A段,工科试验班,,681.0,681.0,681.0,101.0,1.0,普通类,1_51_0
140,清华大学,2021,吉林,1,本科一批A段,建筑类,,679.0,703.0,691.0,101.0,2.0,普通类,1_51_0
140,清华大学,2021,吉林,1,本科一批A段,工科试验班类,,679.0,682.0,681.0,101.0,,普通类,1_51_0
140,清华大学,2021,黑龙江,2,本科一批A段,工科试验班类,,666.0,682.0,0.0,12.0,,普通类,2_51_0
140,清华大学,2021,黑龙江,2,本科一批A段,法学类,,661.0,662.0,0.0,12.0,,普通类,2_51_0
140,清华大学,2021,黑龙江,1,本科一批A段,计算机类,,696.0,698.0,0.0,10.0,,普通类,1_51_0
140,清华大学,2021,黑龙江,1,本科一批A段,临床医学类,,695.0,695.0,0.0,10.0,,普通类,1_51_0
140,清华大学,2021,黑龙江,1,本科一批A段,理科试验班类,,693.0,702.0,0.0,15.0,,普通类,1_51_0
140,清华大学,2021,黑龙江,1,本科一批A段,电子信息类,,691.0,697.0,0.0,22.0,,普通类,1_51_0
140,清华大学,2021,黑龙江,1,本科一批A段,土木类,,691.0,691.0,0.0,22.0,,普通类,1_51_0
140,清华大学,2021,黑龙江,1,本科一批A段,工科试验班,,690.0,690.0,0.0,25.0,,普通类,1_51_0
140,清华大学,2021,黑龙江,1,本科一批A段,理科试验班类,,689.0,689.0,0.0,29.0,,普通类,1_51_0
140,清华大学,2021,黑龙江,1,本科一批A段,建筑类,,688.0,688.0,0.0,34.0,,普通类,1_51_0
140,清华大学,2021,黑龙江,1,本科一批A段,自动化类,,682.0,690.0,0.0,52.0,,普通类,1_51_0
140,清华大学,2021,黑龙江,1,本科一批A段,工科试验班类,,682.0,689.0,0.0,52.0,,普通类,1_51_0
140,清华大学,2021,上海,3,本科批,文科试验班类,（01）,613.0,0.0,631.0,72.0,,普通类,3_14_15611
140,清华大学,2021,上海,3,本科批,社会科学试验班,（01）,613.0,0.0,619.0,72.0,,普通类,3_14_15611
140,清华大学,2021,上海,3,本科批,临床医学类,（03）,613.0,0.0,632.0,72.0,,普通类,3_14_0
140,清华大学,2021,上海,3,本科批,文科试验班类,（01）,613.0,0.0,631.0,72.0,,普通类,3_14_0
140,清华大学,2021,上海,3,本科批,理科试验班,（03）,613.0,0.0,624.0,72.0,,普通类,3_14_0
140,清华大学,2021,上海,3,本科批,计算机类,（02）,613.0,0.0,622.0,72.0,,普通类,3_14_0
140,清华大学,2021,上海,3,本科批,社会科学试验班,（01）,613.0,0.0,619.0,72.0,,普通类,3_14_0
140,清华大学,2021,上海,3,本科批,理科试验班类,（02）,613.0,0.0,619.0,72.0,,普通类,3_14_0
140,清华大学,2021,上海,3,本科批,电子信息类,（02）,613.0,0.0,618.0,72.0,,普通类,3_14_0
140,清华大学,2021,上海,3,本科批,工科试验班类,（02）,613.0,0.0,617.0,72.0,,普通类,3_14_0
140,清华大学,2021,上海,3,本科批,临床医学类,（03）,613.0,0.0,617.0,72.0,,普通类,3_14_0
140,清华大学,2021,上海,3,本科批,自动化类,（02）,613.0,0.0,616.0,72.0,,普通类,3_14_0
140,清华大学,2021,上海,3,本科批,理科试验班类,（02）,613.0,0.0,616.0,72.0,,普通类,3_14_0
140,清华大学,2021,上海,3,本科批,临床医学类,（03）,613.0,0.0,632.0,72.0,,普通类,3_14_15613
140,清华大学,2021,上海,3,本科批,理科试验班,（03）,613.0,0.0,624.0,72.0,,普通类,3_14_15613
140,清华大学,2021,上海,3,本科批,临床医学类,（03）,613.0,0.0,617.0,72.0,,普通类,3_14_15613
140,清华大学,2021,上海,3,本科批,计算机类,（02）,613.0,0.0,622.0,72.0,,普通类,3_14_15612
140,清华大学,2021,上海,3,本科批,理科试验班类,（02）,613.0,0.0,619.0,72.0,,普通类,3_14_15612
140,清华大学,2021,上海,3,本科批,电子信息类,（02）,613.0,0.0,618.0,72.0,,普通类,3_14_15612
140,清华大学,2021,上海,3,本科批,工科试验班类,（02）,613.0,0.0,617.0,72.0,,普通类,3_14_15612
140,清华大学,2021,上海,3,本科批,自动化类,（02）,613.0,0.0,616.0,72.0,,普通类,3_14_15612
140,清华大学,2021,上海,3,本科批,理科试验班类,（02）,613.0,0.0,616.0,72.0,,普通类,3_14_15612
140,清华大学,2021,江苏,2074,本科批,文科试验班类,（01）,656.0,0.0,0.0,101.0,1.0,普通类,2074_14_39603
140,清华大学,2021,江苏,2074,本科批,社会科学试验班,（01）,646.0,0.0,0.0,101.0,1.0,普通类,2074_14_39603
140,清华大学,2021,江苏,2074,本科批,文科试验班类,（01）,656.0,0.0,0.0,101.0,1.0,普通类,2074_14_0
140,清华大学,2021,江苏,2074,本科批,社会科学试验班,（01）,646.0,0.0,0.0,101.0,1.0,普通类,2074_14_0
140,清华大学,2021,江苏,2073,本科批,自动化类,（03）,669.0,0.0,0.0,101.0,3.0,普通类,2073_14_41818
140,清华大学,2021,江苏,2073,本科批,计算机类,（03）,667.0,0.0,0.0,101.0,19.0,普通类,2073_14_41818
140,清华大学,2021,江苏,2073,本科批,电子信息类,（03）,666.0,0.0,0.0,101.0,9.0,普通类,2073_14_41818
140,清华大学,2021,江苏,2073,本科批,理科试验班类,（03）,666.0,0.0,0.0,101.0,,普通类,2073_14_41818
140,清华大学,2021,江苏,2073,本科批,理科试验班类,（03）,666.0,0.0,0.0,101.0,,普通类,2073_14_41818
140,清华大学,2021,江苏,2073,本科批,临床医学类,（04）,675.0,0.0,0.0,101.0,,普通类,2073_14_0
140,清华大学,2021,江苏,2073,本科批,自动化类,（03）,669.0,0.0,0.0,101.0,3.0,普通类,2073_14_0
140,清华大学,2021,江苏,2073,本科批,计算机类,（03）,667.0,0.0,0.0,101.0,19.0,普通类,2073_14_0
140,清华大学,2021,江苏,2073,本科批,临床医学类,（04）,667.0,0.0,0.0,101.0,,普通类,2073_14_0
140,清华大学,2021,江苏,2073,本科批,工科试验班,（04）,667.0,0.0,0.0,101.0,,普通类,2073_14_0
140,清华大学,2021,江苏,2073,本科批,电子信息类,（03）,666.0,0.0,0.0,101.0,9.0,普通类,2073_14_0
140,清华大学,2021,江苏,2073,本科批,理科试验班类,（03）,666.0,0.0,0.0,101.0,,普通类,2073_14_0
140,清华大学,2021,江苏,2073,本科批,理科试验班类,（03）,666.0,0.0,0.0,101.0,,普通类,2073_14_0
140,清华大学,2021,江苏,2073,本科批,工科试验班,（04）,666.0,0.0,0.0,101.0,,普通类,2073_14_0
140,清华大学,2021,江苏,2073,本科批,临床医学类,（04）,675.0,0.0,0.0,101.0,,普通类,2073_14_41819
140,清华大学,2021,江苏,2073,本科批,临床医学类,（04）,667.0,0.0,0.0,101.0,,普通类,2073_14_41819
140,清华大学,2021,江苏,2073,本科批,工科试验班,（04）,667.0,0.0,0.0,101.0,,普通类,2073_14_41819
140,清华大学,2021,江苏,2073,本科批,工科试验班,（04）,666.0,0.0,0.0,101.0,,普通类,2073_14_41819
140,清华大学,2021,浙江,3,平行录取一段,文科试验班类,,715.0,0.0,0.0,2.0,1.0,普通类,3_16_0
140,清华大学,2021,浙江,3,平行录取一段,理科试验班类,,695.0,0.0,0.0,93.0,26.0,普通类,3_16_0
140,清华大学,2021,浙江,3,平行录取一段,临床医学类,,695.0,0.0,0.0,88.0,3.0,普通类,3_16_0
140,清华大学,2021,安徽,2,本科一批,文科试验班类,,682.0,0.0,0.0,35.0,,普通类,2_7_0
140,清华大学,2021,安徽,2,本科一批,社会科学试验班,,680.0,0.0,0.0,35.0,,普通类,2_7_0
140,清华大学,2021,安徽,1,本科一批,理科试验班类,,699.0,0.0,0.0,36.0,,普通类,1_7_0
140,清华大学,2021,安徽,1,本科一批,理科试验班类,,698.0,0.0,0.0,36.0,,普通类,1_7_0
140,清华大学,2021,安徽,1,本科一批,理科试验班,,697.0,0.0,0.0,36.0,1.0,普通类,1_7_0
140,清华大学,2021,安徽,1,本科一批,电子信息类,,697.0,0.0,0.0,36.0,,普通类,1_7_0
140,清华大学,2021,安徽,1,本科一批,理科试验班类,,697.0,0.0,0.0,36.0,,普通类,1_7_0
140,清华大学,2021,安徽,1,本科一批,临床医学类,,695.0,0.0,0.0,49.0,,普通类,1_7_0
140,清华大学,2021,安徽,1,本科一批,建筑类,,695.0,0.0,0.0,49.0,,普通类,1_7_0
140,清华大学,2021,安徽,1,本科一批,计算机类,,694.0,0.0,0.0,58.0,,普通类,1_7_0
140,清华大学,2021,安徽,1,本科一批,法学类,,694.0,0.0,0.0,58.0,1.0,普通类,1_7_0
140,清华大学,2021,安徽,1,本科一批,工科试验班类,,693.0,0.0,0.0,69.0,,普通类,1_7_0
140,清华大学,2021,安徽,1,本科一批,土木类,,693.0,0.0,0.0,69.0,,普通类,1_7_0
140,清华大学,2021,安徽,1,本科一批,临床医学类,,693.0,0.0,0.0,69.0,,普通类,1_7_0
140,清华大学,2021,安徽,1,本科一批,自动化类,,692.0,0.0,0.0,81.0,,普通类,1_7_0
140,清华大学,2021,安徽,1,本科一批,社会科学试验班,,692.0,0.0,0.0,81.0,1.0,普通类,1_7_0
140,清华大学,2021,安徽,1,本科一批,工科试验班,,692.0,0.0,0.0,81.0,,普通类,1_7_0
140,清华大学,2021,安徽,1,本科一批,工科试验班类,,692.0,0.0,0.0,81.0,,普通类,1_7_0
140,清华大学,2021,福建,2074,本科批,文科试验班类,2973（L999）,660.0,660.0,660.0,,1.0,普通类,2074_14_43895
140,清华大学,2021,福建,2074,本科批,社会科学试验班,2973（L999）,657.0,658.0,658.0,15.0,2.0,普通类,2074_14_43895
140,清华大学,2021,福建,2074,本科批,文科试验班类,2973（L999）,660.0,660.0,660.0,,1.0,普通类,2074_14_0
140,清华大学,2021,福建,2074,本科批,社会科学试验班,2973（L999）,657.0,658.0,658.0,15.0,2.0,普通类,2074_14_0
140,清华大学,2021,福建,2073,本科批,计算机类,2973（W999）,703.0,707.0,705.0,,2.0,普通类,2073_14_45044
140,清华大学,2021,福建,2073,本科批,理科试验班类,2973（W999）,701.0,701.0,701.0,,,普通类,2073_14_45044
140,清华大学,2021,福建,2073,本科批,理科试验班类,2973（W999）,692.0,692.0,692.0,,,普通类,2073_14_45044
140,清华大学,2021,福建,2073,本科批,电子信息类,2973（W999）,685.0,705.0,692.0,50.0,11.0,普通类,2073_14_45044
140,清华大学,2021,福建,2073,本科批,理科试验班类,2973（W999）,684.0,693.0,689.0,60.0,,普通类,2073_14_45044
140,清华大学,2021,福建,2073,本科批,自动化类,2973（W999）,684.0,691.0,687.0,60.0,3.0,普通类,2073_14_45044
140,清华大学,2021,福建,2073,本科批,土木类,2973（W999）,682.0,683.0,683.0,82.0,3.0,普通类,2073_14_45044
140,清华大学,2021,福建,2073,本科批,工科试验班类,2973（W999）,682.0,689.0,683.0,82.0,17.0,普通类,2073_14_45044
140,清华大学,2021,福建,2073,本科批,社会科学试验班,2973（W999）,682.0,682.0,682.0,82.0,1.0,普通类,2073_14_45044
140,清华大学,2021,福建,2073,本科批,法学类,2973（W999）,682.0,682.0,682.0,82.0,1.0,普通类,2073_14_45044
140,清华大学,2021,福建,2073,本科批,计算机类,2973（W999）,703.0,707.0,705.0,,2.0,普通类,2073_14_0
140,清华大学,2021,福建,2073,本科批,理科试验班类,2973（W999）,701.0,701.0,701.0,,,普通类,2073_14_0
140,清华大学,2021,福建,2073,本科批,理科试验班类,2973（W999）,692.0,692.0,692.0,,,普通类,2073_14_0
140,清华大学,2021,福建,2073,本科批,电子信息类,2973（W999）,685.0,705.0,692.0,50.0,11.0,普通类,2073_14_0
140,清华大学,2021,福建,2073,本科批,临床医学类,2973（W500）,685.0,687.0,686.0,50.0,,普通类,2073_14_0
140,清华大学,2021,福建,2073,本科批,理科试验班类,2973（W999）,684.0,693.0,689.0,60.0,,普通类,2073_14_0
140,清华大学,2021,福建,2073,本科批,自动化类,2973（W999）,684.0,691.0,687.0,60.0,3.0,普通类,2073_14_0
140,清华大学,2021,福建,2073,本科批,工科试验班,2973（W500）,684.0,684.0,684.0,60.0,4.0,普通类,2073_14_0
140,清华大学,2021,福建,2073,本科批,土木类,2973（W999）,682.0,683.0,683.0,82.0,3.0,普通类,2073_14_0
140,清华大学,2021,福建,2073,本科批,工科试验班类,2973（W999）,682.0,689.0,683.0,82.0,17.0,普通类,2073_14_0
140,清华大学,2021,福建,2073,本科批,社会科学试验班,2973（W999）,682.0,682.0,682.0,82.0,1.0,普通类,2073_14_0
140,清华大学,2021,福建,2073,本科批,法学类,2973（W999）,682.0,682.0,682.0,82.0,1.0,普通类,2073_14_0
140,清华大学,2021,福建,2073,本科批,临床医学类,2973（W500）,685.0,687.0,686.0,50.0,,普通类,2073_14_45045
140,清华大学,2021,福建,2073,本科批,工科试验班,2973（W500）,684.0,684.0,684.0,60.0,4.0,普通类,2073_14_45045
140,清华大学,2021,江西,2,本科一批,文科试验班类,,666.0,0.0,0.0,23.0,,普通类,2_7_0
140,清华大学,2021,江西,2,本科一批,文科试验班类,,665.0,0.0,0.0,23.0,,普通类,2_7_0
140,清华大学,2021,江西,2,本科一批,法学类,,664.0,0.0,0.0,23.0,,普通类,2_7_0
140,清华大学,2021,江西,2,本科一批,社会科学试验班,,664.0,0.0,0.0,23.0,,普通类,2_7_0
140,清华大学,2021,江西,1,本科一批,电子信息类,,689.0,0.0,0.0,30.0,,普通类,1_7_0
140,清华大学,2021,江西,1,本科一批,临床医学类,,688.0,0.0,0.0,30.0,,普通类,1_7_0
140,清华大学,2021,江西,1,本科一批,理科试验班类,,688.0,0.0,0.0,30.0,,普通类,1_7_0
140,清华大学,2021,江西,1,本科一批,理科试验班,,687.0,0.0,0.0,33.0,,普通类,1_7_0
140,清华大学,2021,江西,1,本科一批,建筑类,,686.0,0.0,0.0,36.0,,普通类,1_7_0
140,清华大学,2021,江西,1,本科一批,计算机类,,686.0,0.0,0.0,36.0,,普通类,1_7_0
140,清华大学,2021,江西,1,本科一批,理科试验班类,,686.0,0.0,0.0,36.0,,普通类,1_7_0
140,清华大学,2021,江西,1,本科一批,工科试验班,,686.0,0.0,0.0,36.0,,普通类,1_7_0
140,清华大学,2021,江西,1,本科一批,理科试验班类,,686.0,0.0,0.0,36.0,,普通类,1_7_0
140,清华大学,2021,江西,1,本科一批,工科试验班类,,685.0,0.0,0.0,43.0,,普通类,1_7_0
140,清华大学,2021,江西,1,本科一批,自动化类,,685.0,0.0,0.0,43.0,,普通类,1_7_0
140,清华大学,2021,江西,1,本科一批,法学类,,685.0,0.0,0.0,43.0,,普通类,1_7_0
140,清华大学,2021,江西,1,本科一批,社会科学试验班,,685.0,0.0,0.0,43.0,,普通类,1_7_0
140,清华大学,2021,江西,1,本科一批,土木类,,685.0,0.0,0.0,43.0,,普通类,1_7_0
140,清华大学,2021,江西,1,本科一批,工科试验班类,,685.0,0.0,0.0,43.0,,普通类,1_7_0
140,清华大学,2021,山东,3,普通类一段,临床医学类,,683.0,0.0,0.0,70.0,5.0,普通类,3_1570_0
140,清华大学,2021,山东,3,普通类一段,理科试验班类,,678.0,0.0,0.0,154.0,68.0,普通类,3_1570_0
140,清华大学,2021,河南,2,本科一批,文科试验班类,,677.0,689.0,682.0,10.0,3.0,普通类,2_7_0
140,清华大学,2021,河南,1,本科一批,理科试验班类,,708.0,710.0,709.0,15.0,,普通类,1_7_0
140,清华大学,2021,河南,1,本科一批,理科试验班,,705.0,705.0,705.0,26.0,1.0,普通类,1_7_0
140,清华大学,2021,河南,1,本科一批,计算机类,,703.0,732.0,709.0,39.0,11.0,普通类,1_7_0
140,清华大学,2021,河南,1,本科一批,建筑类,,701.0,701.0,701.0,59.0,1.0,普通类,1_7_0
140,清华大学,2021,河南,1,本科一批,理科试验班类,,700.0,712.0,704.0,68.0,,普通类,1_7_0
140,清华大学,2021,河南,1,本科一批,电子信息类,,700.0,707.0,702.0,68.0,13.0,普通类,1_7_0
140,清华大学,2021,河南,1,本科一批,理科试验班类,,699.0,709.0,704.0,83.0,,普通类,1_7_0
140,清华大学,2021,河南,1,本科一批,工科试验班类,,699.0,713.0,704.0,83.0,,普通类,1_7_0
140,清华大学,2021,河南,1,本科一批,临床医学类,,699.0,712.0,704.0,83.0,,普通类,1_7_0
140,清华大学,2021,河南,1,本科一批,自动化类,,699.0,707.0,701.0,83.0,13.0,普通类,1_7_0
140,清华大学,2021,河南,1,本科一批,工科试验班类,,699.0,701.0,700.0,83.0,,普通类,1_7_0
140,清华大学,2021,河南,1,本科一批,工科试验班,,699.0,699.0,699.0,83.0,1.0,普通类,1_7_0
140,清华大学,2021,广东,2074,本科批,社会科学试验班,（201）,677.0,0.0,0.0,20.0,1.0,普通类,2074_14_18555
140,清华大学,2021,广东,2074,本科批,文科试验班类,（201）,669.0,0.0,0.0,20.0,2.0,普通类,2074_14_18555
140,清华大学,2021,广东,2074,本科批,社会科学试验班,（201）,677.0,0.0,0.0,20.0,1.0,普通类,2074_14_0
140,清华大学,2021,广东,2074,本科批,文科试验班类,（201）,669.0,0.0,0.0,20.0,2.0,普通类,2074_14_0
140,清华大学,2021,广东,2073,本科批,计算机类,（202）,693.0,0.0,0.0,37.0,11.0,普通类,2073_14_21011
140,清华大学,2021,广东,2073,本科批,理科试验班类,（202）,691.0,0.0,0.0,54.0,,普通类,2073_14_21011
140,清华大学,2021,广东,2073,本科批,自动化类,（202）,690.0,0.0,0.0,64.0,6.0,普通类,2073_14_21011
140,清华大学,2021,广东,2073,本科批,理科试验班类,（202）,690.0,0.0,0.0,64.0,,普通类,2073_14_21011
140,清华大学,2021,广东,2073,本科批,理科试验班类,（202）,689.0,0.0,0.0,73.0,,普通类,2073_14_21011
140,清华大学,2021,广东,2073,本科批,建筑类,（202）,688.0,0.0,0.0,88.0,1.0,普通类,2073_14_21011
140,清华大学,2021,广东,2073,本科批,电子信息类,（202）,688.0,0.0,0.0,88.0,15.0,普通类,2073_14_21011
140,清华大学,2021,广东,2073,本科批,工科试验班类,（202）,688.0,0.0,0.0,88.0,8.0,普通类,2073_14_21011
140,清华大学,2021,广东,2073,本科批,计算机类,（202）,693.0,0.0,0.0,37.0,11.0,普通类,2073_14_0
140,清华大学,2021,广东,2073,本科批,理科试验班类,（202）,691.0,0.0,0.0,54.0,,普通类,2073_14_0
140,清华大学,2021,广东,2073,本科批,临床医学类,（203）,691.0,0.0,0.0,54.0,,普通类,2073_14_0
140,清华大学,2021,广东,2073,本科批,自动化类,（202）,690.0,0.0,0.0,64.0,6.0,普通类,2073_14_0
140,清华大学,2021,广东,2073,本科批,理科试验班类,（202）,690.0,0.0,0.0,64.0,,普通类,2073_14_0
140,清华大学,2021,广东,2073,本科批,理科试验班类,（202）,689.0,0.0,0.0,73.0,,普通类,2073_14_0
140,清华大学,2021,广东,2073,本科批,建筑类,（202）,688.0,0.0,0.0,88.0,1.0,普通类,2073_14_0
140,清华大学,2021,广东,2073,本科批,电子信息类,（202）,688.0,0.0,0.0,88.0,15.0,普通类,2073_14_0
140,清华大学,2021,广东,2073,本科批,工科试验班类,（202）,688.0,0.0,0.0,88.0,8.0,普通类,2073_14_0
140,清华大学,2021,广东,2073,本科批,工科试验班,（203）,688.0,0.0,0.0,88.0,,普通类,2073_14_0
140,清华大学,2021,广东,2073,本科批,理科试验班,（203）,688.0,0.0,0.0,88.0,3.0,普通类,2073_14_0
140,清华大学,2021,广东,2073,本科批,临床医学类,（203）,691.0,0.0,0.0,54.0,,普通类,2073_14_21012
140,清华大学,2021,广东,2073,本科批,工科试验班,（203）,688.0,0.0,0.0,88.0,,普通类,2073_14_21012
140,清华大学,2021,广东,2073,本科批,理科试验班,（203）,688.0,0.0,0.0,88.0,3.0,普通类,2073_14_21012
140,清华大学,2021,广西,1,本科一批,计算机类,,701.0,728.0,711.0,10.0,5.0,普通类,1_7_0
140,清华大学,2021,广西,1,本科一批,理科试验班类,,698.0,708.0,701.0,10.0,,普通类,1_7_0
140,清华大学,2021,广西,1,本科一批,理科试验班类,,693.0,693.0,693.0,17.0,,普通类,1_7_0
140,清华大学,2021,广西,1,本科一批,电子信息类,,687.0,696.0,692.0,30.0,5.0,普通类,1_7_0
140,清华大学,2021,广西,1,本科一批,自动化类,,686.0,692.0,688.0,31.0,4.0,普通类,1_7_0
140,清华大学,2021,广西,1,本科一批,临床医学类,,684.0,685.0,684.0,40.0,,普通类,1_7_0
140,清华大学,2021,广西,1,本科一批,理科试验班类,,682.0,687.0,684.0,48.0,,普通类,1_7_0
140,清华大学,2021,广西,1,本科一批,工科试验班类,,681.0,684.0,682.0,51.0,,普通类,1_7_0
140,清华大学,2021,广西,1,本科一批,工科试验班,,680.0,695.0,687.0,55.0,2.0,普通类,1_7_0
140,清华大学,2021,广西,1,本科一批,建筑类,,680.0,683.0,681.0,55.0,2.0,普通类,1_7_0
140,清华大学,2021,广西,1,本科一批,工科试验班类,,679.0,705.0,685.0,59.0,,普通类,1_7_0
140,清华大学,2021,广西,2,本科一批,法学类,,679.0,679.0,679.0,11.0,1.0,普通类,2_7_0
140,清华大学,2021,广西,2,本科一批,文科试验班类,,669.0,669.0,669.0,13.0,1.0,普通类,2_7_0
140,清华大学,2021,海南,3,本科批,临床医学类,（06）,836.0,0.0,0.0,25.0,1.0,普通类,3_14_36129
140,清华大学,2021,海南,3,本科批,电子信息类,（04）,882.0,0.0,0.0,5.0,1.0,普通类,3_14_0
140,清华大学,2021,海南,3,本科批,文科试验班类,（03）,877.0,0.0,0.0,6.0,1.0,普通类,3_14_0
140,清华大学,2021,海南,3,本科批,理科试验班类,（04）,872.0,0.0,0.0,7.0,1.0,普通类,3_14_0
140,清华大学,2021,海南,3,本科批,计算机类,（04）,862.0,0.0,0.0,10.0,1.0,普通类,3_14_0
140,清华大学,2021,海南,3,本科批,建筑类,（04）,859.0,0.0,0.0,11.0,1.0,普通类,3_14_0
140,清华大学,2021,海南,3,本科批,自动化类,（04）,844.0,0.0,0.0,19.0,1.0,普通类,3_14_0
140,清华大学,2021,海南,3,本科批,工科试验班类,（04）,838.0,0.0,0.0,23.0,,普通类,3_14_0
140,清华大学,2021,海南,3,本科批,临床医学类,（06）,836.0,0.0,0.0,25.0,1.0,普通类,3_14_0
140,清华大学,2021,海南,3,本科批,核工程与核技术,（05）,823.0,0.0,0.0,39.0,1.0,普通类,3_14_0
140,清华大学,2021,海南,3,本科批,电子信息类,（04）,882.0,0.0,0.0,5.0,1.0,普通类,3_14_36127
140,清华大学,2021,海南,3,本科批,理科试验班类,（04）,872.0,0.0,0.0,7.0,1.0,普通类,3_14_36127
140,清华大学,2021,海南,3,本科批,计算机类,（04）,862.0,0.0,0.0,10.0,1.0,普通类,3_14_36127
140,清华大学,2021,海南,3,本科批,建筑类,（04）,859.0,0.0,0.0,11.0,1.0,普通类,3_14_36127
140,清华大学,2021,海南,3,本科批,自动化类,（04）,844.0,0.0,0.0,19.0,1.0,普通类,3_14_36127
140,清华大学,2021,海南,3,本科批,工科试验班类,（04）,838.0,0.0,0.0,23.0,,普通类,3_14_36127
140,清华大学,2021,海南,3,本科批,文科试验班类,（03）,877.0,0.0,0.0,6.0,1.0,普通类,3_14_36126
140,清华大学,2021,海南,3,本科批,核工程与核技术,（05）,823.0,0.0,0.0,39.0,1.0,普通类,3_14_36128
140,清华大学,2021,重庆,2074,本科批,文科试验班类,,682.0,0.0,0.0,61.0,3.0,普通类,2074_14_0
140,清华大学,2021,重庆,2073,本科批,临床医学类,,705.0,0.0,0.0,145.0,2.0,普通类,2073_14_0
140,清华大学,2021,重庆,2073,本科批,理科试验班类,,704.0,0.0,0.0,145.0,18.0,普通类,2073_14_0
140,清华大学,2021,四川,1,本科一批,临床医学类,,705.0,708.0,706.0,49.0,,普通类,1_7_0
140,清华大学,2021,四川,1,本科一批,计算机类,,704.0,722.0,709.0,49.0,4.0,普通类,1_7_0
140,清华大学,2021,四川,1,本科一批,临床医学类,,703.0,711.0,707.0,49.0,,普通类,1_7_0
140,清华大学,2021,四川,1,本科一批,理科试验班类,,702.0,706.0,704.0,49.0,,普通类,1_7_0
140,清华大学,2021,四川,1,本科一批,理科试验班类,,700.0,711.0,704.0,49.0,,普通类,1_7_0
140,清华大学,2021,四川,1,本科一批,电子信息类,,699.0,715.0,704.0,56.0,4.0,普通类,1_7_0
140,清华大学,2021,四川,1,本科一批,自动化类,,699.0,703.0,701.0,56.0,5.0,普通类,1_7_0
140,清华大学,2021,四川,1,本科一批,理科试验班类,,698.0,705.0,700.0,61.0,,普通类,1_7_0
140,清华大学,2021,四川,1,本科一批,建筑类,,697.0,706.0,701.0,73.0,4.0,普通类,1_7_0
140,清华大学,2021,四川,1,本科一批,工科试验班类,,697.0,701.0,699.0,73.0,,普通类,1_7_0
140,清华大学,2021,四川,1,本科一批,工科试验班类,,697.0,699.0,698.0,73.0,,普通类,1_7_0
140,清华大学,2021,四川,1,本科一批,土木类,,697.0,697.0,697.0,73.0,1.0,普通类,1_7_0
140,清华大学,2021,四川,1,本科一批,社会科学试验班,,697.0,697.0,697.0,73.0,1.0,普通类,1_7_0
140,清华大学,2021,四川,1,本科一批,理科试验班,,697.0,697.0,697.0,73.0,2.0,普通类,1_7_0
140,清华大学,2021,四川,1,本科一批,工科试验班,,696.0,698.0,697.0,88.0,2.0,普通类,1_7_0
140,清华大学,2021,四川,2,本科一批,文科试验班类,,662.0,664.0,663.0,29.0,,普通类,2_7_0
140,清华大学,2021,四川,2,本科一批,文科试验班类,,650.0,650.0,650.0,29.0,,普通类,2_7_0
140,清华大学,2021,四川,2,本科一批,社会科学试验班,,647.0,649.0,648.0,29.0,3.0,普通类,2_7_0
140,清华大学,2021,贵州,2,本科一批,文科试验班类,,690.0,710.0,0.0,8.0,3.0,普通类,2_7_0
140,清华大学,2021,贵州,2,本科一批,社会科学试验班,,689.0,692.0,0.0,9.0,3.0,普通类,2_7_0
140,清华大学,2021,贵州,1,本科一批,建筑类,,687.0,687.0,0.0,7.0,1.0,普通类,1_7_0
140,清华大学,2021,贵州,1,本科一批,计算机类,,686.0,686.0,0.0,8.0,1.0,普通类,1_7_0
140,清华大学,2021,贵州,1,本科一批,理科试验班类,,682.0,688.0,0.0,10.0,,普通类,1_7_0
140,清华大学,2021,贵州,1,本科一批,理科试验班,,679.0,679.0,0.0,17.0,1.0,普通类,1_7_0
140,清华大学,2021,贵州,1,本科一批,自动化类,,677.0,688.0,0.0,22.0,3.0,普通类,1_7_0
140,清华大学,2021,贵州,1,本科一批,电子信息类,,674.0,677.0,0.0,29.0,5.0,普通类,1_7_0
140,清华大学,2021,贵州,1,本科一批,工科试验班类,,673.0,680.0,0.0,34.0,,普通类,1_7_0
140,清华大学,2021,贵州,1,本科一批,临床医学类,,672.0,683.0,0.0,37.0,,普通类,1_7_0
140,清华大学,2021,贵州,1,本科一批,土木类,,671.0,671.0,0.0,42.0,1.0,普通类,1_7_0
140,清华大学,2021,贵州,1,本科一批,工科试验班类,,671.0,682.0,0.0,46.0,,普通类,1_7_0
140,清华大学,2021,贵州,1,本科一批,理科试验班类,,671.0,672.0,0.0,45.0,,普通类,1_7_0
140,清华大学,2021,贵州,1,本科一批,临床医学类,,671.0,671.0,0.0,43.0,,普通类,1_7_0
140,清华大学,2021,贵州,1,本科一批,法学类,,671.0,671.0,0.0,47.0,1.0,普通类,1_7_0
140,清华大学,2021,云南,2,本科一批,文科试验班类,,695.0,0.0,0.0,54.0,3.0,普通类,2_7_0
140,清华大学,2021,云南,1,本科一批,计算机类,,716.0,0.0,0.0,55.0,2.0,普通类,1_7_0
140,清华大学,2021,云南,1,本科一批,理科试验班,,709.0,0.0,0.0,55.0,1.0,普通类,1_7_0
140,清华大学,2021,云南,1,本科一批,理科试验班类,,707.0,0.0,0.0,55.0,,普通类,1_7_0
140,清华大学,2021,云南,1,本科一批,临床医学类,,706.0,0.0,0.0,55.0,,普通类,1_7_0
140,清华大学,2021,云南,1,本科一批,自动化类,,704.0,0.0,0.0,55.0,2.0,普通类,1_7_0
140,清华大学,2021,云南,1,本科一批,电子信息类,,703.0,0.0,0.0,55.0,3.0,普通类,1_7_0
140,清华大学,2021,云南,1,本科一批,理科试验班类,,701.0,0.0,0.0,55.0,,普通类,1_7_0
140,清华大学,2021,云南,1,本科一批,建筑类,,698.0,0.0,0.0,55.0,1.0,普通类,1_7_0
140,清华大学,2021,云南,1,本科一批,土木类,,697.0,0.0,0.0,55.0,2.0,普通类,1_7_0
140,清华大学,2021,云南,1,本科一批,临床医学类,,697.0,0.0,0.0,55.0,,普通类,1_7_0
140,清华大学,2021,云南,1,本科一批,理科试验班类,,696.0,0.0,0.0,55.0,,普通类,1_7_0
140,清华大学,2021,云南,1,本科一批,工科试验班类,,696.0,0.0,0.0,55.0,,普通类,1_7_0
140,清华大学,2021,陕西,2,本科一批,文科试验班类,,688.0,0.0,691.0,10.0,2.0,普通类,2_7_0
140,清华大学,2021,陕西,1,本科一批,计算机类,,705.0,0.0,707.0,13.0,5.0,普通类,1_7_0
140,清华大学,2021,陕西,1,本科一批,理科试验班类,,702.0,0.0,714.0,19.0,,普通类,1_7_0
140,清华大学,2021,陕西,1,本科一批,土木类,,700.0,0.0,700.0,27.0,1.0,普通类,1_7_0
140,清华大学,2021,陕西,1,本科一批,自动化类,,699.0,0.0,701.0,32.0,4.0,普通类,1_7_0
140,清华大学,2021,陕西,1,本科一批,电子信息类,,697.0,0.0,698.0,42.0,8.0,普通类,1_7_0
140,清华大学,2021,陕西,1,本科一批,理科试验班类,,695.0,0.0,695.0,57.0,,普通类,1_7_0
140,清华大学,2021,陕西,1,本科一批,理科试验班类,,694.0,0.0,697.0,64.0,,普通类,1_7_0
140,清华大学,2021,陕西,1,本科一批,理科试验班,,694.0,0.0,694.0,64.0,1.0,普通类,1_7_0
140,清华大学,2021,陕西,1,本科一批,工科试验班,,694.0,0.0,694.0,64.0,2.0,普通类,1_7_0
140,清华大学,2021,陕西,1,本科一批,工科试验班类,,691.0,0.0,693.0,82.0,,普通类,1_7_0
140,清华大学,2021,甘肃,2,本科一批I段,文科试验班类,,658.0,658.0,658.0,16.0,,普通类,2_111_0
140,清华大学,2021,甘肃,2,本科一批I段,法学类,,656.0,657.0,657.0,16.0,,普通类,2_111_0
140,清华大学,2021,甘肃,1,本科一批I段,理科试验班类,,683.0,693.0,688.0,37.0,,普通类,1_111_0
140,清华大学,2021,甘肃,1,本科一批I段,理科试验班类,,681.0,681.0,681.0,37.0,,普通类,1_111_0
140,清华大学,2021,甘肃,1,本科一批I段,计算机类,,679.0,684.0,682.0,37.0,,普通类,1_111_0
140,清华大学,2021,甘肃,1,本科一批I段,临床医学类,,673.0,680.0,677.0,37.0,,普通类,1_111_0
140,清华大学,2021,甘肃,1,本科一批I段,电子信息类,,671.0,682.0,677.0,37.0,,普通类,1_111_0
140,清华大学,2021,甘肃,1,本科一批I段,自动化类,,671.0,674.0,673.0,37.0,,普通类,1_111_0
140,清华大学,2021,甘肃,1,本科一批I段,工科试验班类,,669.0,687.0,678.0,37.0,,普通类,1_111_0
140,清华大学,2021,甘肃,1,本科一批I段,理科试验班类,,669.0,685.0,677.0,37.0,,普通类,1_111_0
140,清华大学,2021,甘肃,1,本科一批I段,工科试验班类,,669.0,674.0,672.0,37.0,,普通类,1_111_0
140,清华大学,2021,甘肃,1,本科一批I段,理科试验班,,669.0,669.0,669.0,37.0,,普通类,1_111_0
140,清华大学,2021,青海,1,本科一段,理科试验班类,,662.0,662.0,662.0,3.0,,普通类,1_1564_0
140,清华大学,2021,青海,1,本科一段,理科试验班类,,651.0,651.0,651.0,5.0,,普通类,1_1564_0
140,清华大学,2021,青海,1,本科一段,理科试验班类,,638.0,646.0,642.0,10.0,,普通类,1_1564_0
140,清华大学,2021,青海,1,本科一段,自动化类,,635.0,665.0,648.0,11.0,3.0,普通类,1_1564_0
140,清华大学,2021,青海,1,本科一段,建筑类,,634.0,634.0,634.0,12.0,1.0,普通类,1_1564_0
140,清华大学,2021,青海,1,本科一段,电子信息类,,633.0,662.0,648.0,14.0,3.0,普通类,1_1564_0
140,清华大学,2021,青海,2,本科一段,文科试验班类,,642.0,642.0,642.0,4.0,1.0,普通类,2_1564_0
140,清华大学,2021,宁夏,2,本科一批,文科试验班类,,665.0,0.0,0.0,246.0,1.0,普通类,2_7_0
140,清华大学,2021,宁夏,2,本科一批,法学类,,665.0,0.0,0.0,246.0,1.0,普通类,2_7_0
140,清华大学,2021,宁夏,1,本科一批,建筑类,,657.0,0.0,0.0,64.0,1.0,普通类,1_7_0
140,清华大学,2021,宁夏,1,本科一批,临床医学类,,655.0,0.0,0.0,64.0,1.0,普通类,1_7_0
140,清华大学,2021,宁夏,1,本科一批,工科试验班类,,652.0,0.0,0.0,64.0,,普通类,1_7_0
140,清华大学,2021,宁夏,1,本科一批,电子信息类,,650.0,0.0,0.0,64.0,1.0,普通类,1_7_0
140,清华大学,2021,宁夏,1,本科一批,土木类,,649.0,0.0,0.0,64.0,2.0,普通类,1_7_0
140,清华大学,2021,宁夏,1,本科一批,理科试验班类,,649.0,0.0,0.0,64.0,,普通类,1_7_0
140,清华大学,2021,宁夏,1,本科一批,理科试验班类,,649.0,0.0,0.0,64.0,,普通类,1_7_0
140,清华大学,2021,宁夏,1,本科一批,工科试验班类,,649.0,0.0,0.0,64.0,,普通类,1_7_0
140,清华大学,2021,宁夏,1,本科一批,自动化类,,649.0,0.0,0.0,64.0,1.0,普通类,1_7_0
140,清华大学,2021,宁夏,1,本科一批,工科试验班,,649.0,0.0,0.0,64.0,1.0,普通类,1_7_0
140,清华大学,2021,宁夏,1,本科一批,理科试验班,,649.0,0.0,0.0,64.0,1.0,普通类,1_7_0
140,清华大学,2021,新疆,2,本科一批,社会科学试验班,,642.0,642.0,0.0,,1.0,普通类,2_7_0
140,清华大学,2021,新疆,2,本科一批,文科试验班类,,638.0,643.0,0.0,,1.0,普通类,2_7_0
140,清华大学,2021,新疆,1,本科一批,理科试验班类,,679.0,712.0,0.0,,,普通类,1_7_0
140,清华大学,2021,新疆,1,本科一批,工科试验班,,674.0,674.0,0.0,,3.0,普通类,1_7_0
140,清华大学,2021,新疆,1,本科一批,临床医学类,,670.0,671.0,0.0,,1.0,普通类,1_7_0
140,清华大学,2021,新疆,1,本科一批,电子信息类,,659.0,674.0,0.0,,3.0,普通类,1_7_0
140,清华大学,2021,新疆,1,本科一批,自动化类,,656.0,656.0,0.0,,1.0,普通类,1_7_0
140,清华大学,2021,新疆,1,本科一批,理科试验班,,655.0,655.0,0.0,,1.0,普通类,1_7_0
140,清华大学,2021,新疆,1,本科一批,理科试验班类,,654.0,665.0,0.0,,,普通类,1_7_0
140,清华大学,2021,新疆,1,本科一批,工科试验班类,,651.0,651.0,0.0,,,普通类,1_7_0
140,清华大学,2021,新疆,1,本科一批,工科试验班类,,651.0,663.0,0.0,,,普通类,1_7_0
140,清华大学,2022,北京,3,本科批,建筑类,（02）,0.0,0.0,0.0,,,普通类,3_14_51416
140,清华大学,2022,北京,3,本科批,工科试验班类,（02）,0.0,0.0,0.0,,,普通类,3_14_51416
140,清华大学,2022,北京,3,本科批,建筑类,（02）,0.0,0.0,0.0,,,普通类,3_14_0
140,清华大学,2022,北京,3,本科批,工科试验班类,（02）,0.0,0.0,0.0,,,普通类,3_14_0
140,清华大学,2022,北京,3,本科批,临床医学类,（03）,0.0,0.0,0.0,,,普通类,3_14_0
140,清华大学,2022,北京,3,本科批,理科试验班,（03）,0.0,0.0,0.0,,,普通类,3_14_0
140,清华大学,2022,北京,3,本科批,临床医学类,（03）,0.0,0.0,0.0,,,普通类,3_14_51417
140,清华大学,2022,北京,3,本科批,理科试验班,（03）,0.0,0.0,0.0,,,普通类,3_14_51417
140,清华大学,2022,天津,3,本科批A段,文科试验班类,（2）,713.0,0.0,0.0,29.0,,普通类,3_46_60843
140,清华大学,2022,天津,3,本科批A段,法学类,（2）,713.0,0.0,0.0,29.0,1.0,普通类,3_46_60843
140,清华大学,2022,天津,3,本科批A段,社会科学试验班,（2）,708.0,0.0,0.0,79.0,1.0,普通类,3_46_60843
140,清华大学,2022,天津,3,本科批A段,文科试验班类,（2）,713.0,0.0,0.0,29.0,,普通类,3_46_0
140,清华大学,2022,天津,3,本科批A段,计算机类,（3）,713.0,0.0,0.0,29.0,9.0,普通类,3_46_0
140,清华大学,2022,天津,3,本科批A段,法学类,（2）,713.0,0.0,0.0,29.0,1.0,普通类,3_46_0
140,清华大学,2022,天津,3,本科批A段,电子信息类,（3）,710.0,0.0,0.0,60.0,11.0,普通类,3_46_0
140,清华大学,2022,天津,3,本科批A段,工科试验班类,（3）,710.0,0.0,0.0,60.0,,普通类,3_46_0
140,清华大学,2022,天津,3,本科批A段,理科试验班类,（3）,710.0,0.0,0.0,60.0,,普通类,3_46_0
140,清华大学,2022,天津,3,本科批A段,自动化类,（3）,710.0,0.0,0.0,60.0,2.0,普通类,3_46_0
140,清华大学,2022,天津,3,本科批A段,理科试验班类,（3）,709.0,0.0,0.0,67.0,,普通类,3_46_0
140,清华大学,2022,天津,3,本科批A段,临床医学类,（4）,708.0,0.0,0.0,79.0,,普通类,3_46_0
140,清华大学,2022,天津,3,本科批A段,工科试验班类,（3）,708.0,0.0,0.0,79.0,,普通类,3_46_0
140,清华大学,2022,天津,3,本科批A段,社会科学试验班,（2）,708.0,0.0,0.0,79.0,1.0,普通类,3_46_0
140,清华大学,2022,天津,3,本科批A段,临床医学类,（4）,708.0,0.0,0.0,79.0,,普通类,3_46_0
140,清华大学,2022,天津,3,本科批A段,计算机类,（3）,713.0,0.0,0.0,29.0,9.0,普通类,3_46_60401
140,清华大学,2022,天津,3,本科批A段,电子信息类,（3）,710.0,0.0,0.0,60.0,11.0,普通类,3_46_60401
140,清华大学,2022,天津,3,本科批A段,工科试验班类,（3）,710.0,0.0,0.0,60.0,,普通类,3_46_60401
140,清华大学,2022,天津,3,本科批A段,理科试验班类,（3）,710.0,0.0,0.0,60.0,,普通类,3_46_60401
140,清华大学,2022,天津,3,本科批A段,自动化类,（3）,710.0,0.0,0.0,60.0,2.0,普通类,3_46_60401
140,清华大学,2022,天津,3,本科批A段,理科试验班类,（3）,709.0,0.0,0.0,67.0,,普通类,3_46_60401
140,清华大学,2022,天津,3,本科批A段,工科试验班类,（3）,708.0,0.0,0.0,79.0,,普通类,3_46_60401
140,清华大学,2022,天津,3,本科批A段,临床医学类,（4）,708.0,0.0,0.0,79.0,,普通类,3_46_60104
140,清华大学,2022,天津,3,本科批A段,临床医学类,（4）,708.0,0.0,0.0,79.0,,普通类,3_46_60104
140,清华大学,2022,河北,2074,本科批,文科试验班类,,665.0,0.0,0.0,32.0,2.0,普通类,2074_14_0
140,清华大学,2022,河北,2073,本科批,临床医学类,,674.0,0.0,0.0,72.0,4.0,普通类,2073_14_0
140,清华大学,2022,河北,2073,本科批,理科试验班类,,673.0,0.0,0.0,82.0,33.0,普通类,2073_14_0
140,清华大学,2022,山西,2,本科一批A段,文科试验班类,,627.0,0.0,632.0,9.0,1.0,普通类,2_51_0
140,清华大学,2022,山西,1,本科一批A段,计算机类,,682.0,0.0,687.0,14.0,2.0,普通类,1_51_0
140,清华大学,2022,山西,1,本科一批A段,理科试验班类,,682.0,0.0,685.0,14.0,,普通类,1_51_0
140,清华大学,2022,山西,1,本科一批A段,电子信息类,,673.0,0.0,679.0,37.0,4.0,普通类,1_51_0
140,清华大学,2022,山西,1,本科一批A段,理科试验班,,669.0,0.0,689.0,56.0,1.0,普通类,1_51_0
140,清华大学,2022,山西,1,本科一批A段,工科试验班类,,668.0,0.0,679.0,61.0,,普通类,1_51_0
140,清华大学,2022,山西,1,本科一批A段,自动化类,,668.0,0.0,674.0,61.0,2.0,普通类,1_51_0
140,清华大学,2022,山西,1,本科一批A段,理科试验班类,,667.0,0.0,676.0,70.0,,普通类,1_51_0
140,清华大学,2022,山西,1,本科一批A段,临床医学类,,667.0,0.0,673.0,70.0,,普通类,1_51_0
140,清华大学,2022,山西,1,本科一批A段,理科试验班类,,667.0,0.0,672.0,70.0,,普通类,1_51_0
140,清华大学,2022,山西,1,本科一批A段,工科试验班类,,667.0,0.0,670.0,70.0,,普通类,1_51_0
140,清华大学,2022,山西,1,本科一批A段,工科试验班,,667.0,0.0,670.0,70.0,,普通类,1_51_0
140,清华大学,2022,内蒙古,1,本科一批,工科试验班类,,690.0,690.0,0.0,,,普通类,1_7_0
140,清华大学,2022,内蒙古,1,本科一批,建筑类,,680.0,680.0,0.0,,1.0,普通类,1_7_0
140,清华大学,2022,内蒙古,1,本科一批,理科试验班类,,679.0,679.0,0.0,,,普通类,1_7_0
140,清华大学,2022,内蒙古,1,本科一批,自动化类,,674.0,686.0,0.0,,2.0,普通类,1_7_0
140,清华大学,2022,内蒙古,1,本科一批,理科试验班类,,673.0,685.0,0.0,,,普通类,1_7_0
140,清华大学,2022,内蒙古,1,本科一批,临床医学类,,672.0,672.0,0.0,,,普通类,1_7_0
140,清华大学,2022,内蒙古,1,本科一批,临床医学类,,671.0,679.0,0.0,,,普通类,1_7_0
140,清华大学,2022,内蒙古,1,本科一批,理科试验班类,,670.0,681.0,0.0,,,普通类,1_7_0
140,清华大学,2022,内蒙古,1,本科一批,电子信息类,,669.0,695.0,0.0,,11.0,普通类,1_7_0
140,清华大学,2022,内蒙古,1,本科一批,计算机类,,669.0,692.0,0.0,,6.0,普通类,1_7_0
140,清华大学,2022,内蒙古,1,本科一批,工科试验班,,669.0,671.0,0.0,,,普通类,1_7_0
140,清华大学,2022,内蒙古,1,本科一批,工科试验班,,668.0,668.0,0.0,,,普通类,1_7_0
140,清华大学,2022,内蒙古,1,本科提前批B段,临床医学类,,665.0,665.0,0.0,,,普通类,1_37_0
140,清华大学,2022,内蒙古,1,本科提前批B段,工科试验班类,,665.0,665.0,0.0,,,普通类,1_37_0
140,清华大学,2022,内蒙古,1,本科提前批B段,工科试验班类,,664.0,665.0,0.0,,,普通类,1_37_0
140,清华大学,2022,内蒙古,1,本科提前批B段,工科试验班,,654.0,654.0,0.0,,,普通类,1_37_0
140,清华大学,2022,内蒙古,1,本科提前批B段,建筑类,,650.0,650.0,0.0,138.0,,普通类,1_37_0
140,清华大学,2022,内蒙古,1,本科提前批A段,机械工程,,661.0,661.0,0.0,,,普通类,1_36_0
140,清华大学,2022,内蒙古,1,本科提前批A段,核工程与核技术,,656.0,656.0,0.0,,,普通类,1_36_0
140,清华大学,2022,内蒙古,1,本科提前批A段,化学工程与工业生物工程,,656.0,656.0,0.0,,,普通类,1_36_0
140,清华大学,2022,内蒙古,2,本科提前批B段,社会科学试验班,,589.0,589.0,0.0,157.0,,普通类,2_37_0
140,清华大学,2022,内蒙古,2,本科一批,文科试验班类,,629.0,629.0,0.0,,2.0,普通类,2_7_0
140,清华大学,2022,内蒙古,2,本科一批,法学类,,624.0,624.0,0.0,,1.0,普通类,2_7_0
140,清华大学,2022,辽宁,2074,本科批,文科试验班类,,661.0,0.0,0.0,19.0,,普通类,2074_14_0
140,清华大学,2022,辽宁,2073,本科批,临床医学类,,682.0,0.0,0.0,72.0,,普通类,2073_14_0
140,清华大学,2022,辽宁,2073,本科批,理科试验班类,,682.0,0.0,0.0,72.0,,普通类,2073_14_0
140,清华大学,2022,吉林,1,本科一批A段,计算机类,,700.0,700.0,700.0,106.0,1.0,普通类,1_51_0
140,清华大学,2022,吉林,1,本科一批A段,理科试验班类,,689.0,689.0,689.0,106.0,,普通类,1_51_0
140,清华大学,2022,吉林,1,本科一批A段,理科试验班类,,683.0,702.0,694.0,106.0,,普通类,1_51_0
140,清华大学,2022,吉林,1,本科一批A段,理科试验班类,,683.0,702.0,694.0,106.0,,普通类,1_51_0
140,清华大学,2022,吉林,1,本科一批A段,临床医学类,,683.0,697.0,690.0,106.0,,普通类,1_51_0
140,清华大学,2022,吉林,1,本科一批A段,电子信息类,,680.0,699.0,686.0,106.0,7.0,普通类,1_51_0
140,清华大学,2022,吉林,1,本科一批A段,临床医学类,,678.0,682.0,679.0,106.0,,普通类,1_51_0
140,清华大学,2022,吉林,1,本科一批A段,工科试验班,,677.0,677.0,677.0,106.0,,普通类,1_51_0
140,清华大学,2022,吉林,1,本科一批A段,工科试验班类,,676.0,678.0,677.0,106.0,,普通类,1_51_0
140,清华大学,2022,吉林,1,本科一批A段,自动化类,,675.0,699.0,683.0,106.0,4.0,普通类,1_51_0
140,清华大学,2022,吉林,1,本科一批A段,工科试验班类,,675.0,679.0,677.0,106.0,,普通类,1_51_0
140,清华大学,2022,吉林,2,本科一批A段,法学类,,637.0,637.0,637.0,104.0,1.0,普通类,2_51_0
140,清华大学,2022,吉林,2,本科一批A段,文科试验班类,,636.0,645.0,640.0,104.0,3.0,普通类,2_51_0
140,清华大学,2022,黑龙江,1,提前批,车辆工程,,652.0,652.0,0.0,129.0,,普通类,1_1989_0
140,清华大学,2022,黑龙江,1,提前批,核工程与核技术,,651.0,651.0,0.0,136.0,,普通类,1_1989_0
140,清华大学,2022,黑龙江,1,提前批,机械工程,,646.0,646.0,0.0,176.0,,普通类,1_1989_0
140,清华大学,2022,黑龙江,1,本科一批A段,理科试验班类,,690.0,690.0,0.0,17.0,,普通类,1_51_0
140,清华大学,2022,黑龙江,1,本科一批A段,计算机类,,682.0,708.0,0.0,17.0,2.0,普通类,1_51_0
140,清华大学,2022,黑龙江,1,本科一批A段,建筑类,,677.0,677.0,0.0,17.0,1.0,普通类,1_51_0
140,清华大学,2022,黑龙江,1,本科一批A段,理科试验班类,,675.0,675.0,0.0,17.0,,普通类,1_51_0
140,清华大学,2022,黑龙江,1,本科一批A段,临床医学类,,674.0,696.0,0.0,27.0,,普通类,1_51_0
140,清华大学,2022,黑龙江,1,本科一批A段,电子信息类,,674.0,697.0,0.0,17.0,3.0,普通类,1_51_0
140,清华大学,2022,黑龙江,1,本科一批A段,自动化类,,669.0,675.0,0.0,17.0,2.0,普通类,1_51_0
140,清华大学,2022,黑龙江,1,本科一批A段,工科试验班类,,666.0,666.0,0.0,17.0,,普通类,1_51_0
140,清华大学,2022,黑龙江,1,本科一批A段,法学类,,665.0,665.0,0.0,17.0,1.0,普通类,1_51_0
140,清华大学,2022,黑龙江,1,本科一批A段,工科试验班类,,665.0,665.0,0.0,17.0,,普通类,1_51_0
140,清华大学,2022,黑龙江,1,本科一批A段,工科试验班,,665.0,675.0,0.0,17.0,,普通类,1_51_0
140,清华大学,2022,黑龙江,2,本科一批A段,文科试验班类,,633.0,644.0,0.0,15.0,1.0,普通类,2_51_0
140,清华大学,2022,江苏,2074,本科批,文科试验班类,（02）,639.0,643.0,0.0,,1.0,普通类,2074_14_75268
140,清华大学,2022,江苏,2074,本科批,文科试验班类,（02）,639.0,643.0,0.0,,1.0,普通类,2074_14_0
140,清华大学,2022,江苏,2073,本科批,工科试验班类,（04）,681.0,681.0,0.0,,,普通类,2073_14_77212
140,清华大学,2022,江苏,2073,本科批,计算机类,（04）,678.0,692.0,0.0,,2.0,普通类,2073_14_77212
140,清华大学,2022,江苏,2073,本科批,理科试验班类,（04）,676.0,680.0,0.0,,,普通类,2073_14_77212
140,清华大学,2022,江苏,2073,本科批,工科试验班类,（04）,675.0,675.0,0.0,,,普通类,2073_14_77212
140,清华大学,2022,江苏,2073,本科批,电子信息类,（04）,674.0,683.0,0.0,,3.0,普通类,2073_14_77212
140,清华大学,2022,江苏,2073,本科批,理科试验班类,（04）,674.0,674.0,0.0,,,普通类,2073_14_77212
140,清华大学,2022,江苏,2073,本科批,理科试验班类,（04）,674.0,680.0,0.0,,,普通类,2073_14_77212
140,清华大学,2022,江苏,2073,本科批,自动化类,（04）,674.0,678.0,0.0,,2.0,普通类,2073_14_77212
140,清华大学,2022,江苏,2073,本科批,工科试验班类,（04）,681.0,681.0,0.0,,,普通类,2073_14_0
140,清华大学,2022,江苏,2073,本科批,计算机类,（04）,678.0,692.0,0.0,,2.0,普通类,2073_14_0
140,清华大学,2022,江苏,2073,本科批,临床医学类,（05）,676.0,681.0,0.0,,,普通类,2073_14_0
140,清华大学,2022,江苏,2073,本科批,理科试验班类,（04）,676.0,680.0,0.0,,,普通类,2073_14_0
140,清华大学,2022,江苏,2073,本科批,工科试验班类,（04）,675.0,675.0,0.0,,,普通类,2073_14_0
140,清华大学,2022,江苏,2073,本科批,电子信息类,（04）,674.0,683.0,0.0,,3.0,普通类,2073_14_0
140,清华大学,2022,江苏,2073,本科批,理科试验班类,（04）,674.0,674.0,0.0,,,普通类,2073_14_0
140,清华大学,2022,江苏,2073,本科批,理科试验班类,（04）,674.0,680.0,0.0,,,普通类,2073_14_0
140,清华大学,2022,江苏,2073,本科批,理科试验班,（05）,674.0,677.0,0.0,,1.0,普通类,2073_14_0
140,清华大学,2022,江苏,2073,本科批,自动化类,（04）,674.0,678.0,0.0,,2.0,普通类,2073_14_0
140,清华大学,2022,江苏,2073,本科批,临床医学类,（05）,676.0,681.0,0.0,,,普通类,2073_14_76859
140,清华大学,2022,江苏,2073,本科批,理科试验班,（05）,674.0,677.0,0.0,,1.0,普通类,2073_14_76859
140,清华大学,2022,浙江,3,平行录取一段,文科试验班类,,710.0,0.0,0.0,1.0,,普通类,3_16_0
140,清华大学,2022,浙江,3,平行录取一段,临床医学类,,696.0,0.0,0.0,67.0,,普通类,3_16_0
140,清华大学,2022,浙江,3,平行录取一段,理科试验班类,,695.0,0.0,0.0,83.0,,普通类,3_16_0
140,清华大学,2022,福建,2074,本科批,社会科学试验班,3005（L999）,669.0,674.0,672.0,,2.0,普通类,2074_14_78783
140,清华大学,2022,福建,2074,本科批,法学类,3005（L999）,659.0,659.0,659.0,17.0,1.0,普通类,2074_14_78783
140,清华大学,2022,福建,2074,本科批,社会科学试验班,3005（L999）,669.0,674.0,672.0,,2.0,普通类,2074_14_0
140,清华大学,2022,福建,2074,本科批,法学类,3005（L999）,659.0,659.0,659.0,17.0,1.0,普通类,2074_14_0
140,清华大学,2022,福建,2073,本科批,工科试验班,3005（W500）,680.0,680.0,680.0,74.0,2.0,普通类,2073_14_81479
140,清华大学,2022,福建,2073,本科批,理科试验班,3005（W500）,679.0,681.0,680.0,86.0,3.0,普通类,2073_14_81479
140,清华大学,2022,福建,2073,本科批,临床医学类,3005（W500）,679.0,679.0,679.0,86.0,,普通类,2073_14_81479
140,清华大学,2022,福建,2073,本科批,理科试验班类,（W999）,695.0,701.0,698.0,,,普通类,2073_14_0
140,清华大学,2022,福建,2073,本科批,计算机类,（W999）,691.0,702.0,696.0,,5.0,普通类,2073_14_0
140,清华大学,2022,福建,2073,本科批,电子信息类,（W999）,685.0,695.0,688.0,,5.0,普通类,2073_14_0
140,清华大学,2022,福建,2073,本科批,理科试验班类,（W999）,684.0,684.0,684.0,,,普通类,2073_14_0
140,清华大学,2022,福建,2073,本科批,工科试验班类,（W999）,683.0,689.0,685.0,51.0,,普通类,2073_14_0
140,清华大学,2022,福建,2073,本科批,自动化类,（W999）,683.0,686.0,685.0,51.0,6.0,普通类,2073_14_0
140,清华大学,2022,福建,2073,本科批,工科试验班类,（W999）,680.0,681.0,681.0,74.0,,普通类,2073_14_0
140,清华大学,2022,福建,2073,本科批,工科试验班类,（W999）,680.0,685.0,681.0,74.0,,普通类,2073_14_0
140,清华大学,2022,福建,2073,本科批,建筑类,（W999）,680.0,680.0,680.0,74.0,1.0,普通类,2073_14_0
140,清华大学,2022,福建,2073,本科批,工科试验班,3005（W500）,680.0,680.0,680.0,74.0,2.0,普通类,2073_14_0
140,清华大学,2022,福建,2073,本科批,土木类,（W999）,680.0,680.0,680.0,74.0,1.0,普通类,2073_14_0
140,清华大学,2022,福建,2073,本科批,理科试验班,3005（W500）,679.0,681.0,680.0,86.0,3.0,普通类,2073_14_0
140,清华大学,2022,福建,2073,本科批,临床医学类,3005（W500）,679.0,679.0,679.0,86.0,,普通类,2073_14_0
140,清华大学,2022,福建,2073,本科批,理科试验班类,（W999）,677.0,684.0,680.0,107.0,,普通类,2073_14_0
140,清华大学,2022,福建,2073,本科批,理科试验班类,（W999）,695.0,701.0,698.0,,,普通类,2073_14_80051
140,清华大学,2022,福建,2073,本科批,计算机类,（W999）,691.0,702.0,696.0,,5.0,普通类,2073_14_80051
140,清华大学,2022,福建,2073,本科批,电子信息类,（W999）,685.0,695.0,688.0,,5.0,普通类,2073_14_80051
140,清华大学,2022,福建,2073,本科批,理科试验班类,（W999）,684.0,684.0,684.0,,,普通类,2073_14_80051
140,清华大学,2022,福建,2073,本科批,工科试验班类,（W999）,683.0,689.0,685.0,51.0,,普通类,2073_14_80051
140,清华大学,2022,福建,2073,本科批,自动化类,（W999）,683.0,686.0,685.0,51.0,6.0,普通类,2073_14_80051
140,清华大学,2022,福建,2073,本科批,工科试验班类,（W999）,680.0,681.0,681.0,74.0,,普通类,2073_14_80051
140,清华大学,2022,福建,2073,本科批,工科试验班类,（W999）,680.0,685.0,681.0,74.0,,普通类,2073_14_80051
140,清华大学,2022,福建,2073,本科批,建筑类,（W999）,680.0,680.0,680.0,74.0,1.0,普通类,2073_14_80051
140,清华大学,2022,福建,2073,本科批,土木类,（W999）,680.0,680.0,680.0,74.0,1.0,普通类,2073_14_80051
140,清华大学,2022,福建,2073,本科批,理科试验班类,（W999）,677.0,684.0,680.0,107.0,,普通类,2073_14_80051
140,清华大学,2022,江西,2,本科一批,文科试验班类,,654.0,663.0,0.0,,,普通类,2_7_0
140,清华大学,2022,江西,2,本科一批,法学类,,644.0,652.0,0.0,,1.0,普通类,2_7_0
140,清华大学,2022,江西,1,本科一批,计算机类,,674.0,683.0,0.0,,1.0,普通类,1_7_0
140,清华大学,2022,江西,1,本科一批,电子信息类,,673.0,675.0,0.0,,2.0,普通类,1_7_0
140,清华大学,2022,江西,1,本科一批,理科试验班,,673.0,673.0,0.0,,,普通类,1_7_0
140,清华大学,2022,江西,1,本科一批,理科试验班,,673.0,682.0,0.0,,,普通类,1_7_0
140,清华大学,2022,江西,1,本科一批,理科试验班,,672.0,672.0,0.0,34.0,,普通类,1_7_0
140,清华大学,2022,江西,1,本科一批,理科试验班类,,670.0,670.0,0.0,43.0,1.0,普通类,1_7_0
140,清华大学,2022,江西,1,本科一批,临床医学类,,670.0,671.0,0.0,43.0,,普通类,1_7_0
140,清华大学,2022,江西,1,本科一批,自动化类,,670.0,675.0,0.0,43.0,1.0,普通类,1_7_0
140,清华大学,2022,山东,3,普通类一段,文科试验班类,,680.0,0.0,0.0,22.0,1.0,普通类,3_1570_0
140,清华大学,2022,山东,3,普通类一段,临床医学类,,674.0,0.0,0.0,114.0,8.0,普通类,3_1570_0
140,清华大学,2022,山东,3,普通类一段,理科试验班类,,672.0,0.0,0.0,155.0,64.0,普通类,3_1570_0
140,清华大学,2022,河南,2,本科一批,文科试验班类,,652.0,663.0,656.0,11.0,4.0,普通类,2_7_0
140,清华大学,2022,河南,1,本科一批,理科试验班类,,692.0,698.0,694.0,24.0,,普通类,1_7_0
140,清华大学,2022,河南,1,本科一批,理科试验班,,687.0,687.0,687.0,56.0,1.0,普通类,1_7_0
140,清华大学,2022,河南,1,本科一批,计算机类,,686.0,707.0,693.0,68.0,19.0,普通类,1_7_0
140,清华大学,2022,河南,1,本科一批,理科试验班类,,686.0,700.0,691.0,68.0,,普通类,1_7_0
140,清华大学,2022,河南,1,本科一批,工科试验班,,686.0,686.0,686.0,68.0,,普通类,1_7_0
140,清华大学,2022,河南,1,本科一批,电子信息类,,684.0,698.0,688.0,82.0,12.0,普通类,1_7_0
140,清华大学,2022,河南,1,本科一批,自动化类,,684.0,709.0,688.0,82.0,11.0,普通类,1_7_0
140,清华大学,2022,河南,1,本科一批,工科试验班类,,684.0,688.0,686.0,82.0,,普通类,1_7_0
140,清华大学,2022,河南,1,本科一批,工科试验班类,,684.0,689.0,686.0,82.0,,普通类,1_7_0
140,清华大学,2022,河南,1,本科一批,理科试验班类,,684.0,687.0,685.0,82.0,,普通类,1_7_0
140,清华大学,2022,河南,1,本科一批,临床医学类,,684.0,684.0,684.0,82.0,,普通类,1_7_0
140,清华大学,2022,广东,2074,本科提前批,马克思主义理论,（101）,653.0,653.0,0.0,21.0,1.0,普通类,2074_6_56773
140,清华大学,2022,广东,2074,本科提前批,马克思主义理论,（101）,653.0,653.0,0.0,21.0,1.0,普通类,2074_6_0
140,清华大学,2022,广东,2073,本科提前批,核工程与核技术,（103）,672.0,678.0,0.0,353.0,6.0,普通类,2073_6_56774
140,清华大学,2022,广东,2073,本科提前批,核工程与核技术,（103）,672.0,678.0,0.0,353.0,6.0,普通类,2073_6_0
140,清华大学,2022,广东,2074,本科批,文科试验班类,（201）,656.0,656.0,0.0,8.0,1.0,普通类,2074_14_52660
140,清华大学,2022,广东,2074,本科批,法学类,（201）,655.0,655.0,0.0,13.0,1.0,普通类,2074_14_52660
140,清华大学,2022,广东,2074,本科批,文科试验班类,（201）,656.0,656.0,0.0,8.0,1.0,普通类,2074_14_0
140,清华大学,2022,广东,2074,本科批,法学类,（201）,655.0,655.0,0.0,13.0,1.0,普通类,2074_14_0
140,清华大学,2022,广东,2073,本科批,理科试验班类,（202）,694.0,694.0,0.0,17.0,,普通类,2073_14_52661
140,清华大学,2022,广东,2073,本科批,理科试验班类,（202）,691.0,700.0,0.0,27.0,,普通类,2073_14_52661
140,清华大学,2022,广东,2073,本科批,计算机类,（202）,690.0,709.0,0.0,37.0,3.0,普通类,2073_14_52661
140,清华大学,2022,广东,2073,本科批,理科试验班类,（202）,689.0,708.0,0.0,41.0,,普通类,2073_14_52661
140,清华大学,2022,广东,2073,本科批,工科试验班类,（202）,689.0,689.0,0.0,41.0,,普通类,2073_14_52661
140,清华大学,2022,广东,2073,本科批,建筑类,（202）,687.0,687.0,0.0,53.0,4.0,普通类,2073_14_52661
140,清华大学,2022,广东,2073,本科批,工科试验班类,（202）,686.0,690.0,0.0,63.0,,普通类,2073_14_52661
140,清华大学,2022,广东,2073,本科批,自动化类,（202）,685.0,700.0,0.0,73.0,3.0,普通类,2073_14_52661
140,清华大学,2022,广东,2073,本科批,电子信息类,（202）,684.0,692.0,0.0,86.0,6.0,普通类,2073_14_52661
140,清华大学,2022,广东,2073,本科批,工科试验班类,（202）,684.0,684.0,0.0,86.0,,普通类,2073_14_52661
140,清华大学,2022,广东,2073,本科批,理科试验班类,（202）,694.0,694.0,0.0,17.0,,普通类,2073_14_0
140,清华大学,2022,广东,2073,本科批,理科试验班类,（202）,691.0,700.0,0.0,27.0,,普通类,2073_14_0
140,清华大学,2022,广东,2073,本科批,计算机类,（202）,690.0,709.0,0.0,37.0,3.0,普通类,2073_14_0
140,清华大学,2022,广东,2073,本科批,理科试验班类,（202）,689.0,708.0,0.0,41.0,,普通类,2073_14_0
140,清华大学,2022,广东,2073,本科批,工科试验班类,（202）,689.0,689.0,0.0,41.0,,普通类,2073_14_0
140,清华大学,2022,广东,2073,本科批,建筑类,（202）,687.0,687.0,0.0,53.0,4.0,普通类,2073_14_0
140,清华大学,2022,广东,2073,本科批,工科试验班类,（202）,686.0,690.0,0.0,63.0,,普通类,2073_14_0
140,清华大学,2022,广东,2073,本科批,临床医学类,（203）,685.0,694.0,0.0,73.0,,普通类,2073_14_0
140,清华大学,2022,广东,2073,本科批,自动化类,（202）,685.0,700.0,0.0,73.0,3.0,普通类,2073_14_0
140,清华大学,2022,广东,2073,本科批,电子信息类,（202）,684.0,692.0,0.0,86.0,6.0,普通类,2073_14_0
140,清华大学,2022,广东,2073,本科批,临床医学类,（203）,684.0,693.0,0.0,86.0,,普通类,2073_14_0
140,清华大学,2022,广东,2073,本科批,理科试验班,（203）,684.0,690.0,0.0,86.0,1.0,普通类,2073_14_0
140,清华大学,2022,广东,2073,本科批,工科试验班类,（202）,684.0,684.0,0.0,86.0,,普通类,2073_14_0
140,清华大学,2022,广东,2073,本科批,临床医学类,（203）,685.0,694.0,0.0,73.0,,普通类,2073_14_52662
140,清华大学,2022,广东,2073,本科批,临床医学类,（203）,684.0,693.0,0.0,86.0,,普通类,2073_14_52662
140,清华大学,2022,广东,2073,本科批,理科试验班,（203）,684.0,690.0,0.0,86.0,1.0,普通类,2073_14_52662
140,清华大学,2022,广西,2,本科一批,法学类,,672.0,672.0,0.0,,1.0,普通类,2_7_0
140,清华大学,2022,广西,2,本科一批,文科试验班类,,671.0,680.0,0.0,,2.0,普通类,2_7_0
140,清华大学,2022,广西,1,本科一批,理科试验班类,,697.0,697.0,0.0,13.0,,普通类,1_7_0
140,清华大学,2022,广西,1,本科一批,理科试验班类,,697.0,697.0,0.0,13.0,,普通类,1_7_0
140,清华大学,2022,广西,1,本科一批,计算机类,,696.0,715.0,0.0,16.0,3.0,普通类,1_7_0
140,清华大学,2022,广西,1,本科一批,电子信息类,,693.0,699.0,0.0,17.0,4.0,普通类,1_7_0
140,清华大学,2022,广西,1,本科一批,自动化类,,686.0,688.0,0.0,33.0,2.0,普通类,1_7_0
140,清华大学,2022,广西,1,本科一批,临床医学类,,685.0,691.0,0.0,37.0,,普通类,1_7_0
140,清华大学,2022,广西,1,本科一批,工科试验班,,685.0,692.0,0.0,37.0,,普通类,1_7_0
140,清华大学,2022,广西,1,本科一批,理科试验班类,,684.0,691.0,0.0,42.0,,普通类,1_7_0
140,清华大学,2022,广西,1,本科一批,临床医学类,,684.0,684.0,0.0,42.0,,普通类,1_7_0
140,清华大学,2022,广西,1,本科一批,工科试验班类,,682.0,703.0,0.0,54.0,,普通类,1_7_0
140,清华大学,2022,广西,1,本科一批,工科试验班类,,682.0,683.0,0.0,54.0,,普通类,1_7_0
140,清华大学,2022,广西,1,本科一批,理科试验班,,682.0,683.0,0.0,54.0,2.0,普通类,1_7_0
140,清华大学,2022,广西,1,本科一批,建筑类,,681.0,686.0,0.0,62.0,2.0,普通类,1_7_0
140,清华大学,2022,广西,1,本科一批,法学类,,681.0,684.0,0.0,62.0,2.0,普通类,1_7_0
140,清华大学,2022,海南,3,本科批,文科试验班类,（14）,867.0,0.0,0.0,9.0,1.0,普通类,3_14_81983
140,清华大学,2022,海南,3,本科批,文科试验班类,（14）,867.0,0.0,0.0,9.0,1.0,普通类,3_14_0
140,清华大学,2022,海南,3,本科批,理科试验班类,（15）,864.0,0.0,0.0,10.0,1.0,普通类,3_14_0
140,清华大学,2022,海南,3,本科批,计算机类,（15）,861.0,0.0,0.0,11.0,1.0,普通类,3_14_0
140,清华大学,2022,海南,3,本科批,电子信息类,（15）,844.0,0.0,0.0,20.0,1.0,普通类,3_14_0
140,清华大学,2022,海南,3,本科批,工科试验班类,（15）,842.0,0.0,0.0,21.0,,普通类,3_14_0
140,清华大学,2022,海南,3,本科批,临床医学类,（17）,841.0,0.0,0.0,22.0,,普通类,3_14_0
140,清华大学,2022,海南,3,本科批,临床医学类,（17）,834.0,0.0,0.0,28.0,,普通类,3_14_0
140,清华大学,2022,海南,3,本科批,核工程与核技术,（16）,824.0,0.0,0.0,40.0,1.0,普通类,3_14_0
140,清华大学,2022,海南,3,本科批,理科试验班类,（15）,864.0,0.0,0.0,10.0,1.0,普通类,3_14_81978
140,清华大学,2022,海南,3,本科批,计算机类,（15）,861.0,0.0,0.0,11.0,1.0,普通类,3_14_81978
140,清华大学,2022,海南,3,本科批,电子信息类,（15）,844.0,0.0,0.0,20.0,1.0,普通类,3_14_81978
140,清华大学,2022,海南,3,本科批,工科试验班类,（15）,842.0,0.0,0.0,21.0,,普通类,3_14_81978
140,清华大学,2022,海南,3,本科批,核工程与核技术,（16）,824.0,0.0,0.0,40.0,1.0,普通类,3_14_81973
140,清华大学,2022,海南,3,本科批,临床医学类,（17）,841.0,0.0,0.0,22.0,,普通类,3_14_81968
140,清华大学,2022,海南,3,本科批,临床医学类,（17）,834.0,0.0,0.0,28.0,,普通类,3_14_81968
140,清华大学,2022,重庆,2073,本科批,临床医学类,,682.0,0.0,0.0,145.0,3.0,普通类,2073_14_0
140,清华大学,2022,重庆,2073,本科批,理科试验班类,,681.0,0.0,0.0,145.0,15.0,普通类,2073_14_0
140,清华大学,2022,重庆,2074,本科批,文科试验班类,,662.0,0.0,0.0,59.0,2.0,普通类,2074_14_0
140,清华大学,2022,四川,1,本科一批,临床医学类,,694.0,694.0,694.0,65.0,,普通类,1_7_0
140,清华大学,2022,四川,1,本科一批,工科试验班,,693.0,709.0,701.0,77.0,,普通类,1_7_0
140,清华大学,2022,四川,1,本科一批,社会科学试验班,,693.0,697.0,695.0,77.0,,普通类,1_7_0
140,清华大学,2022,四川,1,本科一批,工科试验班,,693.0,695.0,694.0,77.0,,普通类,1_7_0
140,清华大学,2022,四川,1,本科一批,工科试验班类,,693.0,698.0,694.0,77.0,,普通类,1_7_0
140,清华大学,2022,四川,1,本科一批,工科试验班类,,693.0,696.0,694.0,77.0,,普通类,1_7_0
140,清华大学,2022,四川,1,本科一批,法学类,,693.0,693.0,693.0,77.0,,普通类,1_7_0
140,清华大学,2022,四川,1,本科一批,理科试验班,,693.0,693.0,693.0,77.0,,普通类,1_7_0
140,清华大学,2022,贵州,2,本科一批,文科试验班类,,679.0,684.0,0.0,7.0,2.0,普通类,2_7_0
140,清华大学,2022,贵州,2,本科一批,社会科学试验班,,679.0,680.0,0.0,8.0,2.0,普通类,2_7_0
140,清华大学,2022,贵州,1,本科一批,理科试验班类,,681.0,681.0,0.0,7.0,,普通类,1_7_0
140,清华大学,2022,贵州,1,本科一批,理科试验班类,,677.0,693.0,0.0,8.0,,普通类,1_7_0
140,清华大学,2022,贵州,1,本科一批,计算机类,,676.0,676.0,0.0,9.0,1.0,普通类,1_7_0
140,清华大学,2022,贵州,1,本科一批,自动化类,,668.0,672.0,0.0,26.0,3.0,普通类,1_7_0
140,清华大学,2022,贵州,1,本科一批,工科试验班,,668.0,670.0,0.0,24.0,,普通类,1_7_0
140,清华大学,2022,贵州,1,本科一批,临床医学类,,667.0,671.0,0.0,28.0,,普通类,1_7_0
140,清华大学,2022,贵州,1,本科一批,工科试验班类,,667.0,667.0,0.0,29.0,,普通类,1_7_0
140,清华大学,2022,贵州,1,本科一批,电子信息类,,666.0,673.0,0.0,32.0,5.0,普通类,1_7_0
140,清华大学,2022,贵州,1,本科一批,理科试验班类,,666.0,682.0,0.0,34.0,,普通类,1_7_0
140,清华大学,2022,贵州,1,本科一批,临床医学类,,666.0,666.0,0.0,31.0,,普通类,1_7_0
140,清华大学,2022,贵州,1,本科一批,工科试验班类,,664.0,669.0,0.0,42.0,,普通类,1_7_0
140,清华大学,2022,云南,2,本科一批,文科试验班类,,702.0,0.0,0.0,51.0,,普通类,2_7_0
140,清华大学,2022,云南,2,本科一批,社会科学试验班,,697.0,0.0,0.0,51.0,,普通类,2_7_0
140,清华大学,2022,云南,1,本科一批,计算机类,,725.0,0.0,0.0,55.0,,普通类,1_7_0
140,清华大学,2022,云南,1,本科一批,理科试验班类,,721.0,0.0,0.0,55.0,,普通类,1_7_0
140,清华大学,2022,云南,1,本科一批,自动化类,,716.0,0.0,0.0,55.0,,普通类,1_7_0
140,清华大学,2022,云南,1,本科一批,理科试验班类,,716.0,0.0,0.0,55.0,,普通类,1_7_0
140,清华大学,2022,云南,1,本科一批,理科试验班类,,711.0,0.0,0.0,55.0,,普通类,1_7_0
140,清华大学,2022,云南,1,本科一批,电子信息类,,710.0,0.0,0.0,55.0,,普通类,1_7_0
140,清华大学,2022,云南,1,本科一批,工科试验班,,709.0,0.0,0.0,55.0,,普通类,1_7_0
140,清华大学,2022,云南,1,本科一批,临床医学类,,708.0,0.0,0.0,55.0,,普通类,1_7_0
140,清华大学,2022,云南,1,本科一批,理科试验班,,707.0,0.0,0.0,55.0,,普通类,1_7_0
140,清华大学,2022,云南,1,本科一批,建筑类,,706.0,0.0,0.0,55.0,,普通类,1_7_0
140,清华大学,2022,云南,1,本科一批,工科试验班类,,706.0,0.0,0.0,55.0,,普通类,1_7_0
140,清华大学,2022,云南,1,本科一批,工科试验班,,706.0,0.0,0.0,55.0,,普通类,1_7_0
140,清华大学,2022,云南,1,本科一批,临床医学类,,705.0,0.0,0.0,55.0,,普通类,1_7_0
140,清华大学,2022,陕西,1,本科一批,理科试验班类,,702.0,706.0,704.0,7.0,,普通类,1_7_0
140,清华大学,2022,陕西,1,本科一批,计算机类,,696.0,698.0,697.0,19.0,4.0,普通类,1_7_0
140,清华大学,2022,陕西,1,本科一批,临床医学类,,693.0,693.0,693.0,33.0,,普通类,1_7_0
140,清华大学,2022,陕西,1,本科一批,自动化类,,692.0,696.0,694.0,39.0,4.0,普通类,1_7_0
140,清华大学,2022,陕西,1,本科一批,电子信息类,,691.0,696.0,693.0,47.0,8.0,普通类,1_7_0
140,清华大学,2022,陕西,1,本科一批,理科试验班类,,689.0,698.0,694.0,54.0,,普通类,1_7_0
140,清华大学,2022,陕西,1,本科一批,理科试验班类,,687.0,707.0,693.0,67.0,,普通类,1_7_0
140,清华大学,2022,陕西,1,本科一批,工科试验班类,,687.0,698.0,690.0,65.0,,普通类,1_7_0
140,清华大学,2022,陕西,1,本科一批,工科试验班类,,687.0,692.0,689.0,63.0,,普通类,1_7_0
140,清华大学,2022,陕西,1,本科一批,工科试验班,,687.0,687.0,687.0,62.0,,普通类,1_7_0
140,清华大学,2022,陕西,1,本科一批,工科试验班,,687.0,687.0,687.0,68.0,,普通类,1_7_0
140,清华大学,2022,陕西,2,本科一批,文科试验班类,,655.0,676.0,666.0,6.0,2.0,普通类,2_7_0
140,清华大学,2022,陕西,1,国家专项计划本科批,自动化类,,683.0,683.0,683.0,91.0,,普通类,1_12_0
140,清华大学,2022,陕西,1,国家专项计划本科批,工科试验班类,,681.0,681.0,681.0,102.0,,普通类,1_12_0
140,清华大学,2022,陕西,1,国家专项计划本科批,工科试验班类,,672.0,677.0,674.0,200.0,,普通类,1_12_0
140,清华大学,2022,陕西,1,国家专项计划本科批,建筑类,,670.0,672.0,671.0,233.0,,普通类,1_12_0
140,清华大学,2022,陕西,1,国家专项计划本科批,理科试验班,,670.0,670.0,670.0,243.0,,普通类,1_12_0
140,清华大学,2022,陕西,1,国家专项计划本科批,土木类,,669.0,669.0,669.0,262.0,,普通类,1_12_0
140,清华大学,2022,陕西,1,国家专项计划本科批,工科试验班,,668.0,676.0,672.0,263.0,,普通类,1_12_0
140,清华大学,2022,陕西,1,国家专项计划本科批,工科试验班,,668.0,668.0,668.0,272.0,,普通类,1_12_0
140,清华大学,2022,陕西,2,国家专项计划本科批,法学类,,631.0,631.0,631.0,56.0,,普通类,2_12_0
140,清华大学,2022,陕西,2,国家专项计划本科批,社会科学试验班,,627.0,627.0,627.0,84.0,,普通类,2_12_0
140,清华大学,2022,甘肃,2,本科一批I段,文科试验班类,,622.0,630.0,625.0,,1.0,普通类,2_111_0
140,清华大学,2022,甘肃,1,本科一批I段,理科试验班类,,666.0,671.0,669.0,,,普通类,1_111_0
140,清华大学,2022,甘肃,1,本科一批I段,计算机类,,660.0,674.0,665.0,,1.0,普通类,1_111_0
140,清华大学,2022,甘肃,1,本科一批I段,临床医学类,,660.0,660.0,660.0,,,普通类,1_111_0
140,清华大学,2022,甘肃,1,本科一批I段,理科试验班类,,657.0,657.0,657.0,,,普通类,1_111_0
140,清华大学,2022,甘肃,1,本科一批I段,电子信息类,,649.0,663.0,656.0,,2.0,普通类,1_111_0
140,清华大学,2022,甘肃,1,本科一批I段,理科试验班类,,649.0,649.0,649.0,,,普通类,1_111_0
140,清华大学,2022,甘肃,1,本科一批I段,临床医学类,,649.0,649.0,649.0,,,普通类,1_111_0
140,清华大学,2022,甘肃,1,本科一批I段,自动化类,,648.0,665.0,656.0,,1.0,普通类,1_111_0
140,清华大学,2022,甘肃,1,本科一批I段,工科试验班类,,648.0,666.0,653.0,,,普通类,1_111_0
140,清华大学,2022,甘肃,1,本科一批I段,工科试验班类,,648.0,655.0,652.0,,,普通类,1_111_0
140,清华大学,2022,青海,1,本科一段,临床医学类,,636.0,0.0,642.0,10.0,2.0,普通类,1_1564_0
140,清华大学,2022,青海,1,本科一段,电子信息类,,631.0,0.0,632.0,20.0,2.0,普通类,1_1564_0
140,清华大学,2022,青海,1,本科一段,自动化类,,629.0,0.0,631.0,20.0,2.0,普通类,1_1564_0
140,清华大学,2022,青海,1,本科一段,建筑类,,628.0,0.0,628.0,20.0,1.0,普通类,1_1564_0
140,清华大学,2022,青海,1,本科一段,工科试验班类,,623.0,0.0,626.0,20.0,,普通类,1_1564_0
140,清华大学,2022,青海,1,本科一段,工科试验班,,622.0,0.0,634.0,21.0,,普通类,1_1564_0
140,清华大学,2022,新疆,2,本科一批,社会科学试验班,,604.0,604.0,0.0,,1.0,普通类,2_7_0
140,清华大学,2022,新疆,2,本科一批,文科试验班类,,602.0,602.0,0.0,,1.0,普通类,2_7_0
140,清华大学,2022,新疆,1,本科一批,理科试验班类,,669.0,671.0,0.0,,,普通类,1_7_0
140,清华大学,2022,新疆,1,本科一批,临床医学类,,662.0,662.0,0.0,,,普通类,1_7_0
140,清华大学,2022,新疆,1,本科一批,自动化类,,661.0,664.0,0.0,,1.0,普通类,1_7_0
140,清华大学,2022,新疆,1,本科一批,理科试验班类,,659.0,659.0,0.0,,,普通类,1_7_0
140,清华大学,2022,新疆,1,本科一批,计算机类,,657.0,662.0,0.0,,1.0,普通类,1_7_0
140,清华大学,2022,新疆,1,本科一批,电子信息类,,650.0,657.0,0.0,,2.0,普通类,1_7_0
140,清华大学,2022,新疆,1,本科一批,临床医学类,,650.0,650.0,0.0,,,普通类,1_7_0
140,清华大学,2022,新疆,1,本科一批,理科试验班类,,646.0,685.0,0.0,,,普通类,1_7_0
140,清华大学,2022,新疆,1,本科一批,工科试验班,,644.0,644.0,0.0,,,普通类,1_7_0
140,清华大学,2022,新疆,1,本科一批,工科试验班类,,643.0,661.0,0.0,,,普通类,1_7_0
140,清华大学,2022,新疆,1,本科一批,法学类,,643.0,643.0,0.0,,1.0,普通类,1_7_0
140,清华大学,2022,新疆,1,本科一批,工科试验班类,,642.0,650.0,0.0,,,普通类,1_7_0
140,清华大学,2022,新疆,1,本科一批,理科试验班,,642.0,642.0,0.0,,1.0,普通类,1_7_0
140,清华大学,2023,北京,3,本科批,工科试验班类,（02）,690.0,0.0,0.0,221.0,,普通类,3_14_109157
140,清华大学,2023,北京,3,本科批,建筑类,（02）,685.0,0.0,0.0,368.0,,普通类,3_14_109157
140,清华大学,2023,北京,3,本科批,电子信息类,（02）,685.0,0.0,0.0,368.0,,普通类,3_14_109157
140,清华大学,2023,北京,3,本科批,计算机类,（02）,685.0,0.0,0.0,368.0,,普通类,3_14_109157
140,清华大学,2023,北京,3,本科批,工科试验班类,（02）,685.0,0.0,0.0,368.0,,普通类,3_14_109157
140,清华大学,2023,北京,3,本科批,工科试验班类,（02）,685.0,0.0,0.0,368.0,,普通类,3_14_109157
140,清华大学,2023,北京,3,本科批,理科试验班类,（02）,685.0,0.0,0.0,368.0,,普通类,3_14_109157
140,清华大学,2023,北京,3,本科批,理科试验班类,（02）,685.0,0.0,0.0,368.0,,普通类,3_14_109157
140,清华大学,2023,北京,3,本科批,理科试验班类,（02）,685.0,0.0,0.0,368.0,,普通类,3_14_109157
140,清华大学,2023,北京,3,本科批,自动化类,（02）,685.0,0.0,0.0,368.0,,普通类,3_14_109157
140,清华大学,2023,北京,3,本科批,文科试验班类,（01）,691.0,0.0,0.0,192.0,,普通类,3_14_0
140,清华大学,2023,北京,3,本科批,文科试验班类,（01）,691.0,0.0,0.0,192.0,,普通类,3_14_0
140,清华大学,2023,北京,3,本科批,工科试验班类,（02）,690.0,0.0,0.0,221.0,,普通类,3_14_0
140,清华大学,2023,北京,3,本科批,建筑类,（02）,685.0,0.0,0.0,368.0,,普通类,3_14_0
140,清华大学,2023,北京,3,本科批,电子信息类,（02）,685.0,0.0,0.0,368.0,,普通类,3_14_0
140,清华大学,2023,北京,3,本科批,计算机类,（02）,685.0,0.0,0.0,368.0,,普通类,3_14_0
140,清华大学,2023,北京,3,本科批,临床医学类,（03）,685.0,0.0,0.0,368.0,,普通类,3_14_0
140,清华大学,2023,北京,3,本科批,临床医学类,（03）,685.0,0.0,0.0,368.0,,普通类,3_14_0
140,清华大学,2023,北京,3,本科批,工科试验班类,（02）,685.0,0.0,0.0,368.0,,普通类,3_14_0
140,清华大学,2023,北京,3,本科批,工科试验班类,（02）,685.0,0.0,0.0,368.0,,普通类,3_14_0
140,清华大学,2023,北京,3,本科批,理科试验班类,（02）,685.0,0.0,0.0,368.0,,普通类,3_14_0
140,清华大学,2023,北京,3,本科批,理科试验班类,（02）,685.0,0.0,0.0,368.0,,普通类,3_14_0
140,清华大学,2023,北京,3,本科批,理科试验班类,（02）,685.0,0.0,0.0,368.0,,普通类,3_14_0
140,清华大学,2023,北京,3,本科批,理科试验班,（03）,685.0,0.0,0.0,368.0,,普通类,3_14_0
140,清华大学,2023,北京,3,本科批,自动化类,（02）,685.0,0.0,0.0,368.0,,普通类,3_14_0
140,清华大学,2023,北京,3,本科批,工科试验班,（03）,685.0,0.0,0.0,368.0,,普通类,3_14_0
140,清华大学,2023,北京,3,本科批,临床医学类,（03）,685.0,0.0,0.0,368.0,,普通类,3_14_109156
140,清华大学,2023,北京,3,本科批,临床医学类,（03）,685.0,0.0,0.0,368.0,,普通类,3_14_109156
140,清华大学,2023,北京,3,本科批,理科试验班,（03）,685.0,0.0,0.0,368.0,,普通类,3_14_109156
140,清华大学,2023,北京,3,本科批,工科试验班,（03）,685.0,0.0,0.0,368.0,,普通类,3_14_109156
140,清华大学,2023,北京,3,本科批,文科试验班类,（01）,691.0,0.0,0.0,192.0,,普通类,3_14_109158
140,清华大学,2023,北京,3,本科批,文科试验班类,（01）,691.0,0.0,0.0,192.0,,普通类,3_14_109158
140,清华大学,2023,天津,3,本科批A段,文科试验班类,（4）,706.0,0.0,0.0,,,普通类,3_46_129255
140,清华大学,2023,天津,3,本科批A段,文科试验班类,（4）,705.0,0.0,0.0,,,普通类,3_46_129255
140,清华大学,2023,天津,3,本科批A段,计算机类,（3）,707.0,0.0,0.0,,10.0,普通类,3_46_0
140,清华大学,2023,天津,3,本科批A段,文科试验班类,（4）,706.0,0.0,0.0,,,普通类,3_46_0
140,清华大学,2023,天津,3,本科批A段,文科试验班类,（4）,705.0,0.0,0.0,,,普通类,3_46_0
140,清华大学,2023,天津,3,本科批A段,临床医学类,（2）,705.0,0.0,0.0,,,普通类,3_46_0
140,清华大学,2023,天津,3,本科批A段,电子信息类,（3）,704.0,0.0,0.0,,11.0,普通类,3_46_0
140,清华大学,2023,天津,3,本科批A段,理科试验班类,（3）,704.0,0.0,0.0,,,普通类,3_46_0
140,清华大学,2023,天津,3,本科批A段,理科试验班,（2）,704.0,0.0,0.0,,2.0,普通类,3_46_0
140,清华大学,2023,天津,3,本科批A段,自动化类,（3）,703.0,0.0,0.0,,3.0,普通类,3_46_0
140,清华大学,2023,天津,3,本科批A段,临床医学类,（2）,702.0,0.0,0.0,,,普通类,3_46_0
140,清华大学,2023,天津,3,本科批A段,理科试验班类,（3）,702.0,0.0,0.0,,,普通类,3_46_0
140,清华大学,2023,天津,3,本科批A段,理科试验班类,（3）,702.0,0.0,0.0,,,普通类,3_46_0
140,清华大学,2023,天津,3,本科批A段,工科试验班类,（3）,701.0,0.0,0.0,,,普通类,3_46_0
140,清华大学,2023,天津,3,本科批A段,工科试验班类,（3）,701.0,0.0,0.0,,,普通类,3_46_0
140,清华大学,2023,天津,3,本科批A段,计算机类,（3）,707.0,0.0,0.0,,10.0,普通类,3_46_129608
140,清华大学,2023,天津,3,本科批A段,电子信息类,（3）,704.0,0.0,0.0,,11.0,普通类,3_46_129608
140,清华大学,2023,天津,3,本科批A段,理科试验班类,（3）,704.0,0.0,0.0,,,普通类,3_46_129608
140,清华大学,2023,天津,3,本科批A段,自动化类,（3）,703.0,0.0,0.0,,3.0,普通类,3_46_129608
140,清华大学,2023,天津,3,本科批A段,理科试验班类,（3）,702.0,0.0,0.0,,,普通类,3_46_129608
140,清华大学,2023,天津,3,本科批A段,理科试验班类,（3）,702.0,0.0,0.0,,,普通类,3_46_129608
140,清华大学,2023,天津,3,本科批A段,工科试验班类,（3）,701.0,0.0,0.0,,,普通类,3_46_129608
140,清华大学,2023,天津,3,本科批A段,工科试验班类,（3）,701.0,0.0,0.0,,,普通类,3_46_129608
140,清华大学,2023,天津,3,本科批A段,临床医学类,（2）,705.0,0.0,0.0,,,普通类,3_46_130095
140,清华大学,2023,天津,3,本科批A段,理科试验班,（2）,704.0,0.0,0.0,,2.0,普通类,3_46_130095
140,清华大学,2023,天津,3,本科批A段,临床医学类,（2）,702.0,0.0,0.0,,,普通类,3_46_130095
140,清华大学,2023,河北,2073,本科批,临床医学类,,690.0,0.0,0.0,38.0,,普通类,2073_14_0
140,清华大学,2023,河北,2073,本科批,理科试验班类,,687.0,0.0,0.0,67.0,,普通类,2073_14_0
140,清华大学,2023,河北,2074,本科批,文科试验班类,,670.0,0.0,0.0,30.0,,普通类,2074_14_0
140,清华大学,2023,河北,2074,本科提前批B段,法学类,,649.0,0.0,0.0,170.0,2.0,普通类,2074_37_0
140,清华大学,2023,河北,2073,本科提前批B段,工科试验班类,,683.0,0.0,0.0,109.0,,普通类,2073_37_0
140,清华大学,2023,河北,2073,本科提前批B段,工科试验班类,,677.0,0.0,0.0,245.0,,普通类,2073_37_0
140,清华大学,2023,河北,2073,本科提前批B段,工科试验班类,,675.0,0.0,0.0,294.0,,普通类,2073_37_0
140,清华大学,2023,河北,2073,本科提前批B段,工科试验班,,671.0,0.0,0.0,416.0,2.0,普通类,2073_37_0
140,清华大学,2023,河北,2073,本科提前批B段,土木类,,669.0,0.0,0.0,508.0,3.0,普通类,2073_37_0
140,清华大学,2023,河北,2074,本科提前批A段,马克思主义理论,,664.0,664.0,664.0,30.0,1.0,普通类,2074_36_0
140,清华大学,2023,山西,2,本科一批A段,文科试验班类,,634.0,0.0,0.0,,2.0,普通类,2_51_0
140,清华大学,2023,山西,1,本科一批A段,计算机类,,690.0,0.0,0.0,,4.0,普通类,1_51_0
140,清华大学,2023,山西,1,本科一批A段,理科试验班类,,688.0,0.0,0.0,15.0,,普通类,1_51_0
140,清华大学,2023,山西,1,本科一批A段,理科试验班类,,688.0,0.0,0.0,15.0,,普通类,1_51_0
140,清华大学,2023,山西,1,本科一批A段,理科试验班类,,681.0,0.0,0.0,47.0,,普通类,1_51_0
140,清华大学,2023,山西,1,本科一批A段,自动化类,,680.0,0.0,0.0,53.0,5.0,普通类,1_51_0
140,清华大学,2023,山西,1,本科一批A段,理科试验班,,678.0,0.0,0.0,59.0,1.0,普通类,1_51_0
140,清华大学,2023,山西,1,本科一批A段,电子信息类,,676.0,0.0,0.0,65.0,5.0,普通类,1_51_0
140,清华大学,2023,山西,1,本科一批A段,临床医学类,,675.0,0.0,0.0,77.0,,普通类,1_51_0
140,清华大学,2023,山西,1,本科一批A段,临床医学类,,675.0,0.0,0.0,77.0,,普通类,1_51_0
140,清华大学,2023,山西,1,本科一批A段,工科试验班类,,675.0,0.0,0.0,77.0,,普通类,1_51_0
140,清华大学,2023,山西,1,本科一批A段,工科试验班类,,675.0,0.0,0.0,77.0,,普通类,1_51_0
140,清华大学,2023,山西,1,本科一批A段,工科试验班类,,675.0,0.0,0.0,77.0,,普通类,1_51_0
140,清华大学,2023,山西,1,本科一批A段,工科试验班,,674.0,0.0,0.0,84.0,5.0,普通类,1_51_0
140,清华大学,2023,内蒙古,1,本科提前批A段,机械工程,,675.0,675.0,0.0,,,普通类,1_36_0
140,清华大学,2023,内蒙古,1,本科提前批A段,核工程与核技术,,663.0,671.0,0.0,105.0,,普通类,1_36_0
140,清华大学,2023,内蒙古,1,本科提前批A段,化学工程与工业生物工程,,662.0,662.0,0.0,114.0,,普通类,1_36_0
140,清华大学,2023,内蒙古,2,本科提前批B段,社会科学试验班,,582.0,582.0,0.0,337.0,,普通类,2_37_0
140,清华大学,2023,内蒙古,1,本科提前批B段,工科试验班类,,675.0,675.0,0.0,,,普通类,1_37_0
140,清华大学,2023,内蒙古,1,本科提前批B段,工科试验班类,,674.0,674.0,0.0,,,普通类,1_37_0
140,清华大学,2023,内蒙古,1,本科提前批B段,临床医学类,,670.0,670.0,0.0,,,普通类,1_37_0
140,清华大学,2023,内蒙古,1,本科提前批B段,建筑类,,665.0,665.0,0.0,,,普通类,1_37_0
140,清华大学,2023,内蒙古,1,本科提前批B段,工科试验班类,,665.0,665.0,0.0,,,普通类,1_37_0
140,清华大学,2023,内蒙古,1,本科提前批B段,工科试验班,,665.0,665.0,0.0,,,普通类,1_37_0
140,清华大学,2023,内蒙古,1,本科提前批B段,土木类,,660.0,660.0,0.0,130.0,,普通类,1_37_0
140,清华大学,2023,内蒙古,2,本科一批,文科试验班类,,648.0,657.0,0.0,,2.0,普通类,2_7_0
140,清华大学,2023,内蒙古,1,本科一批,理科试验班,,686.0,686.0,0.0,,1.0,普通类,1_7_0
140,清华大学,2023,内蒙古,1,本科一批,计算机类,,685.0,709.0,0.0,,4.0,普通类,1_7_0
140,清华大学,2023,内蒙古,1,本科一批,电子信息类,,684.0,699.0,0.0,,6.0,普通类,1_7_0
140,清华大学,2023,内蒙古,1,本科一批,临床医学类,,682.0,704.0,0.0,,,普通类,1_7_0
140,清华大学,2023,内蒙古,1,本科一批,理科试验班类,,680.0,680.0,0.0,,,普通类,1_7_0
140,清华大学,2023,内蒙古,1,本科一批,自动化类,,679.0,685.0,0.0,,5.0,普通类,1_7_0
140,清华大学,2023,内蒙古,1,本科一批,工科试验班类,,678.0,694.0,0.0,,,普通类,1_7_0
140,清华大学,2023,内蒙古,1,本科一批,理科试验班类,,678.0,678.0,0.0,,,普通类,1_7_0
140,清华大学,2023,内蒙古,1,本科一批,工科试验班类,,675.0,676.0,0.0,,,普通类,1_7_0
140,清华大学,2023,内蒙古,1,本科一批,工科试验班类,,674.0,676.0,0.0,,,普通类,1_7_0
140,清华大学,2023,辽宁,2074,本科批,文科试验班类,,668.0,0.0,0.0,18.0,,普通类,2074_14_0
140,清华大学,2023,辽宁,2073,本科批,临床医学类,,697.0,0.0,0.0,85.0,,普通类,2073_14_0
140,清华大学,2023,辽宁,2073,本科批,理科试验班类,,697.0,0.0,0.0,85.0,,普通类,2073_14_0
140,清华大学,2023,吉林,2,本科一批A段,法学类,,626.0,633.0,0.0,,4.0,普通类,2_51_0
140,清华大学,2023,吉林,1,本科一批A段,计算机类,,685.0,697.0,0.0,,4.0,普通类,1_51_0
140,清华大学,2023,吉林,1,本科一批A段,理科试验班类,,680.0,680.0,0.0,,,普通类,1_51_0
140,清华大学,2023,吉林,1,本科一批A段,理科试验班类,,680.0,695.0,0.0,,,普通类,1_51_0
140,清华大学,2023,吉林,1,本科一批A段,工科试验班类,,679.0,679.0,0.0,,,普通类,1_51_0
140,清华大学,2023,吉林,1,本科一批A段,自动化类,,679.0,690.0,0.0,,6.0,普通类,1_51_0
140,清华大学,2023,吉林,1,本科一批A段,电子信息类,,677.0,689.0,0.0,,6.0,普通类,1_51_0
140,清华大学,2023,吉林,1,本科一批A段,临床医学类,,677.0,705.0,0.0,,,普通类,1_51_0
140,清华大学,2023,吉林,1,本科一批A段,临床医学类,,676.0,687.0,0.0,,,普通类,1_51_0
140,清华大学,2023,吉林,1,本科一批A段,工科试验班类,,676.0,676.0,0.0,,,普通类,1_51_0
140,清华大学,2023,吉林,1,本科一批A段,理科试验班类,,676.0,691.0,0.0,,,普通类,1_51_0
140,清华大学,2023,黑龙江,2,本科一批A段,文科试验班类,,620.0,643.0,0.0,,,普通类,2_51_0
140,清华大学,2023,黑龙江,1,本科一批A段,临床医学类,,691.0,691.0,0.0,,,普通类,1_51_0
140,清华大学,2023,黑龙江,1,本科一批A段,计算机类,,685.0,714.0,0.0,,,普通类,1_51_0
140,清华大学,2023,黑龙江,1,本科一批A段,电子信息类,,680.0,704.0,0.0,,,普通类,1_51_0
140,清华大学,2023,黑龙江,1,本科一批A段,自动化类,,679.0,682.0,0.0,,,普通类,1_51_0
140,清华大学,2023,黑龙江,1,本科一批A段,临床医学类,,676.0,677.0,0.0,47.0,,普通类,1_51_0
140,清华大学,2023,黑龙江,1,本科一批A段,工科试验班类,,676.0,678.0,0.0,47.0,,普通类,1_51_0
140,清华大学,2023,黑龙江,1,本科一批A段,工科试验班类,,675.0,679.0,0.0,61.0,,普通类,1_51_0
140,清华大学,2023,黑龙江,1,本科一批A段,工科试验班类,,675.0,679.0,0.0,61.0,,普通类,1_51_0
140,清华大学,2023,江苏,2074,本科批,文科试验班类,（01）,673.0,702.0,0.0,,3.0,普通类,2074_14_114535
140,清华大学,2023,江苏,2074,本科批,文科试验班类,（01）,673.0,702.0,0.0,,3.0,普通类,2074_14_0
140,清华大学,2023,江苏,2073,本科批,理科试验班类,（03）,700.0,703.0,0.0,,,普通类,2073_14_114534
140,清华大学,2023,江苏,2073,本科批,计算机类,（03）,694.0,701.0,0.0,,5.0,普通类,2073_14_114534
140,清华大学,2023,江苏,2073,本科批,理科试验班类,（03）,693.0,693.0,0.0,,,普通类,2073_14_114534
140,清华大学,2023,江苏,2073,本科批,电子信息类,（03）,692.0,701.0,0.0,,11.0,普通类,2073_14_114534
140,清华大学,2023,江苏,2073,本科批,自动化类,（03）,691.0,693.0,0.0,,4.0,普通类,2073_14_114534
140,清华大学,2023,江苏,2073,本科批,土木类,（03）,690.0,690.0,0.0,,1.0,普通类,2073_14_114534
140,清华大学,2023,江苏,2073,本科批,工科试验班类,（03）,690.0,690.0,0.0,,,普通类,2073_14_114534
140,清华大学,2023,江苏,2073,本科批,工科试验班类,（03）,690.0,690.0,0.0,,,普通类,2073_14_114534
140,清华大学,2023,江苏,2073,本科批,工科试验班类,（03）,690.0,697.0,0.0,,,普通类,2073_14_114534
140,清华大学,2023,江苏,2073,本科批,理科试验班类,（03）,700.0,703.0,0.0,,,普通类,2073_14_0
140,清华大学,2023,江苏,2073,本科批,理科试验班,（04）,696.0,697.0,0.0,,2.0,普通类,2073_14_0
140,清华大学,2023,江苏,2073,本科批,计算机类,（03）,694.0,701.0,0.0,,5.0,普通类,2073_14_0
140,清华大学,2023,江苏,2073,本科批,临床医学类,（04）,694.0,696.0,0.0,,,普通类,2073_14_0
140,清华大学,2023,江苏,2073,本科批,理科试验班类,（03）,693.0,693.0,0.0,,,普通类,2073_14_0
140,清华大学,2023,江苏,2073,本科批,电子信息类,（03）,692.0,701.0,0.0,,11.0,普通类,2073_14_0
140,清华大学,2023,江苏,2073,本科批,自动化类,（03）,691.0,693.0,0.0,,4.0,普通类,2073_14_0
140,清华大学,2023,江苏,2073,本科批,土木类,（03）,690.0,690.0,0.0,,1.0,普通类,2073_14_0
140,清华大学,2023,江苏,2073,本科批,工科试验班类,（03）,690.0,690.0,0.0,,,普通类,2073_14_0
140,清华大学,2023,江苏,2073,本科批,工科试验班类,（03）,690.0,690.0,0.0,,,普通类,2073_14_0
140,清华大学,2023,江苏,2073,本科批,工科试验班类,（03）,690.0,697.0,0.0,,,普通类,2073_14_0
140,清华大学,2023,江苏,2073,本科批,理科试验班,（04）,696.0,697.0,0.0,,2.0,普通类,2073_14_114533
140,清华大学,2023,江苏,2073,本科批,临床医学类,（04）,694.0,696.0,0.0,,,普通类,2073_14_114533
140,清华大学,2023,浙江,3,平行录取一段,文科试验班类,,716.0,0.0,0.0,2.0,,普通类,3_16_0
140,清华大学,2023,浙江,3,平行录取一段,临床医学类,,704.0,0.0,0.0,69.0,,普通类,3_16_0
140,清华大学,2023,浙江,3,平行录取一段,理科试验班类,,704.0,0.0,0.0,75.0,,普通类,3_16_0
140,清华大学,2023,安徽,2,本科一批,文科试验班类,,657.0,658.0,658.0,,1.0,普通类,2_7_0
140,清华大学,2023,安徽,2,本科一批,社会科学试验班,,655.0,663.0,658.0,,1.0,普通类,2_7_0
140,清华大学,2023,安徽,1,本科一批,理科试验班类,,700.0,709.0,705.0,,,普通类,1_7_0
140,清华大学,2023,安徽,1,本科一批,计算机类,,697.0,711.0,701.0,,2.0,普通类,1_7_0
140,清华大学,2023,安徽,1,本科一批,临床医学类,,696.0,696.0,696.0,,,普通类,1_7_0
140,清华大学,2023,安徽,1,本科一批,电子信息类,,692.0,708.0,696.0,44.0,4.0,普通类,1_7_0
140,清华大学,2023,安徽,1,本科一批,理科试验班类,,691.0,700.0,695.0,49.0,,普通类,1_7_0
140,清华大学,2023,安徽,1,本科一批,自动化类,,690.0,697.0,694.0,63.0,2.0,普通类,1_7_0
140,清华大学,2023,安徽,1,本科一批,工科试验班类,,690.0,690.0,690.0,63.0,,普通类,1_7_0
140,清华大学,2023,安徽,1,本科一批,社会科学试验班,,690.0,690.0,690.0,63.0,1.0,普通类,1_7_0
140,清华大学,2023,安徽,1,本科一批,临床医学类,,689.0,696.0,693.0,68.0,,普通类,1_7_0
140,清华大学,2023,安徽,1,本科一批,工科试验班类,,689.0,700.0,693.0,68.0,,普通类,1_7_0
140,清华大学,2023,安徽,1,本科一批,工科试验班类,,689.0,690.0,690.0,68.0,,普通类,1_7_0
140,清华大学,2023,安徽,1,本科一批,理科试验班,,689.0,691.0,690.0,68.0,1.0,普通类,1_7_0
140,清华大学,2023,安徽,1,本科一批,理科试验班类,,689.0,689.0,689.0,68.0,,普通类,1_7_0
140,清华大学,2023,福建,2074,本科批,社会科学试验班,3022（L999）,679.0,679.0,679.0,,1.0,普通类,2074_14_117807
140,清华大学,2023,福建,2074,本科批,文科试验班类,3022（L999）,675.0,675.0,675.0,15.0,1.0,普通类,2074_14_117807
140,清华大学,2023,福建,2074,本科批,法学类,3022（L999）,672.0,675.0,673.0,20.0,3.0,普通类,2074_14_117807
140,清华大学,2023,福建,2074,本科批,社会科学试验班,3022（L999）,679.0,679.0,679.0,,1.0,普通类,2074_14_0
140,清华大学,2023,福建,2074,本科批,文科试验班类,3022（L999）,675.0,675.0,675.0,15.0,1.0,普通类,2074_14_0
140,清华大学,2023,福建,2074,本科批,法学类,3022（L999）,672.0,675.0,673.0,20.0,3.0,普通类,2074_14_0
140,清华大学,2023,福建,2073,本科批,理科试验班类,（W999）,699.0,708.0,704.0,,,普通类,2073_14_117809
140,清华大学,2023,福建,2073,本科批,计算机类,（W999）,695.0,699.0,698.0,,3.0,普通类,2073_14_117809
140,清华大学,2023,福建,2073,本科批,电子信息类,（W999）,692.0,700.0,695.0,52.0,9.0,普通类,2073_14_117809
140,清华大学,2023,福建,2073,本科批,自动化类,（W999）,692.0,696.0,694.0,52.0,6.0,普通类,2073_14_117809
140,清华大学,2023,福建,2073,本科批,工科试验班类,（W999）,690.0,691.0,691.0,79.0,,普通类,2073_14_117809
140,清华大学,2023,福建,2073,本科批,工科试验班类,（W999）,690.0,692.0,691.0,79.0,,普通类,2073_14_117809
140,清华大学,2023,福建,2073,本科批,工科试验班类,（W999）,690.0,693.0,691.0,79.0,,普通类,2073_14_117809
140,清华大学,2023,福建,2073,本科批,建筑类,（W999）,690.0,690.0,690.0,79.0,1.0,普通类,2073_14_117809
140,清华大学,2023,福建,2073,本科批,理科试验班类,（W999）,690.0,690.0,690.0,79.0,,普通类,2073_14_117809
140,清华大学,2023,福建,2073,本科批,理科试验班类,（W999）,690.0,691.0,690.0,79.0,,普通类,2073_14_117809
140,清华大学,2023,福建,2073,本科批,理科试验班类,（W999）,699.0,708.0,704.0,,,普通类,2073_14_0
140,清华大学,2023,福建,2073,本科批,计算机类,（W999）,695.0,699.0,698.0,,3.0,普通类,2073_14_0
140,清华大学,2023,福建,2073,本科批,电子信息类,（W999）,692.0,700.0,695.0,52.0,9.0,普通类,2073_14_0
140,清华大学,2023,福建,2073,本科批,自动化类,（W999）,692.0,696.0,694.0,52.0,6.0,普通类,2073_14_0
140,清华大学,2023,福建,2073,本科批,临床医学类,3022（W500）,691.0,703.0,695.0,66.0,,普通类,2073_14_0
140,清华大学,2023,福建,2073,本科批,工科试验班类,（W999）,690.0,691.0,691.0,79.0,,普通类,2073_14_0
140,清华大学,2023,福建,2073,本科批,工科试验班类,（W999）,690.0,692.0,691.0,79.0,,普通类,2073_14_0
140,清华大学,2023,福建,2073,本科批,工科试验班类,（W999）,690.0,693.0,691.0,79.0,,普通类,2073_14_0
140,清华大学,2023,福建,2073,本科批,建筑类,（W999）,690.0,690.0,690.0,79.0,1.0,普通类,2073_14_0
140,清华大学,2023,福建,2073,本科批,理科试验班类,（W999）,690.0,690.0,690.0,79.0,,普通类,2073_14_0
140,清华大学,2023,福建,2073,本科批,理科试验班类,（W999）,690.0,691.0,690.0,79.0,,普通类,2073_14_0
140,清华大学,2023,福建,2073,本科批,理科试验班,3022（W500）,690.0,690.0,690.0,79.0,1.0,普通类,2073_14_0
140,清华大学,2023,福建,2073,本科批,工科试验班,3022（W500）,690.0,690.0,690.0,79.0,1.0,普通类,2073_14_0
140,清华大学,2023,福建,2073,本科批,临床医学类,3022（W500）,691.0,703.0,695.0,66.0,,普通类,2073_14_117808
140,清华大学,2023,福建,2073,本科批,理科试验班,3022（W500）,690.0,690.0,690.0,79.0,1.0,普通类,2073_14_117808
140,清华大学,2023,福建,2073,本科批,工科试验班,3022（W500）,690.0,690.0,690.0,79.0,1.0,普通类,2073_14_117808
140,清华大学,2023,江西,1,本科提前批,核工程与核技术,,680.0,0.0,0.0,127.0,,普通类,1_6_0
140,清华大学,2023,江西,1,本科提前批,化学工程与工业生物工程,,677.0,0.0,0.0,185.0,,普通类,1_6_0
140,清华大学,2023,江西,1,本科一批,计算机类,,697.0,0.0,0.0,14.0,7.0,普通类,1_7_0
140,清华大学,2023,江西,1,本科一批,理科试验班,,697.0,0.0,0.0,16.0,1.0,普通类,1_7_0
140,清华大学,2023,江西,1,本科一批,临床医学类,,694.0,0.0,0.0,22.0,,普通类,1_7_0
140,清华大学,2023,江西,1,本科一批,理科试验班类,,694.0,0.0,0.0,20.0,,普通类,1_7_0
140,清华大学,2023,江西,1,本科一批,理科试验班类,,693.0,0.0,0.0,24.0,,普通类,1_7_0
140,清华大学,2023,江西,1,本科一批,电子信息类,,690.0,0.0,0.0,35.0,7.0,普通类,1_7_0
140,清华大学,2023,江西,1,本科一批,工科试验班类,,690.0,0.0,0.0,37.0,,普通类,1_7_0
140,清华大学,2023,江西,1,本科一批,自动化类,,690.0,0.0,0.0,36.0,4.0,普通类,1_7_0
140,清华大学,2023,江西,1,本科一批,临床医学类,,689.0,0.0,0.0,40.0,,普通类,1_7_0
140,清华大学,2023,江西,1,国家专项计划本科批,工科试验班类,,686.0,0.0,0.0,57.0,,普通类,1_12_0
140,清华大学,2023,江西,1,国家专项计划本科批,工科试验班类,,683.0,0.0,0.0,86.0,,普通类,1_12_0
140,清华大学,2023,江西,1,国家专项计划本科批,理科试验班,,683.0,0.0,0.0,88.0,,普通类,1_12_0
140,清华大学,2023,江西,1,国家专项计划本科批,建筑类,,680.0,0.0,0.0,128.0,,普通类,1_12_0
140,清华大学,2023,江西,1,国家专项计划本科批,土木类,,680.0,0.0,0.0,120.0,,普通类,1_12_0
140,清华大学,2023,江西,2,本科提前批,马克思主义理论,,658.0,0.0,0.0,21.0,,普通类,2_6_0
140,清华大学,2023,江西,2,本科一批,文科试验班类,,663.0,0.0,0.0,10.0,,普通类,2_7_0
140,清华大学,2023,江西,2,本科一批,法学类,,659.0,0.0,0.0,17.0,2.0,普通类,2_7_0
140,清华大学,2023,江西,2,国家专项计划本科批,社会科学试验班,,651.0,0.0,0.0,48.0,,普通类,2_12_0
140,清华大学,2023,山东,3,普通类一段,文科试验班类,,711.0,0.0,0.0,4.0,,普通类,3_1570_0
140,清华大学,2023,山东,3,普通类一段,临床医学类,,694.0,0.0,0.0,88.0,7.0,普通类,3_1570_0
140,清华大学,2023,山东,3,普通类一段,理科试验班类,,691.0,0.0,0.0,141.0,71.0,普通类,3_1570_0
140,清华大学,2023,河南,2,本科一批,文科试验班类,,692.0,693.0,692.0,,3.0,普通类,2_7_0
140,清华大学,2023,河南,2,本科一批,社会科学试验班,,685.0,690.0,687.0,,3.0,普通类,2_7_0
140,清华大学,2023,河南,1,本科一批,理科试验班类,,710.0,710.0,710.0,,,普通类,1_7_0
140,清华大学,2023,河南,1,本科一批,理科试验班类,,706.0,706.0,706.0,28.0,,普通类,1_7_0
140,清华大学,2023,河南,1,本科一批,自动化类,,705.0,709.0,707.0,34.0,4.0,普通类,1_7_0
140,清华大学,2023,河南,1,本科一批,电子信息类,,702.0,712.0,706.0,55.0,12.0,普通类,1_7_0
140,清华大学,2023,河南,1,本科一批,法学类,,702.0,702.0,702.0,55.0,1.0,普通类,1_7_0
140,清华大学,2023,河南,1,本科一批,建筑类,,701.0,701.0,701.0,63.0,1.0,普通类,1_7_0
140,清华大学,2023,河南,1,本科一批,计算机类,,699.0,714.0,705.0,80.0,9.0,普通类,1_7_0
140,清华大学,2023,河南,1,本科一批,工科试验班类,,699.0,703.0,701.0,80.0,,普通类,1_7_0
140,清华大学,2023,河南,1,本科一批,临床医学类,,698.0,710.0,703.0,94.0,,普通类,1_7_0
140,清华大学,2023,河南,1,本科一批,理科试验班类,,698.0,714.0,703.0,94.0,,普通类,1_7_0
140,清华大学,2023,河南,1,本科一批,工科试验班类,,698.0,705.0,701.0,94.0,,普通类,1_7_0
140,清华大学,2023,河南,1,本科一批,工科试验班类,,698.0,708.0,700.0,94.0,,普通类,1_7_0
140,清华大学,2023,河南,1,本科一批,临床医学类,,698.0,700.0,699.0,94.0,,普通类,1_7_0
140,清华大学,2023,河南,1,本科一批,理科试验班,,698.0,698.0,698.0,94.0,2.0,普通类,1_7_0
140,清华大学,2023,广东,2074,本科批,文科试验班类,（201）,674.0,674.0,0.0,,1.0,普通类,2074_14_95747
140,清华大学,2023,广东,2074,本科批,社会科学试验班,（201）,674.0,0.0,0.0,,,普通类,2074_14_95747
140,清华大学,2023,广东,2074,本科批,法学类,（201）,674.0,675.0,0.0,,2.0,普通类,2074_14_95747
140,清华大学,2023,广东,2074,本科批,文科试验班类,（201）,674.0,674.0,0.0,,1.0,普通类,2074_14_0
140,清华大学,2023,广东,2074,本科批,社会科学试验班,（201）,674.0,0.0,0.0,,,普通类,2074_14_0
140,清华大学,2023,广东,2074,本科批,法学类,（201）,674.0,675.0,0.0,,2.0,普通类,2074_14_0
140,清华大学,2023,广东,2073,本科批,理科试验班类,（202）,703.0,703.0,0.0,,,普通类,2073_14_97256
140,清华大学,2023,广东,2073,本科批,计算机类,（202）,701.0,712.0,0.0,,8.0,普通类,2073_14_97256
140,清华大学,2023,广东,2073,本科批,理科试验班类,（202）,700.0,701.0,0.0,,,普通类,2073_14_97256
140,清华大学,2023,广东,2073,本科批,理科试验班类,（202）,698.0,701.0,0.0,39.0,,普通类,2073_14_97256
140,清华大学,2023,广东,2073,本科批,电子信息类,（202）,695.0,705.0,0.0,71.0,15.0,普通类,2073_14_97256
140,清华大学,2023,广东,2073,本科批,自动化类,（202）,695.0,699.0,0.0,71.0,9.0,普通类,2073_14_97256
140,清华大学,2023,广东,2073,本科批,土木类,（202）,694.0,694.0,0.0,85.0,1.0,普通类,2073_14_97256
140,清华大学,2023,广东,2073,本科批,建筑类,（202）,693.0,0.0,0.0,96.0,,普通类,2073_14_97256
140,清华大学,2023,广东,2073,本科批,工科试验班类,（202）,693.0,694.0,0.0,96.0,,普通类,2073_14_97256
140,清华大学,2023,广东,2073,本科批,工科试验班类,（202）,693.0,695.0,0.0,96.0,,普通类,2073_14_97256
140,清华大学,2023,广东,2073,本科批,工科试验班类,（202）,693.0,696.0,0.0,96.0,,普通类,2073_14_97256
140,清华大学,2023,广东,2073,本科批,社会科学试验班,（202）,693.0,0.0,0.0,96.0,,普通类,2073_14_97256
140,清华大学,2023,广东,2073,本科批,法学类,（202）,693.0,0.0,0.0,96.0,,普通类,2073_14_97256
140,清华大学,2023,广东,2073,本科批,理科试验班类,（202）,703.0,703.0,0.0,,,普通类,2073_14_0
140,清华大学,2023,广东,2073,本科批,计算机类,（202）,701.0,712.0,0.0,,8.0,普通类,2073_14_0
140,清华大学,2023,广东,2073,本科批,理科试验班类,（202）,700.0,701.0,0.0,,,普通类,2073_14_0
140,清华大学,2023,广东,2073,本科批,临床医学类,（203）,699.0,699.0,0.0,35.0,,普通类,2073_14_0
140,清华大学,2023,广东,2073,本科批,理科试验班类,（202）,698.0,701.0,0.0,39.0,,普通类,2073_14_0
140,清华大学,2023,广东,2073,本科批,临床医学类,（203）,697.0,706.0,0.0,45.0,,普通类,2073_14_0
140,清华大学,2023,广东,2073,本科批,电子信息类,（202）,695.0,705.0,0.0,71.0,15.0,普通类,2073_14_0
140,清华大学,2023,广东,2073,本科批,自动化类,（202）,695.0,699.0,0.0,71.0,9.0,普通类,2073_14_0
140,清华大学,2023,广东,2073,本科批,土木类,（202）,694.0,694.0,0.0,85.0,1.0,普通类,2073_14_0
140,清华大学,2023,广东,2073,本科批,理科试验班,（203）,694.0,699.0,0.0,85.0,3.0,普通类,2073_14_0
140,清华大学,2023,广东,2073,本科批,工科试验班,（203）,694.0,694.0,0.0,85.0,1.0,普通类,2073_14_0
140,清华大学,2023,广东,2073,本科批,建筑类,（202）,693.0,0.0,0.0,96.0,,普通类,2073_14_0
140,清华大学,2023,广东,2073,本科批,工科试验班类,（202）,693.0,694.0,0.0,96.0,,普通类,2073_14_0
140,清华大学,2023,广东,2073,本科批,工科试验班类,（202）,693.0,695.0,0.0,96.0,,普通类,2073_14_0
140,清华大学,2023,广东,2073,本科批,工科试验班类,（202）,693.0,696.0,0.0,96.0,,普通类,2073_14_0
140,清华大学,2023,广东,2073,本科批,社会科学试验班,（202）,693.0,0.0,0.0,96.0,,普通类,2073_14_0
140,清华大学,2023,广东,2073,本科批,法学类,（202）,693.0,0.0,0.0,96.0,,普通类,2073_14_0
140,清华大学,2023,广东,2073,本科批,临床医学类,（203）,699.0,699.0,0.0,35.0,,普通类,2073_14_97257
140,清华大学,2023,广东,2073,本科批,临床医学类,（203）,697.0,706.0,0.0,45.0,,普通类,2073_14_97257
140,清华大学,2023,广东,2073,本科批,理科试验班,（203）,694.0,699.0,0.0,85.0,3.0,普通类,2073_14_97257
140,清华大学,2023,广东,2073,本科批,工科试验班,（203）,694.0,694.0,0.0,85.0,1.0,普通类,2073_14_97257
140,清华大学,2023,广东,2074,本科提前批,马克思主义理论,（101）,673.0,673.0,0.0,,1.0,普通类,2074_6_95037
140,清华大学,2023,广东,2074,本科提前批,马克思主义理论,（101）,673.0,673.0,0.0,,1.0,普通类,2074_6_0
140,清华大学,2023,广东,2073,本科提前批,核工程与核技术,（103）,681.0,684.0,0.0,402.0,4.0,普通类,2073_6_95087
140,清华大学,2023,广东,2073,本科提前批,核工程与核技术,（103）,681.0,684.0,0.0,402.0,4.0,普通类,2073_6_0
140,清华大学,2023,广西,1,本科一批,理科试验班类,,702.0,707.0,705.0,22.0,2.0,普通类,1_7_0
140,清华大学,2023,广西,1,本科一批,自动化类,,699.0,702.0,700.0,22.0,3.0,普通类,1_7_0
140,清华大学,2023,广西,1,本科一批,电子信息类,,698.0,704.0,700.0,22.0,4.0,普通类,1_7_0
140,清华大学,2023,广西,1,本科一批,计算机类,,697.0,712.0,705.0,26.0,6.0,普通类,1_7_0
140,清华大学,2023,广西,1,本科一批,理科试验班,,696.0,696.0,696.0,29.0,2.0,普通类,1_7_0
140,清华大学,2023,广西,1,本科一批,工科试验班类,,694.0,694.0,694.0,36.0,1.0,普通类,1_7_0
140,清华大学,2023,广西,1,本科一批,理科试验班类,,692.0,706.0,699.0,42.0,2.0,普通类,1_7_0
140,清华大学,2023,广西,1,本科一批,临床医学类,,691.0,698.0,695.0,48.0,4.0,普通类,1_7_0
140,清华大学,2023,广西,1,本科一批,工科试验班类,,691.0,699.0,694.0,48.0,5.0,普通类,1_7_0
140,清华大学,2023,广西,1,本科一批,土木类,,691.0,691.0,691.0,48.0,1.0,普通类,1_7_0
140,清华大学,2023,广西,1,本科一批,法学类,,691.0,691.0,691.0,48.0,1.0,普通类,1_7_0
140,清华大学,2023,广西,1,本科一批,工科试验班类,,690.0,701.0,695.0,50.0,6.0,普通类,1_7_0
140,清华大学,2023,广西,2,本科一批,法学类,,673.0,685.0,677.0,20.0,3.0,普通类,2_7_0
140,清华大学,2023,广西,2,本科一批,文科试验班类,,670.0,679.0,675.0,20.0,3.0,普通类,2_7_0
140,清华大学,2023,海南,3,本科批,文科试验班类,（03）,893.0,0.0,0.0,4.0,,普通类,3_14_120215
140,清华大学,2023,海南,3,本科批,文科试验班类,（03）,893.0,0.0,0.0,4.0,,普通类,3_14_0
140,清华大学,2023,海南,3,本科批,计算机类,（04）,866.0,0.0,0.0,10.0,,普通类,3_14_0
140,清华大学,2023,海南,3,本科批,电子信息类,（04）,851.0,0.0,0.0,18.0,,普通类,3_14_0
140,清华大学,2023,海南,3,本科批,建筑类,（04）,846.0,0.0,0.0,21.0,,普通类,3_14_0
140,清华大学,2023,海南,3,本科批,临床医学类,（06）,840.0,0.0,0.0,26.0,,普通类,3_14_0
140,清华大学,2023,海南,3,本科批,核工程与核技术,（80）,828.0,0.0,0.0,38.0,,普通类,3_14_0
140,清华大学,2023,海南,3,本科批,计算机类,（04）,866.0,0.0,0.0,10.0,,普通类,3_14_120216
140,清华大学,2023,海南,3,本科批,电子信息类,（04）,851.0,0.0,0.0,18.0,,普通类,3_14_120216
140,清华大学,2023,海南,3,本科批,建筑类,（04）,846.0,0.0,0.0,21.0,,普通类,3_14_120216
140,清华大学,2023,海南,3,本科批,核工程与核技术,（80）,828.0,0.0,0.0,38.0,,普通类,3_14_120217
140,清华大学,2023,海南,3,本科批,临床医学类,（06）,840.0,0.0,0.0,26.0,,普通类,3_14_120218
140,清华大学,2023,重庆,2073,本科批,临床医学类,,692.0,0.0,0.0,145.0,,普通类,2073_14_0
140,清华大学,2023,重庆,2073,本科批,理科试验班类,,689.0,0.0,0.0,145.0,,普通类,2073_14_0
140,清华大学,2023,重庆,2074,本科批,文科试验班类,,667.0,0.0,0.0,59.0,,普通类,2074_14_0
140,清华大学,2023,重庆,2074,本科提前批B段,马克思主义理论,,667.0,0.0,0.0,60.0,,普通类,2074_37_0
140,清华大学,2023,重庆,2074,本科提前批B段,法学类,,658.0,0.0,0.0,60.0,,普通类,2074_37_0
140,清华大学,2023,重庆,2073,本科提前批B段,核工程与核技术,,679.0,0.0,0.0,152.0,,普通类,2073_37_0
140,清华大学,2023,重庆,2073,本科提前批B段,工科试验班类,,678.0,0.0,0.0,152.0,,普通类,2073_37_0
140,清华大学,2023,重庆,2073,本科提前批B段,土木类,,676.0,0.0,0.0,167.0,,普通类,2073_37_0
140,清华大学,2023,四川,2,本科一批,文科试验班类,,648.0,648.0,648.0,,,普通类,2_7_0
140,清华大学,2023,四川,2,本科一批,文科试验班类,,647.0,652.0,649.0,,,普通类,2_7_0
140,清华大学,2023,四川,1,本科一批,理科试验班,,707.0,707.0,707.0,,1.0,普通类,1_7_0
140,清华大学,2023,四川,1,本科一批,理科试验班类,,705.0,715.0,709.0,,,普通类,1_7_0
140,清华大学,2023,四川,1,本科一批,计算机类,,704.0,704.0,704.0,,3.0,普通类,1_7_0
140,清华大学,2023,四川,1,本科一批,建筑类,,703.0,703.0,703.0,,1.0,普通类,1_7_0
140,清华大学,2023,四川,1,本科一批,理科试验班类,,699.0,708.0,704.0,,,普通类,1_7_0
140,清华大学,2023,四川,1,本科一批,临床医学类,,699.0,709.0,703.0,,,普通类,1_7_0
140,清华大学,2023,四川,1,本科一批,工科试验班类,,699.0,709.0,702.0,,,普通类,1_7_0
140,清华大学,2023,四川,1,本科一批,自动化类,,699.0,704.0,702.0,,7.0,普通类,1_7_0
140,清华大学,2023,四川,1,本科一批,电子信息类,,699.0,702.0,700.0,,10.0,普通类,1_7_0
140,清华大学,2023,四川,1,本科一批,临床医学类,,698.0,712.0,704.0,62.0,,普通类,1_7_0
140,清华大学,2023,四川,1,本科一批,理科试验班类,,698.0,704.0,701.0,62.0,,普通类,1_7_0
140,清华大学,2023,四川,1,本科一批,工科试验班类,,698.0,702.0,700.0,62.0,,普通类,1_7_0
140,清华大学,2023,四川,1,本科一批,工科试验班类,,698.0,699.0,699.0,62.0,,普通类,1_7_0
140,清华大学,2023,贵州,2,本科一批,文科试验班类,,680.0,699.0,0.0,,3.0,普通类,2_7_0
140,清华大学,2023,贵州,2,本科一批,社会科学试验班,,679.0,684.0,0.0,,2.0,普通类,2_7_0
140,清华大学,2023,贵州,1,本科一批,理科试验班类,,707.0,707.0,0.0,,,普通类,1_7_0
140,清华大学,2023,贵州,1,本科一批,计算机类,,701.0,701.0,0.0,,1.0,普通类,1_7_0
140,清华大学,2023,贵州,1,本科一批,理科试验班类,,701.0,701.0,0.0,,,普通类,1_7_0
140,清华大学,2023,贵州,1,本科一批,电子信息类,,690.0,701.0,0.0,,5.0,普通类,1_7_0
140,清华大学,2023,贵州,1,本科一批,理科试验班类,,689.0,698.0,0.0,,,普通类,1_7_0
140,清华大学,2023,贵州,1,本科一批,临床医学类,,686.0,688.0,0.0,,,普通类,1_7_0
140,清华大学,2023,贵州,1,本科一批,工科试验班类,,686.0,694.0,0.0,,,普通类,1_7_0
140,清华大学,2023,贵州,1,本科一批,临床医学类,,685.0,694.0,0.0,,,普通类,1_7_0
140,清华大学,2023,贵州,1,本科一批,自动化类,,685.0,692.0,0.0,,4.0,普通类,1_7_0
140,清华大学,2023,贵州,1,本科一批,工科试验班类,,684.0,684.0,0.0,,,普通类,1_7_0
140,清华大学,2023,贵州,1,本科一批,工科试验班类,,684.0,690.0,0.0,,,普通类,1_7_0
140,清华大学,2023,陕西,2,本科一批,文科试验班类,,676.0,688.0,683.0,,3.0,普通类,2_7_0
140,清华大学,2023,陕西,1,本科一批,理科试验班类,,714.0,721.0,718.0,,,普通类,1_7_0
140,清华大学,2023,陕西,1,本科一批,计算机类,,710.0,721.0,716.0,,5.0,普通类,1_7_0
140,清华大学,2023,陕西,1,本科一批,自动化类,,703.0,708.0,705.0,40.0,4.0,普通类,1_7_0
140,清华大学,2023,陕西,1,本科一批,电子信息类,,702.0,708.0,705.0,44.0,6.0,普通类,1_7_0
140,清华大学,2023,陕西,1,本科一批,理科试验班类,,701.0,701.0,701.0,47.0,,普通类,1_7_0
140,清华大学,2023,陕西,1,本科一批,工科试验班类,,700.0,703.0,702.0,54.0,,普通类,1_7_0
140,清华大学,2023,陕西,1,本科一批,理科试验班类,,699.0,710.0,702.0,62.0,,普通类,1_7_0
140,清华大学,2023,陕西,1,本科一批,临床医学类,,699.0,706.0,701.0,62.0,,普通类,1_7_0
140,清华大学,2023,陕西,1,本科一批,工科试验班类,,699.0,702.0,700.0,62.0,,普通类,1_7_0
140,清华大学,2023,陕西,1,本科一批,工科试验班类,,685.0,703.0,698.0,240.0,,普通类,1_7_0
140,清华大学,2023,甘肃,2,本科一批I段,文科试验班类,,641.0,651.0,646.0,,4.0,普通类,2_111_0
140,清华大学,2023,甘肃,1,本科一批I段,理科试验班类,,677.0,696.0,688.0,,,普通类,1_111_0
140,清华大学,2023,甘肃,1,本科一批I段,计算机类,,676.0,685.0,680.0,,4.0,普通类,1_111_0
140,清华大学,2023,甘肃,1,本科一批I段,自动化类,,671.0,681.0,676.0,,7.0,普通类,1_111_0
140,清华大学,2023,甘肃,1,本科一批I段,工科试验班类,,671.0,672.0,672.0,,,普通类,1_111_0
140,清华大学,2023,甘肃,1,本科一批I段,理科试验班类,,670.0,678.0,674.0,,,普通类,1_111_0
140,清华大学,2023,甘肃,1,本科一批I段,理科试验班类,,670.0,670.0,670.0,,,普通类,1_111_0
140,清华大学,2023,甘肃,1,本科一批I段,工科试验班,,669.0,669.0,669.0,,1.0,普通类,1_111_0
140,清华大学,2023,甘肃,1,本科一批I段,工科试验班类,,668.0,674.0,671.0,,,普通类,1_111_0
140,清华大学,2023,甘肃,1,本科一批I段,电子信息类,,667.0,678.0,672.0,,4.0,普通类,1_111_0
140,清华大学,2023,青海,2,本科一段,文科试验班类,,621.0,0.0,0.0,,1.0,普通类,2_1564_0
140,清华大学,2023,青海,1,本科一段,工科试验班类,,666.0,0.0,0.0,,,普通类,1_1564_0
140,清华大学,2023,青海,1,本科一段,理科试验班类,,650.0,0.0,0.0,,,普通类,1_1564_0
140,清华大学,2023,青海,1,本科一段,理科试验班类,,645.0,0.0,0.0,,,普通类,1_1564_0
140,清华大学,2023,青海,1,本科一段,自动化类,,643.0,0.0,0.0,,1.0,普通类,1_1564_0
140,清华大学,2023,青海,1,本科一段,电子信息类,,637.0,0.0,0.0,,2.0,普通类,1_1564_0
140,清华大学,2023,青海,1,本科一段,理科试验班类,,636.0,0.0,0.0,,,普通类,1_1564_0
140,清华大学,2023,青海,1,本科一段,工科试验班类,,635.0,0.0,0.0,,,普通类,1_1564_0
140,清华大学,2023,新疆,2,本科一批,社会科学试验班,,645.0,645.0,0.0,,1.0,普通类,2_7_0
140,清华大学,2023,新疆,2,本科一批,文科试验班类,,624.0,645.0,0.0,,1.0,普通类,2_7_0
140,清华大学,2023,新疆,1,本科一批,计算机类,,679.0,682.0,0.0,,1.0,普通类,1_7_0
140,清华大学,2023,新疆,1,本科一批,临床医学类,,679.0,679.0,0.0,,1.0,普通类,1_7_0
140,清华大学,2023,新疆,1,本科一批,自动化类,,670.0,674.0,0.0,,1.0,普通类,1_7_0
140,清华大学,2023,新疆,1,本科一批,电子信息类,,667.0,667.0,0.0,,2.0,普通类,1_7_0
140,清华大学,2023,新疆,1,本科一批,理科试验班类,,667.0,667.0,0.0,,1.0,普通类,1_7_0
140,清华大学,2023,新疆,1,本科一批,理科试验班类,,666.0,666.0,0.0,,1.0,普通类,1_7_0
140,清华大学,2023,新疆,1,本科一批,理科试验班类,,663.0,681.0,0.0,,1.0,普通类,1_7_0
140,清华大学,2023,新疆,1,本科一批,工科试验班类,,662.0,662.0,0.0,,1.0,普通类,1_7_0
140,清华大学,2023,新疆,1,本科一批,理科试验班,,662.0,667.0,0.0,,1.0,普通类,1_7_0
140,清华大学,2023,新疆,1,本科一批,临床医学类,,661.0,661.0,0.0,,1.0,普通类,1_7_0
140,清华大学,2023,新疆,1,本科一批,工科试验班类,,661.0,661.0,0.0,,3.0,普通类,1_7_0
140,清华大学,2023,新疆,1,本科一批,工科试验班,,656.0,656.0,0.0,,2.0,普通类,1_7_0
140,清华大学,2023,新疆,1,本科一批,工科试验班类,,655.0,662.0,0.0,,5.0,普通类,1_7_0
140,清华大学,2024,北京,3,本科批,建筑类,（01）,688.0,0.0,0.0,423.0,15.0,普通类,3_14_175116
140,清华大学,2024,北京,3,本科批,文科试验班类,（01）,688.0,0.0,0.0,423.0,1.0,普通类,3_14_175116
140,清华大学,2024,北京,3,本科批,文科试验班类,（01）,688.0,0.0,0.0,423.0,3.0,普通类,3_14_175116
140,清华大学,2024,北京,3,本科批,文科试验班类,（01）,688.0,0.0,0.0,423.0,5.0,普通类,3_14_175116
140,清华大学,2024,北京,3,本科批,法学类,（01）,688.0,0.0,0.0,423.0,1.0,普通类,3_14_175116
140,清华大学,2024,北京,3,本科批,理科试验班类,（02）,698.0,0.0,0.0,148.0,4.0,普通类,3_14_0
140,清华大学,2024,北京,3,本科批,理科试验班类,（02）,698.0,0.0,0.0,148.0,10.0,普通类,3_14_0
140,清华大学,2024,北京,3,本科批,电子信息类,（03）,689.0,0.0,0.0,384.0,20.0,普通类,3_14_0
140,清华大学,2024,北京,3,本科批,计算机类,（03）,689.0,0.0,0.0,384.0,7.0,普通类,3_14_0
140,清华大学,2024,北京,3,本科批,土木类,（03）,689.0,0.0,0.0,384.0,18.0,普通类,3_14_0
140,清华大学,2024,北京,3,本科批,临床医学类,（03）,689.0,0.0,0.0,384.0,6.0,普通类,3_14_0
140,清华大学,2024,北京,3,本科批,临床医学类,（03）,689.0,0.0,0.0,384.0,15.0,普通类,3_14_0
140,清华大学,2024,北京,3,本科批,理科试验班,（03）,689.0,0.0,0.0,384.0,10.0,普通类,3_14_0
140,清华大学,2024,北京,3,本科批,自动化类,（03）,689.0,0.0,0.0,384.0,15.0,普通类,3_14_0
140,清华大学,2024,北京,3,本科批,工科试验班,（03）,689.0,0.0,0.0,384.0,2.0,普通类,3_14_0
140,清华大学,2024,北京,3,本科批,工科试验班,（03）,689.0,0.0,0.0,384.0,10.0,普通类,3_14_0
140,清华大学,2024,北京,3,本科批,工科试验班,（03）,689.0,0.0,0.0,384.0,10.0,普通类,3_14_0
140,清华大学,2024,北京,3,本科批,工科试验班,（03）,689.0,0.0,0.0,384.0,13.0,普通类,3_14_0
140,清华大学,2024,北京,3,本科批,工科试验班,（03）,689.0,0.0,0.0,384.0,20.0,普通类,3_14_0
140,清华大学,2024,北京,3,本科批,理科实验班,（03）,689.0,0.0,0.0,384.0,1.0,普通类,3_14_0
140,清华大学,2024,北京,3,本科批,建筑类,（01）,688.0,0.0,0.0,423.0,15.0,普通类,3_14_0
140,清华大学,2024,北京,3,本科批,文科试验班类,（01）,688.0,0.0,0.0,423.0,1.0,普通类,3_14_0
140,清华大学,2024,北京,3,本科批,文科试验班类,（01）,688.0,0.0,0.0,423.0,3.0,普通类,3_14_0
140,清华大学,2024,北京,3,本科批,文科试验班类,（01）,688.0,0.0,0.0,423.0,5.0,普通类,3_14_0
140,清华大学,2024,北京,3,本科批,法学类,（01）,688.0,0.0,0.0,423.0,1.0,普通类,3_14_0
140,清华大学,2024,北京,3,本科批,理科试验班类,（02）,698.0,0.0,0.0,148.0,4.0,普通类,3_14_174539
140,清华大学,2024,北京,3,本科批,理科试验班类,（02）,698.0,0.0,0.0,148.0,10.0,普通类,3_14_174539
140,清华大学,2024,北京,3,本科批,电子信息类,（03）,689.0,0.0,0.0,384.0,20.0,普通类,3_14_174191
140,清华大学,2024,北京,3,本科批,计算机类,（03）,689.0,0.0,0.0,384.0,7.0,普通类,3_14_174191
140,清华大学,2024,北京,3,本科批,土木类,（03）,689.0,0.0,0.0,384.0,18.0,普通类,3_14_174191
140,清华大学,2024,北京,3,本科批,临床医学类,（03）,689.0,0.0,0.0,384.0,6.0,普通类,3_14_174191
140,清华大学,2024,北京,3,本科批,临床医学类,（03）,689.0,0.0,0.0,384.0,15.0,普通类,3_14_174191
140,清华大学,2024,北京,3,本科批,理科试验班,（03）,689.0,0.0,0.0,384.0,10.0,普通类,3_14_174191
140,清华大学,2024,北京,3,本科批,自动化类,（03）,689.0,0.0,0.0,384.0,15.0,普通类,3_14_174191
140,清华大学,2024,北京,3,本科批,工科试验班,（03）,689.0,0.0,0.0,384.0,2.0,普通类,3_14_174191
140,清华大学,2024,北京,3,本科批,工科试验班,（03）,689.0,0.0,0.0,384.0,10.0,普通类,3_14_174191
140,清华大学,2024,北京,3,本科批,工科试验班,（03）,689.0,0.0,0.0,384.0,10.0,普通类,3_14_174191
140,清华大学,2024,北京,3,本科批,工科试验班,（03）,689.0,0.0,0.0,384.0,13.0,普通类,3_14_174191
140,清华大学,2024,北京,3,本科批,工科试验班,（03）,689.0,0.0,0.0,384.0,20.0,普通类,3_14_174191
140,清华大学,2024,北京,3,本科批,理科实验班,（03）,689.0,0.0,0.0,384.0,1.0,普通类,3_14_174191
140,清华大学,2024,天津,3,本科批A段,文科试验班类,（01）,701.0,0.0,0.0,,1.0,普通类,3_46_147980
140,清华大学,2024,天津,3,本科批A段,文科试验班类,（01）,695.0,0.0,0.0,,1.0,普通类,3_46_147980
140,清华大学,2024,天津,3,本科批A段,文科试验班类,（01）,695.0,0.0,0.0,,1.0,普通类,3_46_147980
140,清华大学,2024,天津,3,本科批A段,法学类,（01）,695.0,0.0,0.0,,1.0,普通类,3_46_147980
140,清华大学,2024,天津,3,本科批A段,建筑类,（01）,694.0,0.0,0.0,,4.0,普通类,3_46_147980
140,清华大学,2024,天津,3,本科批A段,文科试验班类,（01）,694.0,0.0,0.0,,2.0,普通类,3_46_147980
140,清华大学,2024,天津,3,本科批A段,理科试验班,（03）,711.0,0.0,0.0,,1.0,普通类,3_46_0
140,清华大学,2024,天津,3,本科批A段,计算机类,（03）,706.0,0.0,0.0,,6.0,普通类,3_46_0
140,清华大学,2024,天津,3,本科批A段,电子信息类,（03）,702.0,0.0,0.0,,4.0,普通类,3_46_0
140,清华大学,2024,天津,3,本科批A段,文科试验班类,（01）,701.0,0.0,0.0,,1.0,普通类,3_46_0
140,清华大学,2024,天津,3,本科批A段,理科试验班类,（02）,700.0,0.0,0.0,,2.0,普通类,3_46_0
140,清华大学,2024,天津,3,本科批A段,理科试验班类,（02）,700.0,0.0,0.0,,3.0,普通类,3_46_0
140,清华大学,2024,天津,3,本科批A段,工科试验班,（03）,698.0,0.0,0.0,,6.0,普通类,3_46_0
140,清华大学,2024,天津,3,本科批A段,工科试验班,（03）,697.0,0.0,0.0,,3.0,普通类,3_46_0
140,清华大学,2024,天津,3,本科批A段,临床医学类,（03）,696.0,0.0,0.0,,2.0,普通类,3_46_0
140,清华大学,2024,天津,3,本科批A段,自动化类,（03）,696.0,0.0,0.0,,3.0,普通类,3_46_0
140,清华大学,2024,天津,3,本科批A段,工科试验班,（03）,696.0,0.0,0.0,,2.0,普通类,3_46_0
140,清华大学,2024,天津,3,本科批A段,文科试验班类,（01）,695.0,0.0,0.0,,1.0,普通类,3_46_0
140,清华大学,2024,天津,3,本科批A段,文科试验班类,（01）,695.0,0.0,0.0,,1.0,普通类,3_46_0
140,清华大学,2024,天津,3,本科批A段,法学类,（01）,695.0,0.0,0.0,,1.0,普通类,3_46_0
140,清华大学,2024,天津,3,本科批A段,建筑类,（01）,694.0,0.0,0.0,,4.0,普通类,3_46_0
140,清华大学,2024,天津,3,本科批A段,文科试验班类,（01）,694.0,0.0,0.0,,2.0,普通类,3_46_0
140,清华大学,2024,天津,3,本科批A段,理科试验班,（03）,711.0,0.0,0.0,,1.0,普通类,3_46_146824
140,清华大学,2024,天津,3,本科批A段,计算机类,（03）,706.0,0.0,0.0,,6.0,普通类,3_46_146824
140,清华大学,2024,天津,3,本科批A段,电子信息类,（03）,702.0,0.0,0.0,,4.0,普通类,3_46_146824
140,清华大学,2024,天津,3,本科批A段,工科试验班,（03）,698.0,0.0,0.0,,6.0,普通类,3_46_146824
140,清华大学,2024,天津,3,本科批A段,工科试验班,（03）,697.0,0.0,0.0,,3.0,普通类,3_46_146824
140,清华大学,2024,天津,3,本科批A段,临床医学类,（03）,696.0,0.0,0.0,,2.0,普通类,3_46_146824
140,清华大学,2024,天津,3,本科批A段,自动化类,（03）,696.0,0.0,0.0,,3.0,普通类,3_46_146824
140,清华大学,2024,天津,3,本科批A段,工科试验班,（03）,696.0,0.0,0.0,,2.0,普通类,3_46_146824
140,清华大学,2024,天津,3,本科批A段,理科试验班类,（02）,700.0,0.0,0.0,,2.0,普通类,3_46_147314
140,清华大学,2024,天津,3,本科批A段,理科试验班类,（02）,700.0,0.0,0.0,,3.0,普通类,3_46_147314
140,清华大学,2024,河北,2073,本科批,临床医学类,,686.0,0.0,0.0,51.0,,普通类,2073_14_0
140,清华大学,2024,河北,2073,本科批,理科试验班类,,683.0,0.0,0.0,70.0,,普通类,2073_14_0
140,清华大学,2024,河北,2074,本科批,文科试验班类,,677.0,0.0,0.0,32.0,,普通类,2074_14_0
140,清华大学,2024,河北,2073,本科提前批B段,电子信息类,,684.0,0.0,0.0,63.0,,普通类,2073_37_0
140,清华大学,2024,河北,2073,本科提前批B段,工科试验班,,672.0,0.0,0.0,256.0,,普通类,2073_37_0
140,清华大学,2024,河北,2073,本科提前批B段,工科试验班,,672.0,0.0,0.0,256.0,,普通类,2073_37_0
140,清华大学,2024,河北,2073,本科提前批B段,工科试验班,,671.0,0.0,0.0,291.0,,普通类,2073_37_0
140,清华大学,2024,河北,2073,本科提前批B段,工科试验班,,671.0,0.0,0.0,291.0,,普通类,2073_37_0
140,清华大学,2024,河北,2073,本科提前批B段,理科试验班,,670.0,0.0,0.0,313.0,,普通类,2073_37_0
140,清华大学,2024,河北,2073,本科提前批B段,建筑类,,669.0,0.0,0.0,341.0,,普通类,2073_37_0
140,清华大学,2024,河北,2073,本科提前批B段,工科试验班,,669.0,0.0,0.0,341.0,,普通类,2073_37_0
140,清华大学,2024,河北,2073,本科提前批B段,土木类,,665.0,0.0,0.0,477.0,,普通类,2073_37_0
140,清华大学,2024,河北,2074,本科提前批B段,法学类,,673.0,0.0,0.0,32.0,,普通类,2074_37_0
140,清华大学,2024,河北,2074,本科提前批B段,文科试验班类,,661.0,0.0,0.0,93.0,,普通类,2074_37_0
140,清华大学,2024,山西,2,本科一批A段,文科试验班类,,645.0,0.0,0.0,15.0,1.0,国际班,2_51_0
140,清华大学,2024,山西,2,本科一批A段,文科试验班类,,643.0,0.0,0.0,17.0,1.0,普通类,2_51_0
140,清华大学,2024,山西,1,本科一批A段,理科试验班类,,700.0,0.0,0.0,,1.0,普通类,1_51_0
140,清华大学,2024,山西,1,本科一批A段,计算机类,,699.0,0.0,0.0,,1.0,普通类,1_51_0
140,清华大学,2024,山西,1,本科一批A段,电子信息类,,695.0,0.0,0.0,28.0,4.0,普通类,1_51_0
140,清华大学,2024,山西,1,本科一批A段,理科试验班类,,695.0,0.0,0.0,28.0,1.0,普通类,1_51_0
140,清华大学,2024,山西,1,本科一批A段,自动化类,,694.0,0.0,0.0,31.0,2.0,普通类,1_51_0
140,清华大学,2024,山西,1,本科一批A段,临床医学类,,689.0,0.0,0.0,58.0,3.0,普通类,1_51_0
140,清华大学,2024,山西,1,本科一批A段,临床医学类,,688.0,0.0,0.0,65.0,2.0,普通类,1_51_0
140,清华大学,2024,山西,1,本科一批A段,理科试验班,,688.0,0.0,0.0,65.0,2.0,普通类,1_51_0
140,清华大学,2024,山西,1,本科一批A段,工科试验班,,688.0,0.0,0.0,65.0,3.0,普通类,1_51_0
140,清华大学,2024,山西,1,本科一批A段,工科试验班,,688.0,0.0,0.0,65.0,3.0,普通类,1_51_0
140,清华大学,2024,山西,1,本科一批A段,工科试验班,,688.0,0.0,0.0,65.0,4.0,国际班,1_51_0
140,清华大学,2024,山西,1,本科一批A段,理科试验班,,687.0,0.0,0.0,74.0,1.0,普通类,1_51_0
140,清华大学,2024,山西,1,本科一批A段,工科试验班,,687.0,0.0,0.0,74.0,4.0,普通类,1_51_0
140,清华大学,2024,山西,1,本科一批A段,工科试验班,,687.0,0.0,0.0,74.0,5.0,普通类,1_51_0
140,清华大学,2024,内蒙古,2,本科一批,文科试验班类,,649.0,649.0,0.0,12.0,1.0,普通类,2_7_0
140,清华大学,2024,内蒙古,2,本科一批,法学类,,640.0,640.0,0.0,12.0,1.0,普通类,2_7_0
140,清华大学,2024,内蒙古,1,本科一批,工科试验班,,713.0,713.0,0.0,12.0,,普通类,1_7_0
140,清华大学,2024,内蒙古,1,本科一批,计算机类,,704.0,710.0,0.0,12.0,3.0,普通类,1_7_0
140,清华大学,2024,内蒙古,1,本科一批,自动化类,,704.0,704.0,0.0,12.0,1.0,普通类,1_7_0
140,清华大学,2024,内蒙古,1,本科一批,电子信息类,,700.0,711.0,0.0,24.0,6.0,普通类,1_7_0
140,清华大学,2024,内蒙古,1,本科一批,临床医学类,,700.0,701.0,0.0,24.0,,普通类,1_7_0
140,清华大学,2024,内蒙古,1,本科一批,临床医学类,,697.0,697.0,0.0,38.0,,普通类,1_7_0
140,清华大学,2024,内蒙古,1,本科一批,理科试验班类,,697.0,719.0,0.0,38.0,,普通类,1_7_0
140,清华大学,2024,内蒙古,1,本科一批,工科试验班,,697.0,697.0,0.0,38.0,,普通类,1_7_0
140,清华大学,2024,内蒙古,1,本科一批,工科试验班,,697.0,697.0,0.0,38.0,,普通类,1_7_0
140,清华大学,2024,内蒙古,1,本科一批,工科试验班,,696.0,700.0,0.0,40.0,,普通类,1_7_0
140,清华大学,2024,内蒙古,1,本科一批,建筑类,,695.0,695.0,0.0,47.0,1.0,普通类,1_7_0
140,清华大学,2024,内蒙古,1,本科一批,理科试验班,,695.0,719.0,0.0,47.0,,普通类,1_7_0
140,清华大学,2024,内蒙古,1,本科一批,工科试验班,,695.0,697.0,0.0,47.0,,普通类,1_7_0
140,清华大学,2024,内蒙古,1,本科提前批A段,机械工程,,694.0,694.0,0.0,54.0,,普通类,1_36_0
140,清华大学,2024,内蒙古,1,本科提前批A段,核工程与核技术,,686.0,686.0,0.0,108.0,,普通类,1_36_0
140,清华大学,2024,内蒙古,1,本科提前批A段,车辆工程,,685.0,685.0,0.0,118.0,,普通类,1_36_0
140,清华大学,2024,内蒙古,2,本科提前批B段,文科试验班类,,598.0,598.0,0.0,308.0,,普通类,2_37_0
140,清华大学,2024,内蒙古,1,本科提前批B段,工科试验班,,693.0,693.0,0.0,61.0,,普通类,1_37_0
140,清华大学,2024,内蒙古,1,本科提前批B段,临床医学类,,692.0,692.0,0.0,66.0,,普通类,1_37_0
140,清华大学,2024,内蒙古,1,本科提前批B段,工科试验班,,691.0,691.0,0.0,70.0,,普通类,1_37_0
140,清华大学,2024,内蒙古,1,本科提前批B段,工科试验班,,686.0,686.0,0.0,108.0,,普通类,1_37_0
140,清华大学,2024,内蒙古,1,本科提前批B段,工科试验班,,685.0,685.0,0.0,118.0,,普通类,1_37_0
140,清华大学,2024,内蒙古,1,本科提前批B段,土木类,,673.0,683.0,0.0,257.0,,普通类,1_37_0
140,清华大学,2024,辽宁,2074,本科批,文科试验班类,,675.0,0.0,0.0,15.0,,普通类,2074_14_0
140,清华大学,2024,辽宁,2073,本科批,临床医学类,,706.0,0.0,0.0,25.0,,普通类,2073_14_0
140,清华大学,2024,辽宁,2073,本科批,理科试验班类,,699.0,0.0,0.0,78.0,,普通类,2073_14_0
140,清华大学,2024,吉林,2073,提前批B段,自动化类,（07）,697.0,697.0,697.0,113.0,1.0,普通类,2073_4019_228583
140,清华大学,2024,吉林,2073,提前批B段,自动化类,（07）,697.0,697.0,697.0,113.0,1.0,普通类,2073_4019_0
140,清华大学,2024,吉林,2073,提前批A段,车辆工程,（03）,693.0,693.0,693.0,113.0,1.0,普通类,2073_4018_228452
140,清华大学,2024,吉林,2073,提前批A段,机械工程,（03）,689.0,689.0,689.0,139.0,1.0,普通类,2073_4018_228452
140,清华大学,2024,吉林,2073,提前批A段,车辆工程,（03）,693.0,693.0,693.0,113.0,1.0,普通类,2073_4018_0
140,清华大学,2024,吉林,2073,提前批A段,机械工程,（03）,689.0,689.0,689.0,139.0,1.0,普通类,2073_4018_0
140,清华大学,2024,吉林,2074,提前批A段,马克思主义理论,（02）,659.0,659.0,659.0,103.0,1.0,普通类,2074_4018_228319
140,清华大学,2024,吉林,2074,提前批A段,马克思主义理论,（02）,659.0,659.0,659.0,103.0,1.0,普通类,2074_4018_0
140,清华大学,2024,吉林,2074,本科批,法学类,（008）,668.0,668.0,668.0,,1.0,普通类,2074_14_142396
140,清华大学,2024,吉林,2074,本科批,文科试验班类,（008）,662.0,668.0,665.0,,3.0,普通类,2074_14_142396
140,清华大学,2024,吉林,2074,本科批,法学类,（008）,668.0,668.0,668.0,,1.0,普通类,2074_14_0
140,清华大学,2024,吉林,2074,本科批,文科试验班类,（008）,662.0,668.0,665.0,,3.0,普通类,2074_14_0
140,清华大学,2024,吉林,2074,本科批,文科试验班类,（009）,638.0,638.0,638.0,142.0,1.0,国家专项计划,2074_14_0
140,清华大学,2024,吉林,2074,本科批,文科试验班类,（009）,638.0,638.0,638.0,142.0,1.0,国家专项计划,2074_14_142305
140,清华大学,2024,吉林,2073,本科批,理科试验班类,（010）,699.0,699.0,699.0,,2.0,普通类,2073_14_142246
140,清华大学,2024,吉林,2073,本科批,建筑类,（010）,698.0,698.0,698.0,,4.0,普通类,2073_14_142246
140,清华大学,2024,吉林,2073,本科批,理科试验班,（011）,715.0,715.0,715.0,,1.0,普通类,2073_14_0
140,清华大学,2024,吉林,2073,本科批,计算机类,（011）,705.0,716.0,711.0,,2.0,普通类,2073_14_0
140,清华大学,2024,吉林,2073,本科批,临床医学类,（011）,703.0,712.0,707.0,,4.0,普通类,2073_14_0
140,清华大学,2024,吉林,2073,本科批,工科试验班,（011）,703.0,703.0,703.0,,1.0,普通类,2073_14_0
140,清华大学,2024,吉林,2073,本科批,工科试验班,（011）,700.0,700.0,700.0,,1.0,普通类,2073_14_0
140,清华大学,2024,吉林,2073,本科批,电子信息类,（011）,699.0,711.0,705.0,,7.0,普通类,2073_14_0
140,清华大学,2024,吉林,2073,本科批,自动化类,（011）,699.0,704.0,701.0,,5.0,普通类,2073_14_0
140,清华大学,2024,吉林,2073,本科批,临床医学类,（011）,699.0,701.0,700.0,,2.0,普通类,2073_14_0
140,清华大学,2024,吉林,2073,本科批,理科试验班类,（010）,699.0,699.0,699.0,,2.0,普通类,2073_14_0
140,清华大学,2024,吉林,2073,本科批,理科试验班,（011）,699.0,699.0,699.0,,1.0,普通类,2073_14_0
140,清华大学,2024,吉林,2073,本科批,建筑类,（010）,698.0,698.0,698.0,,4.0,普通类,2073_14_0
140,清华大学,2024,吉林,2073,本科批,工科试验班,（012）,696.0,696.0,696.0,,1.0,国家专项计划,2073_14_0
140,清华大学,2024,吉林,2073,本科批,土木类,（012）,684.0,684.0,684.0,205.0,1.0,国家专项计划,2073_14_0
140,清华大学,2024,吉林,2073,本科批,理科试验班,（011）,715.0,715.0,715.0,,1.0,普通类,2073_14_142200
140,清华大学,2024,吉林,2073,本科批,计算机类,（011）,705.0,716.0,711.0,,2.0,普通类,2073_14_142200
140,清华大学,2024,吉林,2073,本科批,临床医学类,（011）,703.0,712.0,707.0,,4.0,普通类,2073_14_142200
140,清华大学,2024,吉林,2073,本科批,工科试验班,（011）,703.0,703.0,703.0,,1.0,普通类,2073_14_142200
140,清华大学,2024,吉林,2073,本科批,工科试验班,（011）,700.0,700.0,700.0,,1.0,普通类,2073_14_142200
140,清华大学,2024,吉林,2073,本科批,电子信息类,（011）,699.0,711.0,705.0,,7.0,普通类,2073_14_142200
140,清华大学,2024,吉林,2073,本科批,自动化类,（011）,699.0,704.0,701.0,,5.0,普通类,2073_14_142200
140,清华大学,2024,吉林,2073,本科批,临床医学类,（011）,699.0,701.0,700.0,,2.0,普通类,2073_14_142200
140,清华大学,2024,吉林,2073,本科批,理科试验班,（011）,699.0,699.0,699.0,,1.0,普通类,2073_14_142200
140,清华大学,2024,吉林,2073,本科批,工科试验班,（012）,696.0,696.0,696.0,,1.0,国家专项计划,2073_14_142167
140,清华大学,2024,吉林,2073,本科批,土木类,（012）,684.0,684.0,684.0,205.0,1.0,国家专项计划,2073_14_142167
140,清华大学,2024,黑龙江,2074,本科批,文科试验班类,（005）,691.0,691.0,0.0,20.0,,普通类,2074_14_158539
140,清华大学,2024,黑龙江,2074,本科批,法学类,（005）,682.0,691.0,0.0,20.0,,普通类,2074_14_158539
140,清华大学,2024,黑龙江,2074,本科批,文科试验班类,（005）,691.0,691.0,0.0,20.0,,普通类,2074_14_0
140,清华大学,2024,黑龙江,2074,本科批,法学类,（005）,682.0,691.0,0.0,20.0,,普通类,2074_14_0
140,清华大学,2024,黑龙江,2073,本科批,理科试验班类,（010）,713.0,713.0,0.0,45.0,,普通类,2073_14_157545
140,清华大学,2024,黑龙江,2073,本科批,理科试验班类,（010）,704.0,708.0,0.0,53.0,,普通类,2073_14_157545
140,清华大学,2024,黑龙江,2073,本科批,社会科学试验班,（010）,704.0,704.0,0.0,53.0,,普通类,2073_14_157545
140,清华大学,2024,黑龙江,2073,本科批,计算机类,（011）,721.0,730.0,0.0,45.0,,普通类,2073_14_0
140,清华大学,2024,黑龙江,2073,本科批,临床医学类,（011）,715.0,723.0,0.0,45.0,,普通类,2073_14_0
140,清华大学,2024,黑龙江,2073,本科批,理科试验班类,（010）,713.0,713.0,0.0,45.0,,普通类,2073_14_0
140,清华大学,2024,黑龙江,2073,本科批,电子信息类,（011）,711.0,719.0,0.0,45.0,,普通类,2073_14_0
140,清华大学,2024,黑龙江,2073,本科批,自动化类,（011）,708.0,712.0,0.0,45.0,,普通类,2073_14_0
140,清华大学,2024,黑龙江,2073,本科批,工科试验班,（011）,706.0,711.0,0.0,45.0,,普通类,2073_14_0
140,清华大学,2024,黑龙江,2073,本科批,理科试验班类,（010）,704.0,708.0,0.0,53.0,,普通类,2073_14_0
140,清华大学,2024,黑龙江,2073,本科批,社会科学试验班,（010）,704.0,704.0,0.0,53.0,,普通类,2073_14_0
140,清华大学,2024,黑龙江,2073,本科批,工科试验班,（011）,704.0,707.0,0.0,53.0,,普通类,2073_14_0
140,清华大学,2024,黑龙江,2073,本科批,工科试验班,（011）,704.0,708.0,0.0,53.0,,普通类,2073_14_0
140,清华大学,2024,黑龙江,2073,本科批,工科试验班,（011）,704.0,710.0,0.0,53.0,,普通类,2073_14_0
140,清华大学,2024,黑龙江,2073,本科批,计算机类,（011）,721.0,730.0,0.0,45.0,,普通类,2073_14_157464
140,清华大学,2024,黑龙江,2073,本科批,临床医学类,（011）,715.0,723.0,0.0,45.0,,普通类,2073_14_157464
140,清华大学,2024,黑龙江,2073,本科批,电子信息类,（011）,711.0,719.0,0.0,45.0,,普通类,2073_14_157464
140,清华大学,2024,黑龙江,2073,本科批,自动化类,（011）,708.0,712.0,0.0,45.0,,普通类,2073_14_157464
140,清华大学,2024,黑龙江,2073,本科批,工科试验班,（011）,706.0,711.0,0.0,45.0,,普通类,2073_14_157464
140,清华大学,2024,黑龙江,2073,本科批,工科试验班,（011）,704.0,707.0,0.0,53.0,,普通类,2073_14_157464
140,清华大学,2024,黑龙江,2073,本科批,工科试验班,（011）,704.0,708.0,0.0,53.0,,普通类,2073_14_157464
140,清华大学,2024,黑龙江,2073,本科批,工科试验班,（011）,704.0,710.0,0.0,53.0,,普通类,2073_14_157464
140,清华大学,2024,江苏,2074,本科批,文科试验班类,（02）,668.0,680.0,0.0,,1.0,普通类,2074_14_181209
140,清华大学,2024,江苏,2074,本科批,文科试验班类,（02）,668.0,680.0,0.0,,1.0,普通类,2074_14_0
140,清华大学,2024,江苏,2073,本科批,法学类,（04）,695.0,695.0,0.0,,1.0,普通类,2073_14_179660
140,清华大学,2024,江苏,2073,本科批,建筑类,（04）,694.0,694.0,0.0,,3.0,普通类,2073_14_179660
140,清华大学,2024,江苏,2073,本科批,理科试验班类,（04）,694.0,699.0,0.0,,1.0,普通类,2073_14_179660
140,清华大学,2024,江苏,2073,本科批,理科试验班类,（04）,694.0,699.0,0.0,,1.0,普通类,2073_14_179660
140,清华大学,2024,江苏,2073,本科批,计算机类,（05）,708.0,708.0,0.0,,1.0,普通类,2073_14_0
140,清华大学,2024,江苏,2073,本科批,理科试验班,（05）,698.0,698.0,0.0,,1.0,普通类,2073_14_0
140,清华大学,2024,江苏,2073,本科批,法学类,（04）,695.0,695.0,0.0,,1.0,普通类,2073_14_0
140,清华大学,2024,江苏,2073,本科批,建筑类,（04）,694.0,694.0,0.0,,3.0,普通类,2073_14_0
140,清华大学,2024,江苏,2073,本科批,电子信息类,（05）,694.0,704.0,0.0,,3.0,普通类,2073_14_0
140,清华大学,2024,江苏,2073,本科批,理科试验班类,（04）,694.0,699.0,0.0,,1.0,普通类,2073_14_0
140,清华大学,2024,江苏,2073,本科批,理科试验班类,（04）,694.0,699.0,0.0,,1.0,普通类,2073_14_0
140,清华大学,2024,江苏,2073,本科批,工科试验班,（05）,694.0,702.0,0.0,,3.0,普通类,2073_14_0
140,清华大学,2024,江苏,2073,本科批,临床医学类,（05）,692.0,698.0,0.0,,2.0,普通类,2073_14_0
140,清华大学,2024,江苏,2073,本科批,自动化类,（05）,692.0,699.0,0.0,,2.0,普通类,2073_14_0
140,清华大学,2024,江苏,2073,本科批,工科试验班,（05）,692.0,695.0,0.0,,2.0,普通类,2073_14_0
140,清华大学,2024,江苏,2073,本科批,理科试验班,（05）,691.0,691.0,0.0,,2.0,普通类,2073_14_0
140,清华大学,2024,江苏,2073,本科批,工科试验班,（05）,691.0,692.0,0.0,,3.0,普通类,2073_14_0
140,清华大学,2024,江苏,2073,本科批,工科试验班,（05）,690.0,692.0,0.0,,4.0,普通类,2073_14_0
140,清华大学,2024,江苏,2073,本科批,计算机类,（05）,708.0,708.0,0.0,,1.0,普通类,2073_14_179274
140,清华大学,2024,江苏,2073,本科批,理科试验班,（05）,698.0,698.0,0.0,,1.0,普通类,2073_14_179274
140,清华大学,2024,江苏,2073,本科批,电子信息类,（05）,694.0,704.0,0.0,,3.0,普通类,2073_14_179274
140,清华大学,2024,江苏,2073,本科批,工科试验班,（05）,694.0,702.0,0.0,,3.0,普通类,2073_14_179274
140,清华大学,2024,江苏,2073,本科批,临床医学类,（05）,692.0,698.0,0.0,,2.0,普通类,2073_14_179274
140,清华大学,2024,江苏,2073,本科批,自动化类,（05）,692.0,699.0,0.0,,2.0,普通类,2073_14_179274
140,清华大学,2024,江苏,2073,本科批,工科试验班,（05）,692.0,695.0,0.0,,2.0,普通类,2073_14_179274
140,清华大学,2024,江苏,2073,本科批,理科试验班,（05）,691.0,691.0,0.0,,2.0,普通类,2073_14_179274
140,清华大学,2024,江苏,2073,本科批,工科试验班,（05）,691.0,692.0,0.0,,3.0,普通类,2073_14_179274
140,清华大学,2024,江苏,2073,本科批,工科试验班,（05）,690.0,692.0,0.0,,4.0,普通类,2073_14_179274
140,清华大学,2024,浙江,3,平行录取一段,文科试验班类,,711.0,0.0,0.0,35.0,,普通类,3_16_0
140,清华大学,2024,浙江,3,平行录取一段,临床医学类,,708.0,0.0,0.0,59.0,,普通类,3_16_0
140,清华大学,2024,浙江,3,平行录取一段,理科试验班类,,707.0,0.0,0.0,81.0,,普通类,3_16_0
140,清华大学,2024,安徽,2074,本科批,文科试验班类,2200（L004）,673.0,679.0,676.0,21.0,1.0,普通类,2074_14_185485
140,清华大学,2024,安徽,2074,本科批,文科试验班类,2200（L004）,673.0,679.0,676.0,21.0,1.0,普通类,2074_14_0
140,清华大学,2024,安徽,2073,本科批,理科试验班类,2200（W006）,707.0,707.0,707.0,36.0,1.0,普通类,2073_14_185484
140,清华大学,2024,安徽,2073,本科批,建筑类,2200（W006）,703.0,705.0,704.0,36.0,3.0,普通类,2073_14_185484
140,清华大学,2024,安徽,2073,本科批,理科试验班类,2200（W006）,702.0,713.0,706.0,36.0,1.0,普通类,2073_14_185484
140,清华大学,2024,安徽,2073,本科批,计算机类,2200（W007）,714.0,715.0,715.0,36.0,1.0,普通类,2073_14_0
140,清华大学,2024,安徽,2073,本科批,理科试验班类,2200（W006）,707.0,707.0,707.0,36.0,1.0,普通类,2073_14_0
140,清华大学,2024,安徽,2073,本科批,建筑类,2200（W006）,703.0,705.0,704.0,36.0,3.0,普通类,2073_14_0
140,清华大学,2024,安徽,2073,本科批,理科试验班类,2200（W006）,702.0,713.0,706.0,36.0,1.0,普通类,2073_14_0
140,清华大学,2024,安徽,2073,本科批,电子信息类,2200（W007）,702.0,709.0,704.0,36.0,4.0,普通类,2073_14_0
140,清华大学,2024,安徽,2073,本科批,自动化类,2200（W007）,698.0,705.0,701.0,48.0,2.0,普通类,2073_14_0
140,清华大学,2024,安徽,2073,本科批,临床医学类,2200（W007）,696.0,698.0,697.0,70.0,3.0,普通类,2073_14_0
140,清华大学,2024,安徽,2073,本科批,理科试验班,2200（W007）,696.0,698.0,697.0,70.0,1.0,普通类,2073_14_0
140,清华大学,2024,安徽,2073,本科批,工科试验班,2200（W007）,696.0,698.0,697.0,70.0,3.0,普通类,2073_14_0
140,清华大学,2024,安徽,2073,本科批,工科试验班,2200（W007）,696.0,699.0,697.0,70.0,5.0,普通类,2073_14_0
140,清华大学,2024,安徽,2073,本科批,临床医学类,2200（W007）,696.0,696.0,696.0,70.0,2.0,普通类,2073_14_0
140,清华大学,2024,安徽,2073,本科批,理科试验班,2200（W007）,696.0,696.0,696.0,70.0,2.0,普通类,2073_14_0
140,清华大学,2024,安徽,2073,本科批,工科试验班,2200（W007）,695.0,704.0,698.0,86.0,3.0,普通类,2073_14_0
140,清华大学,2024,安徽,2073,本科批,工科试验班,2200（W007）,695.0,697.0,696.0,86.0,4.0,普通类,2073_14_0
140,清华大学,2024,安徽,2073,本科批,工科试验班,2200（W007）,695.0,695.0,695.0,86.0,3.0,普通类,2073_14_0
140,清华大学,2024,安徽,2073,本科批,计算机类,2200（W007）,714.0,715.0,715.0,36.0,1.0,普通类,2073_14_185483
140,清华大学,2024,安徽,2073,本科批,电子信息类,2200（W007）,702.0,709.0,704.0,36.0,4.0,普通类,2073_14_185483
140,清华大学,2024,安徽,2073,本科批,自动化类,2200（W007）,698.0,705.0,701.0,48.0,2.0,普通类,2073_14_185483
140,清华大学,2024,安徽,2073,本科批,临床医学类,2200（W007）,696.0,698.0,697.0,70.0,3.0,普通类,2073_14_185483
140,清华大学,2024,安徽,2073,本科批,理科试验班,2200（W007）,696.0,698.0,697.0,70.0,1.0,普通类,2073_14_185483
140,清华大学,2024,安徽,2073,本科批,工科试验班,2200（W007）,696.0,698.0,697.0,70.0,3.0,普通类,2073_14_185483
140,清华大学,2024,安徽,2073,本科批,工科试验班,2200（W007）,696.0,699.0,697.0,70.0,5.0,普通类,2073_14_185483
140,清华大学,2024,安徽,2073,本科批,临床医学类,2200（W007）,696.0,696.0,696.0,70.0,2.0,普通类,2073_14_185483
140,清华大学,2024,安徽,2073,本科批,理科试验班,2200（W007）,696.0,696.0,696.0,70.0,2.0,普通类,2073_14_185483
140,清华大学,2024,安徽,2073,本科批,工科试验班,2200（W007）,695.0,704.0,698.0,86.0,3.0,普通类,2073_14_185483
140,清华大学,2024,安徽,2073,本科批,工科试验班,2200（W007）,695.0,697.0,696.0,86.0,4.0,普通类,2073_14_185483
140,清华大学,2024,安徽,2073,本科批,工科试验班,2200（W007）,695.0,695.0,695.0,86.0,3.0,普通类,2073_14_185483
140,清华大学,2024,福建,2074,本科批,文科试验班类,3059（L999）,667.0,679.0,672.0,,1.0,普通类,2074_14_176295
140,清华大学,2024,福建,2074,本科批,法学类,3059（L999）,663.0,663.0,663.0,18.0,1.0,普通类,2074_14_176295
140,清华大学,2024,福建,2074,本科批,文科试验班类,3059（L999）,662.0,662.0,662.0,19.0,1.0,普通类,2074_14_176295
140,清华大学,2024,福建,2074,本科批,文科试验班类,3059（L999）,667.0,679.0,672.0,,1.0,普通类,2074_14_0
140,清华大学,2024,福建,2074,本科批,法学类,3059（L999）,663.0,663.0,663.0,18.0,1.0,普通类,2074_14_0
140,清华大学,2024,福建,2074,本科批,文科试验班类,3059（L999）,662.0,662.0,662.0,19.0,1.0,普通类,2074_14_0
140,清华大学,2024,福建,2073,本科批,理科试验班类,3059（W999）,698.0,709.0,704.0,,1.0,普通类,2073_14_176293
140,清华大学,2024,福建,2073,本科批,建筑类,3059（W999）,696.0,696.0,696.0,51.0,3.0,普通类,2073_14_176293
140,清华大学,2024,福建,2073,本科批,计算机类,（W500）,715.0,715.0,715.0,,1.0,普通类,2073_14_0
140,清华大学,2024,福建,2073,本科批,自动化类,（W500）,704.0,704.0,704.0,,2.0,普通类,2073_14_0
140,清华大学,2024,福建,2073,本科批,电子信息类,（W500）,699.0,703.0,701.0,,4.0,普通类,2073_14_0
140,清华大学,2024,福建,2073,本科批,理科试验班类,3059（W999）,698.0,709.0,704.0,,1.0,普通类,2073_14_0
140,清华大学,2024,福建,2073,本科批,建筑类,3059（W999）,696.0,696.0,696.0,51.0,3.0,普通类,2073_14_0
140,清华大学,2024,福建,2073,本科批,理科试验班,（W500）,694.0,694.0,694.0,60.0,2.0,普通类,2073_14_0
140,清华大学,2024,福建,2073,本科批,临床医学类,（W500）,693.0,702.0,698.0,69.0,2.0,普通类,2073_14_0
140,清华大学,2024,福建,2073,本科批,工科试验班,（W500）,693.0,699.0,696.0,69.0,3.0,普通类,2073_14_0
140,清华大学,2024,福建,2073,本科批,工科试验班,（W500）,693.0,699.0,695.0,69.0,4.0,普通类,2073_14_0
140,清华大学,2024,福建,2073,本科批,工科试验班,（W500）,692.0,696.0,693.0,80.0,3.0,普通类,2073_14_0
140,清华大学,2024,福建,2073,本科批,工科试验班,（W500）,692.0,692.0,692.0,80.0,1.0,普通类,2073_14_0
140,清华大学,2024,福建,2073,本科批,工科试验班,（W500）,691.0,695.0,692.0,91.0,7.0,普通类,2073_14_0
140,清华大学,2024,福建,2073,本科批,计算机类,（W500）,715.0,715.0,715.0,,1.0,普通类,2073_14_176294
140,清华大学,2024,福建,2073,本科批,自动化类,（W500）,704.0,704.0,704.0,,2.0,普通类,2073_14_176294
140,清华大学,2024,福建,2073,本科批,电子信息类,（W500）,699.0,703.0,701.0,,4.0,普通类,2073_14_176294
140,清华大学,2024,福建,2073,本科批,理科试验班,（W500）,694.0,694.0,694.0,60.0,2.0,普通类,2073_14_176294
140,清华大学,2024,福建,2073,本科批,临床医学类,（W500）,693.0,702.0,698.0,69.0,2.0,普通类,2073_14_176294
140,清华大学,2024,福建,2073,本科批,工科试验班,（W500）,693.0,699.0,696.0,69.0,3.0,普通类,2073_14_176294
140,清华大学,2024,福建,2073,本科批,工科试验班,（W500）,693.0,699.0,695.0,69.0,4.0,普通类,2073_14_176294
140,清华大学,2024,福建,2073,本科批,工科试验班,（W500）,692.0,696.0,693.0,80.0,3.0,普通类,2073_14_176294
140,清华大学,2024,福建,2073,本科批,工科试验班,（W500）,692.0,692.0,692.0,80.0,1.0,普通类,2073_14_176294
140,清华大学,2024,福建,2073,本科批,工科试验班,（W500）,691.0,695.0,692.0,91.0,7.0,普通类,2073_14_176294
140,清华大学,2024,福建,2074,本科提前批,马克思主义理论,（L700）,661.0,661.0,661.0,20.0,1.0,普通类,2074_6_216034
140,清华大学,2024,福建,2074,本科提前批,马克思主义理论,（L700）,661.0,661.0,661.0,20.0,1.0,普通类,2074_6_0
140,清华大学,2024,福建,2073,本科提前批,核工程与核技术,（W500）,682.0,689.0,685.0,267.0,3.0,普通类,2073_6_176294
140,清华大学,2024,福建,2073,本科提前批,核工程与核技术,（W500）,682.0,689.0,685.0,267.0,3.0,普通类,2073_6_0
140,清华大学,2024,江西,2074,本科批,文科试验班类,（103）,675.0,0.0,0.0,,1.0,普通类,2074_14_167248
140,清华大学,2024,江西,2074,本科批,文科试验班类,（103）,671.0,0.0,0.0,,1.0,普通类,2074_14_167248
140,清华大学,2024,江西,2074,本科批,法学类,（103）,669.0,0.0,0.0,,1.0,普通类,2074_14_167248
140,清华大学,2024,江西,2074,本科批,文科试验班类,（103）,675.0,0.0,0.0,,1.0,普通类,2074_14_0
140,清华大学,2024,江西,2074,本科批,文科试验班类,（103）,671.0,0.0,0.0,,1.0,普通类,2074_14_0
140,清华大学,2024,江西,2074,本科批,法学类,（103）,669.0,0.0,0.0,,1.0,普通类,2074_14_0
140,清华大学,2024,江西,2074,本科批,文科试验班类,（161）,649.0,0.0,0.0,95.0,1.0,普通类,2074_14_0
140,清华大学,2024,江西,2074,本科批,文科试验班类,（161）,649.0,0.0,0.0,95.0,1.0,普通类,2074_14_166822
140,清华大学,2024,江西,2073,本科批,理科试验班类,（502）,690.0,0.0,0.0,,1.0,普通类,2073_14_164880
140,清华大学,2024,江西,2073,本科批,理科试验班类,（502）,680.0,0.0,0.0,41.0,1.0,普通类,2073_14_164880
140,清华大学,2024,江西,2073,本科批,社会科学试验班,（502）,680.0,0.0,0.0,41.0,1.0,普通类,2073_14_164880
140,清华大学,2024,江西,2073,本科批,法学类,（502）,680.0,0.0,0.0,41.0,1.0,普通类,2073_14_164880
140,清华大学,2024,江西,2073,本科批,理科试验班类,（502）,690.0,0.0,0.0,,1.0,普通类,2073_14_0
140,清华大学,2024,江西,2073,本科批,计算机类,（503）,689.0,0.0,0.0,,1.0,普通类,2073_14_0
140,清华大学,2024,江西,2073,本科批,电子信息类,（503）,685.0,0.0,0.0,,1.0,普通类,2073_14_0
140,清华大学,2024,江西,2073,本科批,临床医学类,（503）,683.0,0.0,0.0,,1.0,普通类,2073_14_0
140,清华大学,2024,江西,2073,本科批,工科试验班,（503）,683.0,0.0,0.0,,3.0,普通类,2073_14_0
140,清华大学,2024,江西,2073,本科批,理科试验班,（503）,681.0,0.0,0.0,,1.0,普通类,2073_14_0
140,清华大学,2024,江西,2073,本科批,自动化类,（503）,681.0,0.0,0.0,,1.0,普通类,2073_14_0
140,清华大学,2024,江西,2073,本科批,工科试验班,（503）,681.0,0.0,0.0,,1.0,普通类,2073_14_0
140,清华大学,2024,江西,2073,本科批,工科试验班,（503）,681.0,0.0,0.0,,1.0,普通类,2073_14_0
140,清华大学,2024,江西,2073,本科批,理科试验班类,（502）,680.0,0.0,0.0,41.0,1.0,普通类,2073_14_0
140,清华大学,2024,江西,2073,本科批,社会科学试验班,（502）,680.0,0.0,0.0,41.0,1.0,普通类,2073_14_0
140,清华大学,2024,江西,2073,本科批,法学类,（502）,680.0,0.0,0.0,41.0,1.0,普通类,2073_14_0
140,清华大学,2024,江西,2073,本科批,工科试验班,（563）,679.0,0.0,0.0,52.0,1.0,普通类,2073_14_0
140,清华大学,2024,江西,2073,本科批,理科试验班,（563）,674.0,0.0,0.0,114.0,1.0,普通类,2073_14_0
140,清华大学,2024,江西,2073,本科批,工科试验班,（563）,673.0,0.0,0.0,131.0,1.0,普通类,2073_14_0
140,清华大学,2024,江西,2073,本科批,土木类,（563）,669.0,0.0,0.0,186.0,2.0,普通类,2073_14_0
140,清华大学,2024,江西,2073,本科批,建筑类,（562）,667.0,0.0,0.0,230.0,1.0,普通类,2073_14_0
140,清华大学,2024,江西,2073,本科批,计算机类,（503）,689.0,0.0,0.0,,1.0,普通类,2073_14_163895
140,清华大学,2024,江西,2073,本科批,电子信息类,（503）,685.0,0.0,0.0,,1.0,普通类,2073_14_163895
140,清华大学,2024,江西,2073,本科批,临床医学类,（503）,683.0,0.0,0.0,,1.0,普通类,2073_14_163895
140,清华大学,2024,江西,2073,本科批,工科试验班,（503）,683.0,0.0,0.0,,3.0,普通类,2073_14_163895
140,清华大学,2024,江西,2073,本科批,理科试验班,（503）,681.0,0.0,0.0,,1.0,普通类,2073_14_163895
140,清华大学,2024,江西,2073,本科批,自动化类,（503）,681.0,0.0,0.0,,1.0,普通类,2073_14_163895
140,清华大学,2024,江西,2073,本科批,工科试验班,（503）,681.0,0.0,0.0,,1.0,普通类,2073_14_163895
140,清华大学,2024,江西,2073,本科批,工科试验班,（503）,681.0,0.0,0.0,,1.0,普通类,2073_14_163895
140,清华大学,2024,江西,2073,本科批,建筑类,（562）,667.0,0.0,0.0,230.0,1.0,普通类,2073_14_162348
140,清华大学,2024,江西,2073,本科批,工科试验班,（563）,679.0,0.0,0.0,52.0,1.0,普通类,2073_14_162293
140,清华大学,2024,江西,2073,本科批,理科试验班,（563）,674.0,0.0,0.0,114.0,1.0,普通类,2073_14_162293
140,清华大学,2024,江西,2073,本科批,工科试验班,（563）,673.0,0.0,0.0,131.0,1.0,普通类,2073_14_162293
140,清华大学,2024,江西,2073,本科批,土木类,（563）,669.0,0.0,0.0,186.0,2.0,普通类,2073_14_162293
140,清华大学,2024,山东,3,普通类一段,文科试验班类,,697.0,0.0,0.0,45.0,2.0,普通类,3_1570_0
140,清华大学,2024,山东,3,普通类一段,临床医学类,,693.0,0.0,0.0,83.0,5.0,普通类,3_1570_0
140,清华大学,2024,山东,3,普通类一段,理科试验班类,,691.0,0.0,0.0,124.0,69.0,普通类,3_1570_0
140,清华大学,2024,河南,2,本科一批,文科试验班类,,671.0,678.0,675.0,,2.0,普通类,2_7_0
140,清华大学,2024,河南,2,本科一批,文科试验班类,,663.0,672.0,669.0,22.0,3.0,普通类,2_7_0
140,清华大学,2024,河南,2,本科一批,文科试验班类,,658.0,658.0,658.0,36.0,1.0,普通类,2_7_0
140,清华大学,2024,河南,1,本科一批,计算机类,,708.0,721.0,715.0,13.0,3.0,普通类,1_7_0
140,清华大学,2024,河南,1,本科一批,理科试验班类,,707.0,707.0,707.0,17.0,1.0,普通类,1_7_0
140,清华大学,2024,河南,1,本科一批,电子信息类,,703.0,713.0,706.0,33.0,9.0,普通类,1_7_0
140,清华大学,2024,河南,1,本科一批,自动化类,,703.0,706.0,705.0,33.0,3.0,普通类,1_7_0
140,清华大学,2024,河南,1,本科一批,工科试验班,,699.0,715.0,703.0,64.0,6.0,普通类,1_7_0
140,清华大学,2024,河南,1,本科一批,理科试验班,,699.0,704.0,701.0,64.0,4.0,普通类,1_7_0
140,清华大学,2024,河南,1,本科一批,临床医学类,,698.0,714.0,705.0,75.0,5.0,普通类,1_7_0
140,清华大学,2024,河南,1,本科一批,工科试验班,,698.0,710.0,702.0,75.0,8.0,普通类,1_7_0
140,清华大学,2024,河南,1,本科一批,理科试验班,,697.0,708.0,700.0,81.0,5.0,普通类,1_7_0
140,清华大学,2024,河南,1,本科一批,工科试验班,,696.0,702.0,699.0,94.0,11.0,普通类,1_7_0
140,清华大学,2024,河南,1,本科一批,工科试验班,,696.0,703.0,699.0,94.0,4.0,普通类,1_7_0
140,清华大学,2024,河南,1,本科一批,工科试验班,,696.0,696.0,696.0,94.0,1.0,普通类,1_7_0
140,清华大学,2024,湖南,2074,本科批,文科试验班类,（102）,654.0,654.0,0.0,53.0,1.0,普通类,2074_14_195154
140,清华大学,2024,湖南,2074,本科批,文科试验班类,（102）,654.0,654.0,0.0,53.0,1.0,普通类,2074_14_195154
140,清华大学,2024,湖南,2074,本科批,文科试验班类,（102）,654.0,654.0,0.0,53.0,1.0,普通类,2074_14_195154
140,清华大学,2024,湖南,2074,本科批,文科试验班类,（102）,654.0,654.0,0.0,53.0,1.0,普通类,2074_14_195154
140,清华大学,2024,湖南,2074,本科批,文科试验班类,（102）,654.0,654.0,0.0,53.0,1.0,普通类,2074_14_0
140,清华大学,2024,湖南,2074,本科批,文科试验班类,（102）,654.0,654.0,0.0,53.0,1.0,普通类,2074_14_0
140,清华大学,2024,湖南,2074,本科批,文科试验班类,（102）,654.0,654.0,0.0,53.0,1.0,普通类,2074_14_0
140,清华大学,2024,湖南,2074,本科批,文科试验班类,（102）,654.0,654.0,0.0,53.0,1.0,普通类,2074_14_0
140,清华大学,2024,湖南,2074,本科批,文科试验班类,（303）,653.0,653.0,0.0,57.0,1.0,国家专项计划,2074_14_0
140,清华大学,2024,湖南,2074,本科批,法学类,（303）,653.0,653.0,0.0,57.0,1.0,国家专项计划,2074_14_0
140,清华大学,2024,湖南,2074,本科批,文科试验班类,（303）,653.0,653.0,0.0,57.0,1.0,国家专项计划,2074_14_190262
140,清华大学,2024,湖南,2074,本科批,法学类,（303）,653.0,653.0,0.0,57.0,1.0,国家专项计划,2074_14_190262
140,清华大学,2024,湖南,2073,本科批,理科试验班类,（104）,692.0,692.0,0.0,59.0,2.0,普通类,2073_14_193279
140,清华大学,2024,湖南,2073,本科批,法学类,（104）,692.0,692.0,0.0,59.0,1.0,普通类,2073_14_193279
140,清华大学,2024,湖南,2073,本科批,社会科学试验班,（104）,690.0,690.0,0.0,74.0,1.0,普通类,2073_14_193279
140,清华大学,2024,湖南,2073,本科批,建筑类,（104）,689.0,691.0,0.0,84.0,3.0,普通类,2073_14_193279
140,清华大学,2024,湖南,2073,本科批,理科试验班类,（104）,689.0,689.0,0.0,84.0,1.0,普通类,2073_14_193279
140,清华大学,2024,湖南,2073,本科批,电子信息类,（105）,692.0,692.0,0.0,59.0,4.0,普通类,2073_14_0
140,清华大学,2024,湖南,2073,本科批,计算机类,（105）,692.0,692.0,0.0,59.0,1.0,普通类,2073_14_0
140,清华大学,2024,湖南,2073,本科批,临床医学类,（105）,692.0,692.0,0.0,59.0,1.0,普通类,2073_14_0
140,清华大学,2024,湖南,2073,本科批,理科试验班类,（104）,692.0,692.0,0.0,59.0,2.0,普通类,2073_14_0
140,清华大学,2024,湖南,2073,本科批,理科试验班,（105）,692.0,692.0,0.0,59.0,2.0,普通类,2073_14_0
140,清华大学,2024,湖南,2073,本科批,法学类,（104）,692.0,692.0,0.0,59.0,1.0,普通类,2073_14_0
140,清华大学,2024,湖南,2073,本科批,自动化类,（105）,692.0,692.0,0.0,59.0,3.0,普通类,2073_14_0
140,清华大学,2024,湖南,2073,本科批,工科试验班,（105）,692.0,692.0,0.0,59.0,3.0,普通类,2073_14_0
140,清华大学,2024,湖南,2073,本科批,工科试验班,（105）,692.0,692.0,0.0,59.0,3.0,普通类,2073_14_0
140,清华大学,2024,湖南,2073,本科批,工科试验班,（105）,692.0,692.0,0.0,59.0,6.0,普通类,2073_14_0
140,清华大学,2024,湖南,2073,本科批,土木类,（105）,691.0,692.0,0.0,70.0,7.0,普通类,2073_14_0
140,清华大学,2024,湖南,2073,本科批,临床医学类,（105）,691.0,692.0,0.0,70.0,2.0,普通类,2073_14_0
140,清华大学,2024,湖南,2073,本科批,理科试验班,（105）,691.0,691.0,0.0,70.0,1.0,普通类,2073_14_0
140,清华大学,2024,湖南,2073,本科批,工科试验班,（105）,691.0,692.0,0.0,70.0,2.0,普通类,2073_14_0
140,清华大学,2024,湖南,2073,本科批,工科试验班,（105）,691.0,692.0,0.0,70.0,4.0,普通类,2073_14_0
140,清华大学,2024,湖南,2073,本科批,社会科学试验班,（104）,690.0,690.0,0.0,74.0,1.0,普通类,2073_14_0
140,清华大学,2024,湖南,2073,本科批,建筑类,（104）,689.0,691.0,0.0,84.0,3.0,普通类,2073_14_0
140,清华大学,2024,湖南,2073,本科批,理科试验班类,（104）,689.0,689.0,0.0,84.0,1.0,普通类,2073_14_0
140,清华大学,2024,湖南,2073,本科批,工科试验班,（307）,688.0,688.0,0.0,102.0,1.0,国家专项计划,2073_14_0
140,清华大学,2024,湖南,2073,本科批,工科试验班,（307）,686.0,686.0,0.0,137.0,1.0,国家专项计划,2073_14_0
140,清华大学,2024,湖南,2073,本科批,理科试验班,（307）,685.0,685.0,0.0,165.0,1.0,国家专项计划,2073_14_0
140,清华大学,2024,湖南,2073,本科批,自动化类,（307）,684.0,684.0,0.0,181.0,1.0,国家专项计划,2073_14_0
140,清华大学,2024,湖南,2073,本科批,工科试验班,（307）,684.0,684.0,0.0,181.0,1.0,国家专项计划,2073_14_0
140,清华大学,2024,湖南,2073,本科批,工科试验班,（307）,684.0,684.0,0.0,181.0,1.0,国家专项计划,2073_14_0
140,清华大学,2024,湖南,2073,本科批,临床医学类,（307）,683.0,683.0,0.0,201.0,1.0,国家专项计划,2073_14_0
140,清华大学,2024,湖南,2073,本科批,工科试验班,（307）,680.0,680.0,0.0,283.0,2.0,国家专项计划,2073_14_0
140,清华大学,2024,湖南,2073,本科批,土木类,（307）,679.0,680.0,0.0,314.0,3.0,国家专项计划,2073_14_0
140,清华大学,2024,湖南,2073,本科批,理科试验班,（307）,679.0,679.0,0.0,314.0,1.0,国家专项计划,2073_14_0
140,清华大学,2024,湖南,2073,本科批,建筑类,（306）,675.0,675.0,0.0,458.0,1.0,国家专项计划,2073_14_0
140,清华大学,2024,湖南,2073,本科批,电子信息类,（105）,692.0,692.0,0.0,59.0,4.0,普通类,2073_14_192779
140,清华大学,2024,湖南,2073,本科批,计算机类,（105）,692.0,692.0,0.0,59.0,1.0,普通类,2073_14_192779
140,清华大学,2024,湖南,2073,本科批,临床医学类,（105）,692.0,692.0,0.0,59.0,1.0,普通类,2073_14_192779
140,清华大学,2024,湖南,2073,本科批,理科试验班,（105）,692.0,692.0,0.0,59.0,2.0,普通类,2073_14_192779
140,清华大学,2024,湖南,2073,本科批,自动化类,（105）,692.0,692.0,0.0,59.0,3.0,普通类,2073_14_192779
140,清华大学,2024,湖南,2073,本科批,工科试验班,（105）,692.0,692.0,0.0,59.0,3.0,普通类,2073_14_192779
140,清华大学,2024,湖南,2073,本科批,工科试验班,（105）,692.0,692.0,0.0,59.0,3.0,普通类,2073_14_192779
140,清华大学,2024,湖南,2073,本科批,工科试验班,（105）,692.0,692.0,0.0,59.0,6.0,普通类,2073_14_192779
140,清华大学,2024,湖南,2073,本科批,土木类,（105）,691.0,692.0,0.0,70.0,7.0,普通类,2073_14_192779
140,清华大学,2024,湖南,2073,本科批,临床医学类,（105）,691.0,692.0,0.0,70.0,2.0,普通类,2073_14_192779
140,清华大学,2024,湖南,2073,本科批,理科试验班,（105）,691.0,691.0,0.0,70.0,1.0,普通类,2073_14_192779
140,清华大学,2024,湖南,2073,本科批,工科试验班,（105）,691.0,692.0,0.0,70.0,2.0,普通类,2073_14_192779
140,清华大学,2024,湖南,2073,本科批,工科试验班,（105）,691.0,692.0,0.0,70.0,4.0,普通类,2073_14_192779
140,清华大学,2024,湖南,2073,本科批,建筑类,（306）,675.0,675.0,0.0,458.0,1.0,国家专项计划,2073_14_190169
140,清华大学,2024,湖南,2073,本科批,工科试验班,（307）,688.0,688.0,0.0,102.0,1.0,国家专项计划,2073_14_190134
140,清华大学,2024,湖南,2073,本科批,工科试验班,（307）,686.0,686.0,0.0,137.0,1.0,国家专项计划,2073_14_190134
140,清华大学,2024,湖南,2073,本科批,理科试验班,（307）,685.0,685.0,0.0,165.0,1.0,国家专项计划,2073_14_190134
140,清华大学,2024,湖南,2073,本科批,自动化类,（307）,684.0,684.0,0.0,181.0,1.0,国家专项计划,2073_14_190134
140,清华大学,2024,湖南,2073,本科批,工科试验班,（307）,684.0,684.0,0.0,181.0,1.0,国家专项计划,2073_14_190134
140,清华大学,2024,湖南,2073,本科批,工科试验班,（307）,684.0,684.0,0.0,181.0,1.0,国家专项计划,2073_14_190134
140,清华大学,2024,湖南,2073,本科批,临床医学类,（307）,683.0,683.0,0.0,201.0,1.0,国家专项计划,2073_14_190134
140,清华大学,2024,湖南,2073,本科批,工科试验班,（307）,680.0,680.0,0.0,283.0,2.0,国家专项计划,2073_14_190134
140,清华大学,2024,湖南,2073,本科批,土木类,（307）,679.0,680.0,0.0,314.0,3.0,国家专项计划,2073_14_190134
140,清华大学,2024,湖南,2073,本科批,理科试验班,（307）,679.0,679.0,0.0,314.0,1.0,国家专项计划,2073_14_190134
140,清华大学,2024,广东,2074,本科批,文科试验班类,（201）,665.0,0.0,0.0,20.0,1.0,普通类,2074_14_156549
140,清华大学,2024,广东,2074,本科批,文科试验班类,（201）,665.0,0.0,0.0,20.0,1.0,普通类,2074_14_156549
140,清华大学,2024,广东,2074,本科批,文科试验班类,（201）,665.0,0.0,0.0,20.0,1.0,普通类,2074_14_156549
140,清华大学,2024,广东,2074,本科批,法学类,（201）,665.0,0.0,0.0,20.0,1.0,普通类,2074_14_156549
140,清华大学,2024,广东,2074,本科批,文科试验班类,（201）,665.0,0.0,0.0,20.0,1.0,普通类,2074_14_0
140,清华大学,2024,广东,2074,本科批,文科试验班类,（201）,665.0,0.0,0.0,20.0,1.0,普通类,2074_14_0
140,清华大学,2024,广东,2074,本科批,文科试验班类,（201）,665.0,0.0,0.0,20.0,1.0,普通类,2074_14_0
140,清华大学,2024,广东,2074,本科批,法学类,（201）,665.0,0.0,0.0,20.0,1.0,普通类,2074_14_0
140,清华大学,2024,广东,2073,本科批,理科试验班类,（202）,693.0,0.0,0.0,47.0,1.0,普通类,2073_14_155606
140,清华大学,2024,广东,2073,本科批,理科试验班类,（202）,693.0,0.0,0.0,47.0,3.0,普通类,2073_14_155606
140,清华大学,2024,广东,2073,本科批,建筑类,（202）,692.0,0.0,0.0,56.0,4.0,普通类,2073_14_155606
140,清华大学,2024,广东,2073,本科批,社会科学试验班,（202）,692.0,0.0,0.0,56.0,1.0,普通类,2073_14_155606
140,清华大学,2024,广东,2073,本科批,法学类,（202）,692.0,0.0,0.0,56.0,1.0,普通类,2073_14_155606
140,清华大学,2024,广东,2073,本科批,计算机类,（203）,694.0,0.0,0.0,41.0,2.0,普通类,2073_14_0
140,清华大学,2024,广东,2073,本科批,临床医学类,（203）,693.0,0.0,0.0,47.0,2.0,普通类,2073_14_0
140,清华大学,2024,广东,2073,本科批,理科试验班类,（202）,693.0,0.0,0.0,47.0,1.0,普通类,2073_14_0
140,清华大学,2024,广东,2073,本科批,理科试验班类,（202）,693.0,0.0,0.0,47.0,3.0,普通类,2073_14_0
140,清华大学,2024,广东,2073,本科批,建筑类,（202）,692.0,0.0,0.0,56.0,4.0,普通类,2073_14_0
140,清华大学,2024,广东,2073,本科批,临床医学类,（203）,692.0,0.0,0.0,56.0,8.0,普通类,2073_14_0
140,清华大学,2024,广东,2073,本科批,社会科学试验班,（202）,692.0,0.0,0.0,56.0,1.0,普通类,2073_14_0
140,清华大学,2024,广东,2073,本科批,法学类,（202）,692.0,0.0,0.0,56.0,1.0,普通类,2073_14_0
140,清华大学,2024,广东,2073,本科批,理科试验班,（203）,691.0,0.0,0.0,62.0,3.0,普通类,2073_14_0
140,清华大学,2024,广东,2073,本科批,工科试验班,（203）,691.0,0.0,0.0,62.0,2.0,普通类,2073_14_0
140,清华大学,2024,广东,2073,本科批,工科试验班,（203）,691.0,0.0,0.0,62.0,3.0,普通类,2073_14_0
140,清华大学,2024,广东,2073,本科批,工科试验班,（203）,691.0,0.0,0.0,62.0,3.0,普通类,2073_14_0
140,清华大学,2024,广东,2073,本科批,工科试验班,（203）,691.0,0.0,0.0,62.0,6.0,普通类,2073_14_0
140,清华大学,2024,广东,2073,本科批,电子信息类,（203）,689.0,0.0,0.0,85.0,6.0,普通类,2073_14_0
140,清华大学,2024,广东,2073,本科批,自动化类,（203）,689.0,0.0,0.0,85.0,3.0,普通类,2073_14_0
140,清华大学,2024,广东,2073,本科批,土木类,（203）,688.0,0.0,0.0,100.0,7.0,普通类,2073_14_0
140,清华大学,2024,广东,2073,本科批,理科试验班,（203）,688.0,0.0,0.0,100.0,1.0,普通类,2073_14_0
140,清华大学,2024,广东,2073,本科批,工科试验班,（203）,688.0,0.0,0.0,100.0,8.0,普通类,2073_14_0
140,清华大学,2024,广东,2073,本科批,计算机类,（203）,694.0,0.0,0.0,41.0,2.0,普通类,2073_14_154768
140,清华大学,2024,广东,2073,本科批,临床医学类,（203）,693.0,0.0,0.0,47.0,2.0,普通类,2073_14_154768
140,清华大学,2024,广东,2073,本科批,临床医学类,（203）,692.0,0.0,0.0,56.0,8.0,普通类,2073_14_154768
140,清华大学,2024,广东,2073,本科批,理科试验班,（203）,691.0,0.0,0.0,62.0,3.0,普通类,2073_14_154768
140,清华大学,2024,广东,2073,本科批,工科试验班,（203）,691.0,0.0,0.0,62.0,2.0,普通类,2073_14_154768
140,清华大学,2024,广东,2073,本科批,工科试验班,（203）,691.0,0.0,0.0,62.0,3.0,普通类,2073_14_154768
140,清华大学,2024,广东,2073,本科批,工科试验班,（203）,691.0,0.0,0.0,62.0,3.0,普通类,2073_14_154768
140,清华大学,2024,广东,2073,本科批,工科试验班,（203）,691.0,0.0,0.0,62.0,6.0,普通类,2073_14_154768
140,清华大学,2024,广东,2073,本科批,电子信息类,（203）,689.0,0.0,0.0,85.0,6.0,普通类,2073_14_154768
140,清华大学,2024,广东,2073,本科批,自动化类,（203）,689.0,0.0,0.0,85.0,3.0,普通类,2073_14_154768
140,清华大学,2024,广东,2073,本科批,土木类,（203）,688.0,0.0,0.0,100.0,7.0,普通类,2073_14_154768
140,清华大学,2024,广东,2073,本科批,理科试验班,（203）,688.0,0.0,0.0,100.0,1.0,普通类,2073_14_154768
140,清华大学,2024,广东,2073,本科批,工科试验班,（203）,688.0,0.0,0.0,100.0,8.0,普通类,2073_14_154768
140,清华大学,2024,广东,2074,本科提前批,马克思主义理论,（101）,665.0,0.0,0.0,20.0,1.0,普通类,2074_6_156937
140,清华大学,2024,广东,2074,本科提前批,马克思主义理论,（101）,665.0,0.0,0.0,20.0,1.0,普通类,2074_6_0
140,清华大学,2024,广东,2073,本科提前批,核工程与核技术,（102）,680.0,0.0,0.0,245.0,4.0,普通类,2073_6_156839
140,清华大学,2024,广东,2073,本科提前批,核工程与核技术,（102）,680.0,0.0,0.0,245.0,4.0,普通类,2073_6_0
140,清华大学,2024,广西,2074,本科批,法学类,（501）,650.0,650.0,650.0,97.0,,国家专项计划,2074_14_197088
140,清华大学,2024,广西,2074,本科批,法学类,（501）,650.0,650.0,650.0,97.0,,国家专项计划,2074_14_0
140,清华大学,2024,广西,2073,本科批,理科试验班,（102）,683.0,683.0,683.0,41.0,,普通类,2073_14_200220
140,清华大学,2024,广西,2073,本科批,理科试验班,（102）,682.0,686.0,684.0,51.0,,普通类,2073_14_200220
140,清华大学,2024,广西,2073,本科批,工科试验班,（102）,681.0,684.0,682.0,57.0,,普通类,2073_14_200220
140,清华大学,2024,广西,2073,本科批,工科试验班,（102）,681.0,685.0,682.0,57.0,,普通类,2073_14_200220
140,清华大学,2024,广西,2073,本科批,土木类,（102）,681.0,681.0,681.0,57.0,,普通类,2073_14_200220
140,清华大学,2024,广西,2073,本科批,理科试验班类,（103）,686.0,686.0,686.0,26.0,,普通类,2073_14_0
140,清华大学,2024,广西,2073,本科批,理科试验班,（102）,683.0,683.0,683.0,41.0,,普通类,2073_14_0
140,清华大学,2024,广西,2073,本科批,社会科学试验班,（103）,683.0,683.0,683.0,41.0,,普通类,2073_14_0
140,清华大学,2024,广西,2073,本科批,法学类,（103）,683.0,683.0,683.0,41.0,,普通类,2073_14_0
140,清华大学,2024,广西,2073,本科批,理科试验班,（102）,682.0,686.0,684.0,51.0,,普通类,2073_14_0
140,清华大学,2024,广西,2073,本科批,工科试验班,（102）,681.0,684.0,682.0,57.0,,普通类,2073_14_0
140,清华大学,2024,广西,2073,本科批,工科试验班,（102）,681.0,685.0,682.0,57.0,,普通类,2073_14_0
140,清华大学,2024,广西,2073,本科批,土木类,（102）,681.0,681.0,681.0,57.0,,普通类,2073_14_0
140,清华大学,2024,广西,2073,本科批,工科试验班,（502）,674.0,674.0,674.0,131.0,,国家专项计划,2073_14_0
140,清华大学,2024,广西,2073,本科批,工科试验班,（502）,667.0,667.0,667.0,247.0,,国家专项计划,2073_14_0
140,清华大学,2024,广西,2073,本科批,理科试验班,（502）,664.0,664.0,664.0,313.0,,国家专项计划,2073_14_0
140,清华大学,2024,广西,2073,本科批,工科试验班,（502）,664.0,664.0,664.0,313.0,,国家专项计划,2073_14_0
140,清华大学,2024,广西,2073,本科批,临床医学类,（502）,661.0,661.0,661.0,397.0,,国家专项计划,2073_14_0
140,清华大学,2024,广西,2073,本科批,工科试验班,（502）,661.0,661.0,661.0,397.0,,国家专项计划,2073_14_0
140,清华大学,2024,广西,2073,本科批,自动化类,（502）,659.0,659.0,659.0,473.0,,国家专项计划,2073_14_0
140,清华大学,2024,广西,2073,本科批,工科试验班,（502）,658.0,670.0,664.0,507.0,,国家专项计划,2073_14_0
140,清华大学,2024,广西,2073,本科批,理科试验班,（502）,657.0,663.0,660.0,535.0,,国家专项计划,2073_14_0
140,清华大学,2024,广西,2073,本科批,土木类,（502）,649.0,654.0,651.0,907.0,,国家专项计划,2073_14_0
140,清华大学,2024,广西,2073,本科批,建筑类,（503）,648.0,648.0,648.0,956.0,,国家专项计划,2073_14_0
140,清华大学,2024,广西,2073,本科批,理科试验班类,（103）,686.0,686.0,686.0,26.0,,普通类,2073_14_199613
140,清华大学,2024,广西,2073,本科批,社会科学试验班,（103）,683.0,683.0,683.0,41.0,,普通类,2073_14_199613
140,清华大学,2024,广西,2073,本科批,法学类,（103）,683.0,683.0,683.0,41.0,,普通类,2073_14_199613
140,清华大学,2024,广西,2073,本科批,工科试验班,（502）,674.0,674.0,674.0,131.0,,国家专项计划,2073_14_197039
140,清华大学,2024,广西,2073,本科批,工科试验班,（502）,667.0,667.0,667.0,247.0,,国家专项计划,2073_14_197039
140,清华大学,2024,广西,2073,本科批,理科试验班,（502）,664.0,664.0,664.0,313.0,,国家专项计划,2073_14_197039
140,清华大学,2024,广西,2073,本科批,工科试验班,（502）,664.0,664.0,664.0,313.0,,国家专项计划,2073_14_197039
140,清华大学,2024,广西,2073,本科批,临床医学类,（502）,661.0,661.0,661.0,397.0,,国家专项计划,2073_14_197039
140,清华大学,2024,广西,2073,本科批,工科试验班,（502）,661.0,661.0,661.0,397.0,,国家专项计划,2073_14_197039
140,清华大学,2024,广西,2073,本科批,自动化类,（502）,659.0,659.0,659.0,473.0,,国家专项计划,2073_14_197039
140,清华大学,2024,广西,2073,本科批,工科试验班,（502）,658.0,670.0,664.0,507.0,,国家专项计划,2073_14_197039
140,清华大学,2024,广西,2073,本科批,理科试验班,（502）,657.0,663.0,660.0,535.0,,国家专项计划,2073_14_197039
140,清华大学,2024,广西,2073,本科批,土木类,（502）,649.0,654.0,651.0,907.0,,国家专项计划,2073_14_197039
140,清华大学,2024,广西,2073,本科批,建筑类,（503）,648.0,648.0,648.0,956.0,,国家专项计划,2073_14_197008
140,清华大学,2024,重庆,2074,本科批,文科试验班类,,673.0,0.0,0.0,61.0,,普通类,2074_14_0
140,清华大学,2024,重庆,2073,本科批,临床医学类,,699.0,0.0,0.0,161.0,,普通类,2073_14_0
140,清华大学,2024,重庆,2073,本科批,理科试验班类,,699.0,0.0,0.0,161.0,,普通类,2073_14_0
140,清华大学,2024,重庆,2074,本科提前批B段,马克思主义理论,,666.0,0.0,0.0,61.0,,普通类,2074_37_0
140,清华大学,2024,重庆,2074,本科提前批B段,艺术史论,,660.0,0.0,0.0,61.0,,普通类,2074_37_0
140,清华大学,2024,重庆,2074,本科提前批B段,法学类,,658.0,0.0,0.0,65.0,,普通类,2074_37_0
140,清华大学,2024,重庆,2073,本科提前批B段,工科试验班,,698.0,0.0,0.0,161.0,,普通类,2073_37_0
140,清华大学,2024,重庆,2073,本科提前批B段,核工程与核技术,,690.0,0.0,0.0,161.0,,普通类,2073_37_0
140,清华大学,2024,重庆,2073,本科提前批B段,工科试验班,,690.0,0.0,0.0,161.0,,普通类,2073_37_0
140,清华大学,2024,重庆,2073,本科提前批B段,土木类,,685.0,0.0,0.0,199.0,,普通类,2073_37_0
140,清华大学,2024,四川,2,本科一批,文科试验班类,,654.0,0.0,0.0,,,普通类,2_7_0
140,清华大学,2024,四川,1,本科一批,理科试验班类,,705.0,0.0,0.0,,,普通类,1_7_0
140,清华大学,2024,四川,1,本科一批,计算机类,,704.0,0.0,0.0,,4.0,普通类,1_7_0
140,清华大学,2024,四川,1,本科一批,建筑类,,701.0,0.0,0.0,,1.0,普通类,1_7_0
140,清华大学,2024,四川,1,本科一批,电子信息类,,700.0,0.0,0.0,,11.0,普通类,1_7_0
140,清华大学,2024,四川,1,本科一批,理科试验班,,699.0,0.0,0.0,,,普通类,1_7_0
140,清华大学,2024,四川,1,本科一批,工科试验班,,699.0,0.0,0.0,,,普通类,1_7_0
140,清华大学,2024,四川,1,本科一批,临床医学类,,698.0,0.0,0.0,63.0,,普通类,1_7_0
140,清华大学,2024,四川,1,本科一批,临床医学类,,698.0,0.0,0.0,63.0,,普通类,1_7_0
140,清华大学,2024,四川,1,本科一批,理科试验班类,,698.0,0.0,0.0,63.0,,普通类,1_7_0
140,清华大学,2024,四川,1,本科一批,自动化类,,698.0,0.0,0.0,63.0,6.0,普通类,1_7_0
140,清华大学,2024,四川,1,本科一批,工科试验班,,697.0,0.0,0.0,77.0,,普通类,1_7_0
140,清华大学,2024,四川,1,本科一批,工科试验班,,697.0,0.0,0.0,77.0,,普通类,1_7_0
140,清华大学,2024,四川,1,本科一批,理科试验班,,696.0,0.0,0.0,85.0,,普通类,1_7_0
140,清华大学,2024,贵州,2074,本科批,文科试验班类,,672.0,0.0,0.0,11.0,,普通类,2074_14_0
140,清华大学,2024,贵州,2074,本科批,文科试验班类,,656.0,0.0,0.0,59.0,,普通类,2074_14_0
140,清华大学,2024,贵州,2073,本科批,临床医学类,,693.0,0.0,0.0,23.0,,普通类,2073_14_0
140,清华大学,2024,贵州,2073,本科批,电子信息类,,687.0,0.0,0.0,47.0,1.0,普通类,2073_14_0
140,清华大学,2024,贵州,2073,本科批,理科试验班类,,687.0,0.0,0.0,46.0,25.0,普通类,2073_14_0
140,清华大学,2024,贵州,2073,本科批,工科试验班,,684.0,0.0,0.0,71.0,,普通类,2073_14_0
140,清华大学,2024,贵州,2073,本科批,理科试验班,,683.0,0.0,0.0,82.0,,普通类,2073_14_0
140,清华大学,2024,贵州,2073,本科批,工科试验班,,683.0,0.0,0.0,77.0,,普通类,2073_14_0
140,清华大学,2024,贵州,2073,本科批,工科试验班,,683.0,0.0,0.0,86.0,,普通类,2073_14_0
140,清华大学,2024,贵州,2073,本科批,工科试验班,,682.0,0.0,0.0,91.0,,普通类,2073_14_0
140,清华大学,2024,贵州,2073,本科批,工科试验班,,682.0,0.0,0.0,96.0,,普通类,2073_14_0
140,清华大学,2024,贵州,2073,本科批,临床医学类,,681.0,0.0,0.0,108.0,,普通类,2073_14_0
140,清华大学,2024,贵州,2073,本科批,理科试验班,,681.0,0.0,0.0,109.0,,普通类,2073_14_0
140,清华大学,2024,贵州,2073,本科批,核工程与核技术,,679.0,0.0,0.0,131.0,3.0,普通类,2073_14_0
140,清华大学,2024,贵州,2073,本科批,建筑类,,679.0,0.0,0.0,124.0,2.0,普通类,2073_14_0
140,清华大学,2024,贵州,2073,本科批,土木类,,677.0,0.0,0.0,158.0,3.0,普通类,2073_14_0
140,清华大学,2024,云南,2,本科一批,文科试验班类,,686.0,686.0,0.0,,1.0,普通类,2_7_0
140,清华大学,2024,云南,2,本科一批,文科试验班类,,686.0,697.0,0.0,,1.0,普通类,2_7_0
140,清华大学,2024,云南,1,本科一批,理科试验班类,,718.0,718.0,0.0,,1.0,普通类,1_7_0
140,清华大学,2024,云南,1,本科一批,计算机类,,710.0,714.0,0.0,,1.0,普通类,1_7_0
140,清华大学,2024,云南,1,本科一批,工科试验班,,709.0,723.0,0.0,,1.0,普通类,1_7_0
140,清华大学,2024,云南,1,本科一批,临床医学类,,704.0,705.0,0.0,,2.0,普通类,1_7_0
140,清华大学,2024,云南,1,本科一批,理科试验班,,702.0,702.0,0.0,,1.0,普通类,1_7_0
140,清华大学,2024,云南,1,本科一批,工科试验班,,702.0,706.0,0.0,,1.0,普通类,1_7_0
140,清华大学,2024,云南,1,本科一批,建筑类,,701.0,701.0,0.0,,1.0,普通类,1_7_0
140,清华大学,2024,云南,1,本科一批,自动化类,,699.0,699.0,0.0,,1.0,普通类,1_7_0
140,清华大学,2024,云南,1,本科一批,工科试验班,,699.0,699.0,0.0,,1.0,普通类,1_7_0
140,清华大学,2024,云南,1,本科一批,电子信息类,,698.0,713.0,0.0,,2.0,普通类,1_7_0
140,清华大学,2024,云南,1,本科一批,工科试验班,,698.0,702.0,0.0,,3.0,普通类,1_7_0
140,清华大学,2024,云南,1,本科一批,工科试验班,,698.0,704.0,0.0,,2.0,普通类,1_7_0
140,清华大学,2024,陕西,2,本科一批,文科试验班类,,657.0,657.0,657.0,12.0,,普通类,2_7_0
140,清华大学,2024,陕西,2,本科一批,文科试验班类,,645.0,647.0,646.0,21.0,,普通类,2_7_0
140,清华大学,2024,陕西,2,本科一批,法学类,,635.0,635.0,0.0,59.0,1.0,国家专项计划,2_7_0
140,清华大学,2024,陕西,2,本科一批,文科试验班类,,633.0,633.0,0.0,68.0,1.0,国家专项计划,2_7_0
140,清华大学,2024,陕西,1,本科一批,理科试验班类,,715.0,715.0,715.0,12.0,,普通类,1_7_0
140,清华大学,2024,陕西,1,本科一批,计算机类,,709.0,724.0,715.0,17.0,,普通类,1_7_0
140,清华大学,2024,陕西,1,本科一批,理科试验班类,,708.0,712.0,710.0,21.0,,普通类,1_7_0
140,清华大学,2024,陕西,1,本科一批,自动化类,,707.0,714.0,710.0,22.0,,普通类,1_7_0
140,清华大学,2024,陕西,1,本科一批,电子信息类,,704.0,712.0,707.0,33.0,,普通类,1_7_0
140,清华大学,2024,陕西,1,本科一批,理科试验班,,701.0,712.0,705.0,49.0,,普通类,1_7_0
140,清华大学,2024,陕西,1,本科一批,工科试验班,,701.0,703.0,702.0,49.0,,普通类,1_7_0
140,清华大学,2024,陕西,1,本科一批,工科试验班,,700.0,706.0,703.0,58.0,,普通类,1_7_0
140,清华大学,2024,陕西,1,本科一批,临床医学类,,700.0,702.0,701.0,58.0,,普通类,1_7_0
140,清华大学,2024,陕西,1,本科一批,工科试验班,,700.0,703.0,701.0,58.0,,普通类,1_7_0
140,清华大学,2024,陕西,1,本科一批,工科试验班,,699.0,699.0,0.0,69.0,1.0,国家专项计划,1_7_0
140,清华大学,2024,陕西,1,本科一批,自动化类,,697.0,697.0,0.0,94.0,1.0,国家专项计划,1_7_0
140,清华大学,2024,陕西,1,本科一批,工科试验班,,697.0,697.0,0.0,94.0,1.0,国家专项计划,1_7_0
140,清华大学,2024,陕西,1,本科一批,理科试验班,,694.0,694.0,0.0,124.0,1.0,国家专项计划,1_7_0
140,清华大学,2024,陕西,1,本科一批,工科试验班,,691.0,697.0,0.0,148.0,2.0,国家专项计划,1_7_0
140,清华大学,2024,陕西,1,本科一批,理科试验班,,689.0,689.0,0.0,173.0,1.0,国家专项计划,1_7_0
140,清华大学,2024,陕西,1,本科一批,工科试验班,,689.0,690.0,0.0,173.0,2.0,国家专项计划,1_7_0
140,清华大学,2024,陕西,1,本科一批,建筑类,,686.0,686.0,0.0,229.0,1.0,国家专项计划,1_7_0
140,清华大学,2024,陕西,1,本科一批,土木类,,686.0,686.0,0.0,229.0,3.0,国家专项计划,1_7_0
140,清华大学,2024,陕西,1,本科一批,临床医学类,,686.0,686.0,0.0,229.0,1.0,国家专项计划,1_7_0
140,清华大学,2024,陕西,1,本科一批,工科试验班,,686.0,686.0,0.0,229.0,1.0,国家专项计划,1_7_0
140,清华大学,2024,甘肃,2074,本科批C段,法学类,（012）,663.0,663.0,663.0,35.0,1.0,普通类,2074_3453_138160
140,清华大学,2024,甘肃,2074,本科批C段,文科试验班类,（012）,661.0,0.0,0.0,35.0,1.0,普通类,2074_3453_138160
140,清华大学,2024,甘肃,2074,本科批C段,法学类,（013）,663.0,666.0,665.0,35.0,1.0,国家专项计划,2074_3453_0
140,清华大学,2024,甘肃,2074,本科批C段,法学类,（012）,663.0,663.0,663.0,35.0,1.0,普通类,2074_3453_0
140,清华大学,2024,甘肃,2074,本科批C段,文科试验班类,（012）,661.0,0.0,0.0,35.0,1.0,普通类,2074_3453_0
140,清华大学,2024,甘肃,2074,本科批C段,法学类,（013）,663.0,666.0,665.0,35.0,1.0,国家专项计划,2074_3453_138111
140,清华大学,2024,甘肃,2073,本科批C段,理科试验班类,（014）,682.0,700.0,688.0,35.0,1.0,普通类,2073_3453_138071
140,清华大学,2024,甘肃,2073,本科批C段,计算机类,（016）,693.0,0.0,0.0,35.0,1.0,普通类,2073_3453_0
140,清华大学,2024,甘肃,2073,本科批C段,理科试验班,（016）,686.0,686.0,686.0,35.0,1.0,普通类,2073_3453_0
140,清华大学,2024,甘肃,2073,本科批C段,临床医学类,（016）,684.0,684.0,684.0,35.0,1.0,普通类,2073_3453_0
140,清华大学,2024,甘肃,2073,本科批C段,自动化类,（016）,684.0,0.0,0.0,35.0,1.0,普通类,2073_3453_0
140,清华大学,2024,甘肃,2073,本科批C段,电子信息类,（016）,683.0,0.0,0.0,35.0,2.0,普通类,2073_3453_0
140,清华大学,2024,甘肃,2073,本科批C段,理科试验班类,（014）,682.0,700.0,688.0,35.0,1.0,普通类,2073_3453_0
140,清华大学,2024,甘肃,2073,本科批C段,自动化类,（019）,682.0,682.0,682.0,35.0,1.0,国家专项计划,2073_3453_0
140,清华大学,2024,甘肃,2073,本科批C段,工科试验班,（016）,682.0,0.0,0.0,35.0,1.0,普通类,2073_3453_0
140,清华大学,2024,甘肃,2073,本科批C段,工科试验班,（016）,682.0,0.0,0.0,35.0,1.0,普通类,2073_3453_0
140,清华大学,2024,甘肃,2073,本科批C段,工科试验班,（019）,678.0,0.0,0.0,63.0,2.0,国家专项计划,2073_3453_0
140,清华大学,2024,甘肃,2073,本科批C段,工科试验班,（019）,673.0,0.0,0.0,109.0,3.0,国家专项计划,2073_3453_0
140,清华大学,2024,甘肃,2073,本科批C段,工科试验班,（019）,673.0,0.0,0.0,109.0,3.0,国家专项计划,2073_3453_0
140,清华大学,2024,甘肃,2073,本科批C段,理科试验班,（019）,672.0,672.0,672.0,119.0,1.0,国家专项计划,2073_3453_0
140,清华大学,2024,甘肃,2073,本科批C段,工科试验班,（019）,672.0,0.0,0.0,119.0,2.0,国家专项计划,2073_3453_0
140,清华大学,2024,甘肃,2073,本科批C段,理科试验班,（019）,670.0,0.0,0.0,147.0,2.0,国家专项计划,2073_3453_0
140,清华大学,2024,甘肃,2073,本科批C段,工科试验班,（019）,670.0,0.0,0.0,147.0,2.0,国家专项计划,2073_3453_0
140,清华大学,2024,甘肃,2073,本科批C段,核工程与核技术,（017）,669.0,0.0,0.0,162.0,2.0,普通类,2073_3453_0
140,清华大学,2024,甘肃,2073,本科批C段,土木类,（019）,668.0,0.0,0.0,177.0,4.0,国家专项计划,2073_3453_0
140,清华大学,2024,甘肃,2073,本科批C段,建筑类,（018）,667.0,668.0,667.0,199.0,3.0,国家专项计划,2073_3453_0
140,清华大学,2024,甘肃,2073,本科批C段,机械工程,（017）,665.0,665.0,665.0,250.0,1.0,普通类,2073_3453_0
140,清华大学,2024,甘肃,2073,本科批C段,化学工程与工业生物工程,（017）,663.0,663.0,663.0,292.0,1.0,普通类,2073_3453_0
140,清华大学,2024,甘肃,2073,本科批C段,计算机类,（016）,693.0,0.0,0.0,35.0,1.0,普通类,2073_3453_138015
140,清华大学,2024,甘肃,2073,本科批C段,理科试验班,（016）,686.0,686.0,686.0,35.0,1.0,普通类,2073_3453_138015
140,清华大学,2024,甘肃,2073,本科批C段,临床医学类,（016）,684.0,684.0,684.0,35.0,1.0,普通类,2073_3453_138015
140,清华大学,2024,甘肃,2073,本科批C段,自动化类,（016）,684.0,0.0,0.0,35.0,1.0,普通类,2073_3453_138015
140,清华大学,2024,甘肃,2073,本科批C段,电子信息类,（016）,683.0,0.0,0.0,35.0,2.0,普通类,2073_3453_138015
140,清华大学,2024,甘肃,2073,本科批C段,工科试验班,（016）,682.0,0.0,0.0,35.0,1.0,普通类,2073_3453_138015
140,清华大学,2024,甘肃,2073,本科批C段,工科试验班,（016）,682.0,0.0,0.0,35.0,1.0,普通类,2073_3453_138015
140,清华大学,2024,甘肃,2073,本科批C段,建筑类,（018）,667.0,668.0,667.0,199.0,3.0,国家专项计划,2073_3453_137965
140,清华大学,2024,甘肃,2073,本科批C段,自动化类,（019）,682.0,682.0,682.0,35.0,1.0,国家专项计划,2073_3453_137943
140,清华大学,2024,甘肃,2073,本科批C段,工科试验班,（019）,678.0,0.0,0.0,63.0,2.0,国家专项计划,2073_3453_137943
140,清华大学,2024,甘肃,2073,本科批C段,工科试验班,（019）,673.0,0.0,0.0,109.0,3.0,国家专项计划,2073_3453_137943
140,清华大学,2024,甘肃,2073,本科批C段,工科试验班,（019）,673.0,0.0,0.0,109.0,3.0,国家专项计划,2073_3453_137943
140,清华大学,2024,甘肃,2073,本科批C段,理科试验班,（019）,672.0,672.0,672.0,119.0,1.0,国家专项计划,2073_3453_137943
140,清华大学,2024,甘肃,2073,本科批C段,工科试验班,（019）,672.0,0.0,0.0,119.0,2.0,国家专项计划,2073_3453_137943
140,清华大学,2024,甘肃,2073,本科批C段,理科试验班,（019）,670.0,0.0,0.0,147.0,2.0,国家专项计划,2073_3453_137943
140,清华大学,2024,甘肃,2073,本科批C段,工科试验班,（019）,670.0,0.0,0.0,147.0,2.0,国家专项计划,2073_3453_137943
140,清华大学,2024,甘肃,2073,本科批C段,土木类,（019）,668.0,0.0,0.0,177.0,4.0,国家专项计划,2073_3453_137943
140,清华大学,2024,甘肃,2073,本科批C段,核工程与核技术,（017）,669.0,0.0,0.0,162.0,2.0,普通类,2073_3453_137989
140,清华大学,2024,甘肃,2073,本科批C段,机械工程,（017）,665.0,665.0,665.0,250.0,1.0,普通类,2073_3453_137989
140,清华大学,2024,甘肃,2073,本科批C段,化学工程与工业生物工程,（017）,663.0,663.0,663.0,292.0,1.0,普通类,2073_3453_137989
140,清华大学,2024,青海,2,本科一段,文科试验班类,,681.0,681.0,681.0,10.0,1.0,普通类,2_1564_0
140,清华大学,2024,青海,1,本科一段,临床医学类,,672.0,672.0,672.0,10.0,1.0,普通类,1_1564_0
140,清华大学,2024,青海,1,本科一段,理科试验班,,671.0,673.0,672.0,10.0,2.0,普通类,1_1564_0
140,清华大学,2024,青海,1,本科一段,理科试验班类,,667.0,689.0,678.0,10.0,2.0,普通类,1_1564_0
140,清华大学,2024,青海,1,本科一段,工科试验班,,660.0,660.0,660.0,10.0,1.0,普通类,1_1564_0
140,清华大学,2024,青海,1,本科一段,自动化类,,659.0,661.0,660.0,,2.0,普通类,1_1564_0
140,清华大学,2024,青海,1,本科一段,电子信息类,,653.0,671.0,664.0,,3.0,普通类,1_1564_0
140,清华大学,2024,青海,1,本科一段,工科试验班,,652.0,656.0,654.0,21.0,2.0,普通类,1_1564_0
140,清华大学,2024,青海,1,本科一段,工科试验班,,652.0,652.0,652.0,21.0,1.0,普通类,1_1564_0
140,清华大学,2024,宁夏,2,本科一批,文科试验班类,,656.0,656.0,656.0,52.0,1.0,普通类,2_7_0
140,清华大学,2024,宁夏,2,本科一批,法学类,,639.0,639.0,639.0,52.0,1.0,普通类,2_7_0
140,清华大学,2024,宁夏,1,本科一批,土木类,,675.0,676.0,676.0,104.0,2.0,普通类,1_7_0
140,清华大学,2024,宁夏,1,本科一批,自动化类,,666.0,677.0,672.0,104.0,3.0,普通类,1_7_0
140,清华大学,2024,宁夏,1,本科一批,电子信息类,,666.0,680.0,671.0,104.0,4.0,普通类,1_7_0
140,清华大学,2024,宁夏,1,本科一批,临床医学类,,664.0,664.0,664.0,104.0,1.0,普通类,1_7_0
140,清华大学,2024,宁夏,1,本科一批,工科试验班,,664.0,664.0,664.0,104.0,1.0,普通类,1_7_0
140,清华大学,2024,宁夏,1,本科一批,工科试验班,,663.0,663.0,663.0,104.0,1.0,普通类,1_7_0
140,清华大学,2024,宁夏,1,本科一批,工科试验班,,661.0,661.0,661.0,104.0,1.0,普通类,1_7_0
140,清华大学,2024,新疆,2,本科一批,文科试验班类,,625.0,625.0,0.0,,1.0,普通类,2_7_0
140,清华大学,2024,新疆,2,本科一批,文科试验班类,,623.0,623.0,0.0,,1.0,普通类,2_7_0
140,清华大学,2024,新疆,1,本科一批,理科试验班类,,673.0,680.0,0.0,,1.0,普通类,1_7_0
140,清华大学,2024,新疆,1,本科一批,计算机类,,667.0,667.0,0.0,,1.0,普通类,1_7_0
140,清华大学,2024,新疆,1,本科一批,临床医学类,,663.0,678.0,0.0,,1.0,普通类,1_7_0
140,清华大学,2024,新疆,1,本科一批,理科试验班,,662.0,662.0,0.0,,1.0,普通类,1_7_0
140,清华大学,2024,新疆,1,本科一批,自动化类,,660.0,662.0,0.0,,1.0,普通类,1_7_0
140,清华大学,2024,新疆,1,本科一批,理科试验班,,656.0,656.0,0.0,,1.0,普通类,1_7_0
140,清华大学,2024,新疆,1,本科一批,电子信息类,,653.0,701.0,0.0,,2.0,普通类,1_7_0
140,清华大学,2024,新疆,1,本科一批,工科试验班,,653.0,660.0,0.0,,1.0,普通类,1_7_0
140,清华大学,2024,新疆,1,本科一批,工科试验班,,651.0,651.0,0.0,,3.0,普通类,1_7_0
140,清华大学,2024,新疆,1,本科一批,工科试验班,,650.0,656.0,0.0,,2.0,普通类,1_7_0
140,清华大学,2024,新疆,1,本科一批,工科试验班,,648.0,648.0,0.0,,3.0,普通类,1_7_0
140,清华大学,2024,新疆,1,本科一批,临床医学类,,647.0,650.0,0.0,,1.0,普通类,1_7_0
140,清华大学,2024,新疆,1,本科一批,工科试验班,,641.0,641.0,0.0,,2.0,普通类,1_7_0
31,北京大学,2020,北京,3,本科批,化学类,（03）,683.0,0.0,0.0,478.0,6.0,普通类,3_14_18
31,北京大学,2020,北京,3,本科批,环境科学与工程类,（03）,683.0,0.0,0.0,478.0,7.0,普通类,3_14_18
31,北京大学,2020,北京,3,本科批,生物科学类,（03）,683.0,0.0,0.0,478.0,10.0,普通类,3_14_18
31,北京大学,2020,北京,3,本科批,地质学类,（03）,683.0,0.0,0.0,478.0,3.0,普通类,3_14_18
31,北京大学,2020,北京,3,本科批,环境科学,（03）,683.0,0.0,0.0,478.0,8.0,普通类,3_14_18
31,北京大学,2020,北京,3,本科批,数学类,（02）,690.0,0.0,0.0,262.0,8.0,普通类,3_14_0
31,北京大学,2020,北京,3,本科批,物理学类,（02）,690.0,0.0,0.0,262.0,2.0,普通类,3_14_0
31,北京大学,2020,北京,3,本科批,计算机类,（02）,690.0,0.0,0.0,262.0,4.0,普通类,3_14_0
31,北京大学,2020,北京,3,本科批,理科试验班类,（02）,690.0,0.0,0.0,262.0,29.0,普通类,3_14_0
31,北京大学,2020,北京,3,本科批,法学,（01）,684.0,0.0,0.0,448.0,16.0,普通类,3_14_0
31,北京大学,2020,北京,3,本科批,城乡规划,（01）,684.0,0.0,0.0,448.0,1.0,普通类,3_14_0
31,北京大学,2020,北京,3,本科批,信息管理与信息系统,（01）,684.0,0.0,0.0,448.0,8.0,普通类,3_14_0
31,北京大学,2020,北京,3,本科批,中国语言文学类,（01）,684.0,0.0,0.0,448.0,3.0,普通类,3_14_0
31,北京大学,2020,北京,3,本科批,历史学类,（01）,684.0,0.0,0.0,448.0,2.0,普通类,3_14_0
31,北京大学,2020,北京,3,本科批,哲学类,（01）,684.0,0.0,0.0,448.0,1.0,普通类,3_14_0
31,北京大学,2020,北京,3,本科批,经济学类,（01）,684.0,0.0,0.0,448.0,14.0,普通类,3_14_0
31,北京大学,2020,北京,3,本科批,社会学类,（01）,684.0,0.0,0.0,448.0,5.0,普通类,3_14_0
31,北京大学,2020,北京,3,本科批,工商管理类,（01）,684.0,0.0,0.0,448.0,28.0,普通类,3_14_0
31,北京大学,2020,北京,3,本科批,公共管理类,（01）,684.0,0.0,0.0,448.0,3.0,普通类,3_14_0
31,北京大学,2020,北京,3,本科批,新闻传播学类,（01）,684.0,0.0,0.0,448.0,1.0,普通类,3_14_0
31,北京大学,2020,北京,3,本科批,人文科学试验班,（01）,684.0,0.0,0.0,448.0,1.0,普通类,3_14_0
31,北京大学,2020,北京,3,本科批,国际政治,（01）,684.0,0.0,0.0,448.0,5.0,普通类,3_14_0
31,北京大学,2020,北京,3,本科批,文科试验班类,（01）,684.0,0.0,0.0,448.0,36.0,普通类,3_14_0
31,北京大学,2020,北京,3,本科批,化学类,（03）,683.0,0.0,0.0,478.0,6.0,普通类,3_14_0
31,北京大学,2020,北京,3,本科批,环境科学与工程类,（03）,683.0,0.0,0.0,478.0,7.0,普通类,3_14_0
31,北京大学,2020,北京,3,本科批,生物科学类,（03）,683.0,0.0,0.0,478.0,10.0,普通类,3_14_0
31,北京大学,2020,北京,3,本科批,地质学类,（03）,683.0,0.0,0.0,478.0,3.0,普通类,3_14_0
31,北京大学,2020,北京,3,本科批,环境科学,（03）,683.0,0.0,0.0,478.0,8.0,普通类,3_14_0
31,北京大学,2020,北京,3,本科批,法学,（01）,684.0,0.0,0.0,448.0,16.0,普通类,3_14_16
31,北京大学,2020,北京,3,本科批,城乡规划,（01）,684.0,0.0,0.0,448.0,1.0,普通类,3_14_16
31,北京大学,2020,北京,3,本科批,信息管理与信息系统,（01）,684.0,0.0,0.0,448.0,8.0,普通类,3_14_16
31,北京大学,2020,北京,3,本科批,中国语言文学类,（01）,684.0,0.0,0.0,448.0,3.0,普通类,3_14_16
31,北京大学,2020,北京,3,本科批,历史学类,（01）,684.0,0.0,0.0,448.0,2.0,普通类,3_14_16
31,北京大学,2020,北京,3,本科批,哲学类,（01）,684.0,0.0,0.0,448.0,1.0,普通类,3_14_16
31,北京大学,2020,北京,3,本科批,经济学类,（01）,684.0,0.0,0.0,448.0,14.0,普通类,3_14_16
31,北京大学,2020,北京,3,本科批,社会学类,（01）,684.0,0.0,0.0,448.0,5.0,普通类,3_14_16
31,北京大学,2020,北京,3,本科批,工商管理类,（01）,684.0,0.0,0.0,448.0,28.0,普通类,3_14_16
31,北京大学,2020,北京,3,本科批,公共管理类,（01）,684.0,0.0,0.0,448.0,3.0,普通类,3_14_16
31,北京大学,2020,北京,3,本科批,新闻传播学类,（01）,684.0,0.0,0.0,448.0,1.0,普通类,3_14_16
31,北京大学,2020,北京,3,本科批,人文科学试验班,（01）,684.0,0.0,0.0,448.0,1.0,普通类,3_14_16
31,北京大学,2020,北京,3,本科批,国际政治,（01）,684.0,0.0,0.0,448.0,5.0,普通类,3_14_16
31,北京大学,2020,北京,3,本科批,文科试验班类,（01）,684.0,0.0,0.0,448.0,36.0,普通类,3_14_16
31,北京大学,2020,北京,3,本科批,数学类,（02）,690.0,0.0,0.0,262.0,8.0,普通类,3_14_17
31,北京大学,2020,北京,3,本科批,物理学类,（02）,690.0,0.0,0.0,262.0,2.0,普通类,3_14_17
31,北京大学,2020,北京,3,本科批,计算机类,（02）,690.0,0.0,0.0,262.0,4.0,普通类,3_14_17
31,北京大学,2020,北京,3,本科批,理科试验班类,（02）,690.0,0.0,0.0,262.0,29.0,普通类,3_14_17
31,北京大学,2020,天津,3,本科提前批A段,日语,（5）,705.0,0.0,0.0,101.0,1.0,普通类,3_36_11907
31,北京大学,2020,天津,3,本科提前批A段,西班牙语,（5）,704.0,0.0,0.0,124.0,1.0,普通类,3_36_11907
31,北京大学,2020,天津,3,本科提前批A段,俄语,（5）,703.0,0.0,0.0,143.0,1.0,普通类,3_36_11907
31,北京大学,2020,天津,3,本科提前批A段,葡萄牙语,（5）,703.0,0.0,0.0,143.0,1.0,普通类,3_36_11907
31,北京大学,2020,天津,3,本科提前批A段,日语,（5）,705.0,0.0,0.0,101.0,1.0,普通类,3_36_0
31,北京大学,2020,天津,3,本科提前批A段,西班牙语,（5）,704.0,0.0,0.0,124.0,1.0,普通类,3_36_0
31,北京大学,2020,天津,3,本科提前批A段,俄语,（5）,703.0,0.0,0.0,143.0,1.0,普通类,3_36_0
31,北京大学,2020,天津,3,本科提前批A段,葡萄牙语,（5）,703.0,0.0,0.0,143.0,1.0,普通类,3_36_0
31,北京大学,2020,天津,3,本科批A段,理科试验班类,（2）,713.0,0.0,0.0,15.0,1.0,普通类,3_46_9398
31,北京大学,2020,天津,3,本科批A段,数学类,（2）,712.0,0.0,0.0,24.0,1.0,普通类,3_46_9398
31,北京大学,2020,天津,3,本科批A段,计算机类,（2）,709.0,0.0,0.0,47.0,3.0,普通类,3_46_9398
31,北京大学,2020,天津,3,本科批A段,天文学,（2）,707.0,0.0,0.0,66.0,1.0,普通类,3_46_9398
31,北京大学,2020,天津,3,本科批A段,电子信息类,（2）,707.0,0.0,0.0,66.0,2.0,普通类,3_46_9398
31,北京大学,2020,天津,3,本科批A段,物理学类,（2）,707.0,0.0,0.0,66.0,2.0,普通类,3_46_9398
31,北京大学,2020,天津,3,本科批A段,地球物理学类,（2）,707.0,0.0,0.0,66.0,3.0,普通类,3_46_9398
31,北京大学,2020,天津,3,本科批A段,工科试验班类,（2）,706.0,0.0,0.0,86.0,2.0,普通类,3_46_9398
31,北京大学,2020,天津,3,本科批A段,文科试验班类,（1）,715.0,0.0,0.0,9.0,1.0,普通类,3_46_0
31,北京大学,2020,天津,3,本科批A段,经济学类,（1）,713.0,0.0,0.0,15.0,1.0,普通类,3_46_0
31,北京大学,2020,天津,3,本科批A段,工商管理类,（1）,713.0,0.0,0.0,15.0,1.0,普通类,3_46_0
31,北京大学,2020,天津,3,本科批A段,理科试验班类,（2）,713.0,0.0,0.0,15.0,1.0,普通类,3_46_0
31,北京大学,2020,天津,3,本科批A段,数学类,（2）,712.0,0.0,0.0,24.0,1.0,普通类,3_46_0
31,北京大学,2020,天津,3,本科批A段,新闻传播学类,（4）,711.0,0.0,0.0,30.0,1.0,普通类,3_46_0
31,北京大学,2020,天津,3,本科批A段,信息管理与信息系统,（4）,710.0,0.0,0.0,39.0,1.0,普通类,3_46_0
31,北京大学,2020,天津,3,本科批A段,计算机类,（2）,709.0,0.0,0.0,47.0,3.0,普通类,3_46_0
31,北京大学,2020,天津,3,本科批A段,法学,（4）,708.0,0.0,0.0,56.0,2.0,普通类,3_46_0
31,北京大学,2020,天津,3,本科批A段,国际政治,（4）,708.0,0.0,0.0,56.0,1.0,普通类,3_46_0
31,北京大学,2020,天津,3,本科批A段,生物科学类,（3）,708.0,0.0,0.0,56.0,2.0,普通类,3_46_0
31,北京大学,2020,天津,3,本科批A段,天文学,（2）,707.0,0.0,0.0,66.0,1.0,普通类,3_46_0
31,北京大学,2020,天津,3,本科批A段,中国语言文学类,（4）,707.0,0.0,0.0,66.0,2.0,普通类,3_46_0
31,北京大学,2020,天津,3,本科批A段,哲学类,（4）,707.0,0.0,0.0,66.0,1.0,普通类,3_46_0
31,北京大学,2020,天津,3,本科批A段,电子信息类,（2）,707.0,0.0,0.0,66.0,2.0,普通类,3_46_0
31,北京大学,2020,天津,3,本科批A段,物理学类,（2）,707.0,0.0,0.0,66.0,2.0,普通类,3_46_0
31,北京大学,2020,天津,3,本科批A段,地球物理学类,（2）,707.0,0.0,0.0,66.0,3.0,普通类,3_46_0
31,北京大学,2020,天津,3,本科批A段,城乡规划,（4）,706.0,0.0,0.0,86.0,4.0,普通类,3_46_0
31,北京大学,2020,天津,3,本科批A段,化学类,（3）,706.0,0.0,0.0,86.0,1.0,普通类,3_46_0
31,北京大学,2020,天津,3,本科批A段,人文科学试验班,（4）,706.0,0.0,0.0,86.0,1.0,普通类,3_46_0
31,北京大学,2020,天津,3,本科批A段,工科试验班类,（2）,706.0,0.0,0.0,86.0,2.0,普通类,3_46_0
31,北京大学,2020,天津,3,本科批A段,环境科学,（3）,706.0,0.0,0.0,86.0,3.0,普通类,3_46_0
31,北京大学,2020,天津,3,本科批A段,生物科学类,（3）,708.0,0.0,0.0,56.0,2.0,普通类,3_46_9399
31,北京大学,2020,天津,3,本科批A段,化学类,（3）,706.0,0.0,0.0,86.0,1.0,普通类,3_46_9399
31,北京大学,2020,天津,3,本科批A段,环境科学,（3）,706.0,0.0,0.0,86.0,3.0,普通类,3_46_9399
31,北京大学,2020,天津,3,本科批A段,新闻传播学类,（4）,711.0,0.0,0.0,30.0,1.0,普通类,3_46_9400
31,北京大学,2020,天津,3,本科批A段,信息管理与信息系统,（4）,710.0,0.0,0.0,39.0,1.0,普通类,3_46_9400
31,北京大学,2020,天津,3,本科批A段,法学,（4）,708.0,0.0,0.0,56.0,2.0,普通类,3_46_9400
31,北京大学,2020,天津,3,本科批A段,国际政治,（4）,708.0,0.0,0.0,56.0,1.0,普通类,3_46_9400
31,北京大学,2020,天津,3,本科批A段,中国语言文学类,（4）,707.0,0.0,0.0,66.0,2.0,普通类,3_46_9400
31,北京大学,2020,天津,3,本科批A段,哲学类,（4）,707.0,0.0,0.0,66.0,1.0,普通类,3_46_9400
31,北京大学,2020,天津,3,本科批A段,城乡规划,（4）,706.0,0.0,0.0,86.0,4.0,普通类,3_46_9400
31,北京大学,2020,天津,3,本科批A段,人文科学试验班,（4）,706.0,0.0,0.0,86.0,1.0,普通类,3_46_9400
31,北京大学,2020,天津,3,本科批A段,文科试验班类,（1）,715.0,0.0,0.0,9.0,1.0,普通类,3_46_9397
31,北京大学,2020,天津,3,本科批A段,经济学类,（1）,713.0,0.0,0.0,15.0,1.0,普通类,3_46_9397
31,北京大学,2020,天津,3,本科批A段,工商管理类,（1）,713.0,0.0,0.0,15.0,1.0,普通类,3_46_9397
31,北京大学,2020,河北,2,本科提前批,德语,,667.0,667.0,667.0,30.0,1.0,普通类,2_6_0
31,北京大学,2020,河北,2,本科提前批,朝鲜语,,666.0,666.0,666.0,33.0,1.0,普通类,2_6_0
31,北京大学,2020,河北,2,本科提前批,蒙古语,,665.0,665.0,665.0,35.0,1.0,普通类,2_6_0
31,北京大学,2020,河北,2,本科提前批,西班牙语,,663.0,663.0,663.0,44.0,1.0,普通类,2_6_0
31,北京大学,2020,河北,2,本科提前批,俄语,,661.0,661.0,661.0,59.0,1.0,普通类,2_6_0
31,北京大学,2020,河北,2,本科提前批,法学,,660.0,660.0,660.0,65.0,1.0,普通类,2_6_0
31,北京大学,2020,河北,2,本科提前批,国际政治,,653.0,653.0,653.0,141.0,1.0,普通类,2_6_0
31,北京大学,2020,河北,2,本科提前批,社会学类,,651.0,651.0,651.0,166.0,1.0,普通类,2_6_0
31,北京大学,2020,河北,2,本科提前批,信息管理与信息系统,,650.0,650.0,650.0,185.0,1.0,普通类,2_6_0
31,北京大学,2020,河北,1,本科提前批,地球物理学类,,689.0,689.0,689.0,466.0,1.0,普通类,1_6_0
31,北京大学,2020,河北,1,本科提前批,工科试验班类,,689.0,689.0,689.0,466.0,1.0,普通类,1_6_0
31,北京大学,2020,河北,1,本科提前批,心理学类,,688.0,688.0,688.0,537.0,1.0,普通类,1_6_0
31,北京大学,2020,河北,1,本科提前批,环境科学,,688.0,688.0,688.0,537.0,1.0,普通类,1_6_0
31,北京大学,2020,河北,2,本科批,工商管理类,,689.0,689.0,689.0,1.0,1.0,普通类,2_14_0
31,北京大学,2020,河北,2,本科批,经济学类,,678.0,678.0,678.0,1.0,2.0,普通类,2_14_0
31,北京大学,2020,河北,2,本科批,文科试验班类,,677.0,677.0,677.0,1.0,1.0,普通类,2_14_0
31,北京大学,2020,河北,2,本科批,社会学类,,672.0,675.0,674.0,1.0,2.0,普通类,2_14_0
31,北京大学,2020,河北,2,本科批,中国语言文学类,,672.0,673.0,673.0,1.0,2.0,普通类,2_14_0
31,北京大学,2020,河北,2,本科批,法学,,671.0,672.0,671.0,1.0,3.0,普通类,2_14_0
31,北京大学,2020,河北,2,本科批,哲学类,,669.0,670.0,670.0,1.0,2.0,普通类,2_14_0
31,北京大学,2020,河北,2,本科批,国际政治,,668.0,674.0,671.0,1.0,3.0,普通类,2_14_0
31,北京大学,2020,河北,2,本科批,考古学,,668.0,668.0,668.0,1.0,1.0,普通类,2_14_0
31,北京大学,2020,河北,2,本科批,信息管理与信息系统,,668.0,668.0,668.0,1.0,1.0,普通类,2_14_0
31,北京大学,2020,河北,2,本科批,历史学类,,668.0,668.0,668.0,1.0,1.0,普通类,2_14_0
31,北京大学,2020,河北,2,本科批,新闻传播学类,,668.0,668.0,668.0,1.0,2.0,普通类,2_14_0
31,北京大学,2020,河北,2,本科批,英语,,667.0,667.0,667.0,30.0,1.0,普通类,2_14_0
31,北京大学,2020,河北,1,本科批,工商管理类,,709.0,713.0,711.0,1.0,2.0,普通类,1_14_0
31,北京大学,2020,河北,1,本科批,环境科学,,707.0,707.0,707.0,34.0,1.0,普通类,1_14_0
31,北京大学,2020,河北,1,本科批,理科试验班类,,706.0,721.0,715.0,40.0,3.0,普通类,1_14_0
31,北京大学,2020,河北,1,本科批,数学类,,706.0,712.0,709.0,40.0,3.0,普通类,1_14_0
31,北京大学,2020,河北,1,本科批,计算机类,,704.0,708.0,705.0,55.0,6.0,普通类,1_14_0
31,北京大学,2020,河北,1,本科批,化学类,,704.0,704.0,704.0,55.0,1.0,普通类,1_14_0
31,北京大学,2020,河北,1,本科批,物理学类,,703.0,712.0,708.0,63.0,2.0,普通类,1_14_0
31,北京大学,2020,河北,1,本科批,生物科学类,,703.0,703.0,703.0,63.0,1.0,普通类,1_14_0
31,北京大学,2020,河北,1,本科批,工科试验班类,,703.0,703.0,703.0,63.0,1.0,普通类,1_14_0
31,北京大学,2020,山西,1,本科一批A段,工商管理类,,694.0,0.0,0.0,17.0,,普通类,1_51_0
31,北京大学,2020,山西,1,本科一批A段,经济学类,,691.0,0.0,0.0,23.0,,普通类,1_51_0
31,北京大学,2020,山西,1,本科一批A段,数学类,,689.0,0.0,0.0,29.0,,普通类,1_51_0
31,北京大学,2020,山西,1,本科一批A段,理科试验班类,,689.0,0.0,0.0,29.0,,普通类,1_51_0
31,北京大学,2020,山西,1,本科一批A段,物理学类,,686.0,0.0,0.0,48.0,,普通类,1_51_0
31,北京大学,2020,山西,1,本科一批A段,环境科学,,684.0,0.0,0.0,57.0,,普通类,1_51_0
31,北京大学,2020,山西,1,本科一批A段,环境科学与工程类,,684.0,0.0,0.0,57.0,,普通类,1_51_0
31,北京大学,2020,山西,1,本科一批A段,心理学类,,684.0,0.0,0.0,57.0,,普通类,1_51_0
31,北京大学,2020,山西,1,本科一批A段,地球物理学类,,684.0,0.0,0.0,57.0,,普通类,1_51_0
31,北京大学,2020,山西,1,本科一批A段,地质学类,,684.0,0.0,0.0,57.0,,普通类,1_51_0
31,北京大学,2020,山西,1,本科一批A段,工科试验班类,,684.0,0.0,0.0,57.0,,普通类,1_51_0
31,北京大学,2020,山西,1,本科一批A段,化学类,,684.0,0.0,0.0,57.0,,普通类,1_51_0
31,北京大学,2020,山西,1,本科一批A段,法学,,683.0,0.0,0.0,66.0,,普通类,1_51_0
31,北京大学,2020,山西,1,本科一批A段,天文学,,683.0,0.0,0.0,66.0,,普通类,1_51_0
31,北京大学,2020,山西,1,本科一批A段,城乡规划,,683.0,0.0,0.0,66.0,,普通类,1_51_0
31,北京大学,2020,山西,1,本科一批A段,信息管理与信息系统,,683.0,0.0,0.0,66.0,,普通类,1_51_0
31,北京大学,2020,山西,1,本科一批A段,国际政治,,683.0,0.0,0.0,66.0,,普通类,1_51_0
31,北京大学,2020,山西,1,本科一批A段,生物科学类,,683.0,0.0,0.0,66.0,,普通类,1_51_0
31,北京大学,2020,山西,1,本科一批A段,电子信息类,,683.0,0.0,0.0,66.0,,普通类,1_51_0
31,北京大学,2020,山西,1,本科一批A段,计算机类,,683.0,0.0,0.0,66.0,,普通类,1_51_0
31,北京大学,2020,山西,1,本科一批A段,公共管理类,,683.0,0.0,0.0,66.0,,普通类,1_51_0
31,北京大学,2020,山西,2,本科一批A段,工商管理类,,650.0,0.0,0.0,1.0,,普通类,2_51_0
31,北京大学,2020,山西,2,本科一批A段,经济学类,,643.0,0.0,0.0,1.0,,普通类,2_51_0
31,北京大学,2020,山西,2,本科一批A段,文科试验班类,,642.0,0.0,0.0,10.0,,普通类,2_51_0
31,北京大学,2020,山西,2,本科一批A段,法学,,641.0,0.0,0.0,12.0,,普通类,2_51_0
31,北京大学,2020,山西,2,本科一批A段,国际政治,,641.0,0.0,0.0,12.0,,普通类,2_51_0
31,北京大学,2020,山西,2,本科一批A段,中国语言文学类,,641.0,0.0,0.0,12.0,,普通类,2_51_0
31,北京大学,2020,山西,2,本科一批A段,新闻传播学类,,641.0,0.0,0.0,12.0,,普通类,2_51_0
31,北京大学,2020,山西,2,本科一批A段,社会学类,,640.0,0.0,0.0,13.0,,普通类,2_51_0
31,北京大学,2020,山西,2,本科一批A段,历史学类,,640.0,0.0,0.0,13.0,,普通类,2_51_0
31,北京大学,2020,山西,2,本科一批A段,信息管理与信息系统,,639.0,0.0,0.0,18.0,,普通类,2_51_0
31,北京大学,2020,山西,2,本科一批A段,人文科学试验班,,639.0,0.0,0.0,18.0,,普通类,2_51_0
31,北京大学,2020,山西,2,本科一批A段,考古学,,638.0,0.0,0.0,25.0,,普通类,2_51_0
31,北京大学,2020,山西,2,本科一批A段,城乡规划,,638.0,0.0,0.0,25.0,,普通类,2_51_0
31,北京大学,2020,山西,2,本科一批A段,英语,,638.0,0.0,0.0,25.0,,普通类,2_51_0
31,北京大学,2020,山西,2,本科一批A段,公共管理类,,638.0,0.0,0.0,25.0,,普通类,2_51_0
31,北京大学,2020,山西,2,本科一批A段,哲学类,,638.0,0.0,0.0,25.0,,普通类,2_51_0
31,北京大学,2020,内蒙古,1,本科提前批B段,心理学类,,672.0,672.0,0.0,146.0,,普通类,1_37_0
31,北京大学,2020,内蒙古,1,本科提前批B段,工科试验班类,,670.0,670.0,0.0,162.0,,普通类,1_37_0
31,北京大学,2020,内蒙古,1,本科提前批B段,环境科学与工程类,,669.0,669.0,0.0,175.0,,普通类,1_37_0
31,北京大学,2020,内蒙古,1,本科提前批B段,环境科学,,669.0,669.0,0.0,175.0,,普通类,1_37_0
31,北京大学,2020,内蒙古,2,本科一批,工商管理类,,667.0,667.0,0.0,,1.0,普通类,2_7_0
31,北京大学,2020,内蒙古,2,本科一批,文科试验班类,,666.0,666.0,0.0,,1.0,普通类,2_7_0
31,北京大学,2020,内蒙古,2,本科一批,法学,,665.0,665.0,0.0,,1.0,普通类,2_7_0
31,北京大学,2020,内蒙古,2,本科一批,经济学类,,662.0,662.0,0.0,,1.0,普通类,2_7_0
31,北京大学,2020,内蒙古,2,本科一批,社会学类,,661.0,661.0,0.0,,1.0,普通类,2_7_0
31,北京大学,2020,内蒙古,2,本科一批,新闻传播学类,,661.0,661.0,0.0,,1.0,普通类,2_7_0
31,北京大学,2020,内蒙古,2,本科一批,城乡规划,,660.0,660.0,0.0,,1.0,普通类,2_7_0
31,北京大学,2020,内蒙古,2,本科一批,中国语言文学类,,660.0,660.0,0.0,,2.0,普通类,2_7_0
31,北京大学,2020,内蒙古,2,本科一批,国际政治,,660.0,660.0,0.0,,1.0,普通类,2_7_0
31,北京大学,2020,内蒙古,1,本科一批,工商管理类,,698.0,701.0,0.0,,3.0,普通类,1_7_0
31,北京大学,2020,内蒙古,1,本科一批,电子信息类,,692.0,692.0,0.0,22.0,1.0,普通类,1_7_0
31,北京大学,2020,内蒙古,1,本科一批,理科试验班类,,689.0,689.0,0.0,34.0,1.0,普通类,1_7_0
31,北京大学,2020,内蒙古,1,本科一批,经济学类,,686.0,686.0,0.0,46.0,1.0,普通类,1_7_0
31,北京大学,2020,内蒙古,1,本科一批,物理学类,,686.0,692.0,0.0,46.0,3.0,普通类,1_7_0
31,北京大学,2020,内蒙古,1,本科一批,计算机类,,686.0,690.0,0.0,46.0,2.0,普通类,1_7_0
31,北京大学,2020,内蒙古,2,本科提前批B段,法学,,656.0,656.0,0.0,26.0,,普通类,2_37_0
31,北京大学,2020,内蒙古,2,本科提前批B段,社会学类,,652.0,652.0,0.0,47.0,,普通类,2_37_0
31,北京大学,2020,内蒙古,2,本科提前批B段,国际政治,,647.0,647.0,0.0,66.0,,普通类,2_37_0
31,北京大学,2020,内蒙古,2,本科提前批B段,新闻传播学类,,644.0,644.0,0.0,88.0,,普通类,2_37_0
31,北京大学,2020,辽宁,2,本科批,文科试验班类,,673.0,0.0,0.0,15.0,2.0,普通类,2_14_0
31,北京大学,2020,辽宁,2,本科批,工商管理类,,672.0,0.0,0.0,15.0,2.0,普通类,2_14_0
31,北京大学,2020,辽宁,2,本科批,新闻传播学类,,671.0,0.0,0.0,15.0,1.0,普通类,2_14_0
31,北京大学,2020,辽宁,2,本科批,法学,,670.0,0.0,0.0,15.0,2.0,普通类,2_14_0
31,北京大学,2020,辽宁,2,本科批,中国语言文学类,,670.0,0.0,0.0,15.0,2.0,普通类,2_14_0
31,北京大学,2020,辽宁,2,本科批,经济学类,,670.0,0.0,0.0,15.0,1.0,普通类,2_14_0
31,北京大学,2020,辽宁,2,本科批,人文科学试验班,,670.0,0.0,0.0,15.0,1.0,普通类,2_14_0
31,北京大学,2020,辽宁,2,本科批,国际政治,,669.0,0.0,0.0,18.0,2.0,普通类,2_14_0
31,北京大学,2020,辽宁,2,本科批,哲学类,,669.0,0.0,0.0,18.0,1.0,普通类,2_14_0
31,北京大学,2020,辽宁,2,本科批,信息管理与信息系统,,668.0,0.0,0.0,22.0,1.0,普通类,2_14_0
31,北京大学,2020,辽宁,2,本科批,英语,,668.0,0.0,0.0,22.0,2.0,普通类,2_14_0
31,北京大学,2020,辽宁,2,本科批,公共管理类,,668.0,0.0,0.0,22.0,1.0,普通类,2_14_0
31,北京大学,2020,辽宁,2,本科批,社会学类,,667.0,0.0,0.0,23.0,1.0,普通类,2_14_0
31,北京大学,2020,辽宁,2,本科批,城乡规划,,666.0,0.0,0.0,26.0,1.0,普通类,2_14_0
31,北京大学,2020,辽宁,2,本科批,历史学类,,666.0,0.0,0.0,26.0,2.0,普通类,2_14_0
31,北京大学,2020,辽宁,1,本科批,工商管理类,,702.0,0.0,0.0,18.0,2.0,普通类,1_14_0
31,北京大学,2020,辽宁,1,本科批,理科试验班类,,700.0,0.0,0.0,25.0,3.0,普通类,1_14_0
31,北京大学,2020,辽宁,1,本科批,数学类,,699.0,0.0,0.0,31.0,2.0,普通类,1_14_0
31,北京大学,2020,辽宁,1,本科批,生物科学类,,697.0,0.0,0.0,47.0,2.0,普通类,1_14_0
31,北京大学,2020,辽宁,1,本科批,化学类,,696.0,0.0,0.0,55.0,3.0,普通类,1_14_0
31,北京大学,2020,辽宁,1,本科批,电子信息类,,695.0,0.0,0.0,62.0,3.0,普通类,1_14_0
31,北京大学,2020,辽宁,1,本科批,经济学类,,694.0,0.0,0.0,69.0,2.0,普通类,1_14_0
31,北京大学,2020,辽宁,1,本科批,物理学类,,693.0,0.0,0.0,81.0,2.0,普通类,1_14_0
31,北京大学,2020,辽宁,1,本科批,计算机类,,693.0,0.0,0.0,81.0,4.0,普通类,1_14_0
31,北京大学,2020,吉林,2,本科一批A段,工商管理类,,664.0,0.0,664.0,1.0,1.0,普通类,2_51_0
31,北京大学,2020,吉林,2,本科一批A段,文科试验班类,,664.0,0.0,664.0,1.0,1.0,普通类,2_51_0
31,北京大学,2020,吉林,2,本科一批A段,经济学类,,656.0,0.0,656.0,1.0,1.0,普通类,2_51_0
31,北京大学,2020,吉林,2,本科一批A段,社会学类,,654.0,0.0,659.0,1.0,2.0,普通类,2_51_0
31,北京大学,2020,吉林,2,本科一批A段,法学,,654.0,0.0,657.0,1.0,4.0,普通类,2_51_0
31,北京大学,2020,吉林,2,本科一批A段,中国语言文学类,,653.0,0.0,659.0,1.0,3.0,普通类,2_51_0
31,北京大学,2020,吉林,2,本科一批A段,城乡规划,,652.0,0.0,652.0,1.0,1.0,普通类,2_51_0
31,北京大学,2020,吉林,2,本科一批A段,信息管理与信息系统,,652.0,0.0,652.0,1.0,1.0,普通类,2_51_0
31,北京大学,2020,吉林,2,本科一批A段,哲学类,,652.0,0.0,652.0,1.0,1.0,普通类,2_51_0
31,北京大学,2020,吉林,2,本科一批A段,人文科学试验班,,650.0,0.0,651.0,1.0,2.0,普通类,2_51_0
31,北京大学,2020,吉林,2,本科一批A段,新闻传播学类,,650.0,0.0,650.0,1.0,1.0,普通类,2_51_0
31,北京大学,2020,吉林,2,本科一批A段,公共管理类,,649.0,0.0,651.0,1.0,2.0,普通类,2_51_0
31,北京大学,2020,吉林,2,本科一批A段,英语,,646.0,0.0,646.0,1.0,1.0,普通类,2_51_0
31,北京大学,2020,吉林,2,本科一批A段,国际政治,,644.0,0.0,651.0,1.0,3.0,普通类,2_51_0
31,北京大学,2020,吉林,2,本科一批A段,历史学类,,644.0,0.0,644.0,1.0,1.0,普通类,2_51_0
31,北京大学,2020,吉林,1,本科一批A段,工商管理类,,704.0,0.0,704.0,1.0,1.0,普通类,1_51_0
31,北京大学,2020,吉林,1,本科一批A段,电子信息类,,699.0,0.0,699.0,1.0,1.0,普通类,1_51_0
31,北京大学,2020,吉林,1,本科一批A段,化学类,,698.0,0.0,698.0,1.0,1.0,普通类,1_51_0
31,北京大学,2020,吉林,1,本科一批A段,计算机类,,695.0,0.0,699.0,1.0,5.0,普通类,1_51_0
31,北京大学,2020,吉林,1,本科一批A段,理科试验班类,,695.0,0.0,697.0,1.0,2.0,普通类,1_51_0
31,北京大学,2020,吉林,1,本科一批A段,物理学类,,695.0,0.0,695.0,1.0,1.0,普通类,1_51_0
31,北京大学,2020,吉林,1,本科一批A段,生物科学类,,695.0,0.0,695.0,1.0,1.0,普通类,1_51_0
31,北京大学,2020,吉林,1,本科一批A段,数学类,,694.0,0.0,698.0,1.0,2.0,普通类,1_51_0
31,北京大学,2020,吉林,1,本科一批A段,经济学类,,694.0,0.0,695.0,1.0,2.0,普通类,1_51_0
31,北京大学,2020,吉林,1,本科一批A段,法学,,694.0,0.0,694.0,1.0,1.0,普通类,1_51_0
31,北京大学,2020,吉林,1,本科一批A段,国际政治,,694.0,0.0,694.0,1.0,1.0,普通类,1_51_0
31,北京大学,2020,黑龙江,2,本科提前批,日语,,645.0,645.0,0.0,25.0,,普通类,2_6_0
31,北京大学,2020,黑龙江,2,本科提前批,朝鲜语,,639.0,639.0,0.0,49.0,,普通类,2_6_0
31,北京大学,2020,黑龙江,2,本科提前批,俄语,,634.0,634.0,0.0,69.0,,普通类,2_6_0
31,北京大学,2020,黑龙江,2,本科一批A段,工商管理类,,665.0,677.0,0.0,1.0,,普通类,2_51_0
31,北京大学,2020,黑龙江,2,本科一批A段,文科试验班类,,663.0,663.0,0.0,1.0,,普通类,2_51_0
31,北京大学,2020,黑龙江,2,本科一批A段,经济学类,,657.0,660.0,0.0,1.0,,普通类,2_51_0
31,北京大学,2020,黑龙江,2,本科一批A段,中国语言文学类,,653.0,661.0,0.0,11.0,,普通类,2_51_0
31,北京大学,2020,黑龙江,2,本科一批A段,法学,,652.0,652.0,0.0,12.0,,普通类,2_51_0
31,北京大学,2020,黑龙江,2,本科一批A段,信息管理与信息系统,,650.0,650.0,0.0,14.0,,普通类,2_51_0
31,北京大学,2020,黑龙江,2,本科一批A段,新闻传播学类,,649.0,649.0,0.0,18.0,,普通类,2_51_0
31,北京大学,2020,黑龙江,2,本科一批A段,国际政治,,649.0,649.0,0.0,18.0,,普通类,2_51_0
31,北京大学,2020,黑龙江,2,本科一批A段,哲学类,,649.0,649.0,0.0,18.0,,普通类,2_51_0
31,北京大学,2020,黑龙江,2,本科一批A段,城乡规划,,648.0,648.0,0.0,19.0,,普通类,2_51_0
31,北京大学,2020,黑龙江,2,本科一批A段,历史学类,,646.0,660.0,0.0,22.0,,普通类,2_51_0
31,北京大学,2020,黑龙江,1,本科一批A段,数学类,,707.0,707.0,0.0,19.0,,普通类,1_51_0
31,北京大学,2020,黑龙江,1,本科一批A段,工商管理类,,707.0,714.0,0.0,19.0,,普通类,1_51_0
31,北京大学,2020,黑龙江,1,本科一批A段,理科试验班类,,706.0,711.0,0.0,23.0,,普通类,1_51_0
31,北京大学,2020,黑龙江,1,本科一批A段,经济学类,,702.0,703.0,0.0,36.0,,普通类,1_51_0
31,北京大学,2020,黑龙江,1,本科一批A段,计算机类,,700.0,705.0,0.0,53.0,,普通类,1_51_0
31,北京大学,2020,黑龙江,1,本科一批A段,电子信息类,,700.0,700.0,0.0,53.0,,普通类,1_51_0
31,北京大学,2020,黑龙江,1,本科一批A段,物理学类,,700.0,713.0,0.0,53.0,,普通类,1_51_0
31,北京大学,2020,黑龙江,1,本科一批A段,工科试验班类,,700.0,700.0,0.0,53.0,,普通类,1_51_0
31,北京大学,2020,上海,3,零批次,物理学类,（01）,613.0,0.0,614.0,1.0,2.0,普通类,3_1527_12186
31,北京大学,2020,上海,3,零批次,计算机类,（01）,612.0,0.0,618.0,1.0,4.0,普通类,3_1527_12186
31,北京大学,2020,上海,3,零批次,数学类,（01）,612.0,0.0,615.0,1.0,3.0,普通类,3_1527_12186
31,北京大学,2020,上海,3,零批次,天文学,（01）,612.0,0.0,612.0,1.0,1.0,普通类,3_1527_12186
31,北京大学,2020,上海,3,零批次,电子信息类,（01）,611.0,0.0,611.0,52.0,2.0,普通类,3_1527_12186
31,北京大学,2020,上海,3,零批次,考古学,（02）,620.0,0.0,620.0,1.0,1.0,普通类,3_1527_0
31,北京大学,2020,上海,3,零批次,工商管理类,（02）,619.0,0.0,622.0,1.0,4.0,普通类,3_1527_0
31,北京大学,2020,上海,3,零批次,国际政治,（02）,615.0,0.0,617.0,1.0,3.0,普通类,3_1527_0
31,北京大学,2020,上海,3,零批次,中国语言文学类,（02）,614.0,0.0,616.0,1.0,2.0,普通类,3_1527_0
31,北京大学,2020,上海,3,零批次,哲学类,（02）,614.0,0.0,615.0,1.0,2.0,普通类,3_1527_0
31,北京大学,2020,上海,3,零批次,经济学类,（02）,613.0,0.0,615.0,1.0,2.0,普通类,3_1527_0
31,北京大学,2020,上海,3,零批次,物理学类,（01）,613.0,0.0,614.0,1.0,2.0,普通类,3_1527_0
31,北京大学,2020,上海,3,零批次,计算机类,（01）,612.0,0.0,618.0,1.0,4.0,普通类,3_1527_0
31,北京大学,2020,上海,3,零批次,数学类,（01）,612.0,0.0,615.0,1.0,3.0,普通类,3_1527_0
31,北京大学,2020,上海,3,零批次,天文学,（01）,612.0,0.0,612.0,1.0,1.0,普通类,3_1527_0
31,北京大学,2020,上海,3,零批次,法学,（02）,611.0,0.0,613.0,52.0,2.0,普通类,3_1527_0
31,北京大学,2020,上海,3,零批次,英语,（02）,611.0,0.0,611.0,52.0,1.0,普通类,3_1527_0
31,北京大学,2020,上海,3,零批次,电子信息类,（01）,611.0,0.0,611.0,52.0,2.0,普通类,3_1527_0
31,北京大学,2020,上海,3,零批次,考古学,（02）,620.0,0.0,620.0,1.0,1.0,普通类,3_1527_12187
31,北京大学,2020,上海,3,零批次,工商管理类,（02）,619.0,0.0,622.0,1.0,4.0,普通类,3_1527_12187
31,北京大学,2020,上海,3,零批次,国际政治,（02）,615.0,0.0,617.0,1.0,3.0,普通类,3_1527_12187
31,北京大学,2020,上海,3,零批次,中国语言文学类,（02）,614.0,0.0,616.0,1.0,2.0,普通类,3_1527_12187
31,北京大学,2020,上海,3,零批次,哲学类,（02）,614.0,0.0,615.0,1.0,2.0,普通类,3_1527_12187
31,北京大学,2020,上海,3,零批次,经济学类,（02）,613.0,0.0,615.0,1.0,2.0,普通类,3_1527_12187
31,北京大学,2020,上海,3,零批次,法学,（02）,611.0,0.0,613.0,52.0,2.0,普通类,3_1527_12187
31,北京大学,2020,上海,3,零批次,英语,（02）,611.0,0.0,611.0,52.0,1.0,普通类,3_1527_12187
31,北京大学,2020,江苏,2,本科一批,文科试验班类,,425.0,0.0,0.0,16.0,3.0,普通类,2_7_0
31,北京大学,2020,江苏,2,本科一批,法学,,422.0,0.0,0.0,16.0,3.0,普通类,2_7_0
31,北京大学,2020,江苏,2,本科一批,工商管理类,,422.0,0.0,0.0,16.0,2.0,普通类,2_7_0
31,北京大学,2020,江苏,2,本科一批,经济学类,,421.0,0.0,0.0,16.0,2.0,普通类,2_7_0
31,北京大学,2020,江苏,2,本科一批,中国语言文学类,,420.0,0.0,0.0,21.0,2.0,普通类,2_7_0
31,北京大学,2020,江苏,2,本科一批,新闻传播学类,,419.0,0.0,0.0,24.0,2.0,普通类,2_7_0
31,北京大学,2020,江苏,2,本科一批,历史学类,,418.0,0.0,0.0,33.0,2.0,普通类,2_7_0
31,北京大学,2020,江苏,2,本科一批,社会学类,,418.0,0.0,0.0,33.0,2.0,普通类,2_7_0
31,北京大学,2020,江苏,2,本科一批,公共管理类,,418.0,0.0,0.0,33.0,2.0,普通类,2_7_0
31,北京大学,2020,江苏,2,本科一批,国际政治,,417.0,0.0,0.0,41.0,3.0,普通类,2_7_0
31,北京大学,2020,江苏,2,本科一批,考古学,,417.0,0.0,0.0,41.0,1.0,普通类,2_7_0
31,北京大学,2020,江苏,2,本科一批,城乡规划,,417.0,0.0,0.0,41.0,2.0,普通类,2_7_0
31,北京大学,2020,江苏,2,本科一批,哲学类,,417.0,0.0,0.0,41.0,2.0,普通类,2_7_0
31,北京大学,2020,江苏,1,本科一批,工商管理类,,432.0,0.0,0.0,48.0,2.0,普通类,1_7_0
31,北京大学,2020,江苏,1,本科一批,经济学类,,429.0,0.0,0.0,48.0,2.0,普通类,1_7_0
31,北京大学,2020,江苏,1,本科一批,理科试验班类,,429.0,0.0,0.0,48.0,2.0,普通类,1_7_0
31,北京大学,2020,江苏,1,本科一批,物理学类,,426.0,0.0,0.0,48.0,3.0,普通类,1_7_0
31,北京大学,2020,江苏,1,本科一批,法学,,425.0,0.0,0.0,70.0,2.0,普通类,1_7_0
31,北京大学,2020,江苏,1,本科一批,数学类,,425.0,0.0,0.0,70.0,4.0,普通类,1_7_0
31,北京大学,2020,江苏,1,本科一批,电子信息类,,425.0,0.0,0.0,70.0,3.0,普通类,1_7_0
31,北京大学,2020,江苏,1,本科一批,计算机类,,425.0,0.0,0.0,70.0,4.0,普通类,1_7_0
31,北京大学,2020,浙江,3,平行录取一段,工商管理类,,708.0,0.0,0.0,8.0,2.0,普通类,3_16_0
31,北京大学,2020,浙江,3,平行录取一段,中国语言文学类,,706.0,0.0,0.0,17.0,1.0,普通类,3_16_0
31,北京大学,2020,浙江,3,平行录取一段,数学类,,705.0,0.0,0.0,25.0,2.0,普通类,3_16_0
31,北京大学,2020,浙江,3,平行录取一段,英语,,703.0,0.0,0.0,42.0,1.0,普通类,3_16_0
31,北京大学,2020,浙江,3,平行录取一段,法学,,702.0,0.0,0.0,55.0,2.0,普通类,3_16_0
31,北京大学,2020,浙江,3,平行录取一段,经济学类,,702.0,0.0,0.0,54.0,2.0,普通类,3_16_0
31,北京大学,2020,浙江,3,平行录取一段,物理学类,,702.0,0.0,0.0,51.0,2.0,普通类,3_16_0
31,北京大学,2020,浙江,3,平行录取一段,公共管理类,,701.0,0.0,0.0,58.0,1.0,普通类,3_16_0
31,北京大学,2020,浙江,3,平行录取一段,计算机类,,701.0,0.0,0.0,70.0,3.0,普通类,3_16_0
31,北京大学,2020,浙江,3,平行录取一段,理科试验班类,,701.0,0.0,0.0,60.0,6.0,普通类,3_16_0
31,北京大学,2020,浙江,3,平行录取一段,天文学,,700.0,0.0,0.0,75.0,1.0,普通类,3_16_0
31,北京大学,2020,浙江,3,平行录取一段,电子信息类,,700.0,0.0,0.0,83.0,2.0,普通类,3_16_0
31,北京大学,2020,浙江,3,平行录取一段,社会学类,,700.0,0.0,0.0,84.0,1.0,普通类,3_16_0
31,北京大学,2020,浙江,3,平行录取一段,心理学类,,700.0,0.0,0.0,71.0,1.0,普通类,3_16_0
31,北京大学,2020,浙江,3,平行录取一段,城乡规划,,699.0,0.0,0.0,100.0,1.0,普通类,3_16_0
31,北京大学,2020,浙江,3,平行录取一段,环境科学与工程类,,699.0,0.0,0.0,102.0,1.0,普通类,3_16_0
31,北京大学,2020,浙江,3,平行录取一段,国际政治,,699.0,0.0,0.0,87.0,1.0,普通类,3_16_0
31,北京大学,2020,浙江,3,平行录取一段,环境科学,,699.0,0.0,0.0,99.0,1.0,普通类,3_16_0
31,北京大学,2020,安徽,2,本科一批,文科试验班类,,654.0,0.0,0.0,1.0,,普通类,2_7_0
31,北京大学,2020,安徽,2,本科一批,城乡规划,,653.0,0.0,0.0,1.0,,普通类,2_7_0
31,北京大学,2020,安徽,2,本科一批,法学,,652.0,0.0,0.0,1.0,,普通类,2_7_0
31,北京大学,2020,安徽,2,本科一批,中国语言文学类,,652.0,0.0,0.0,1.0,,普通类,2_7_0
31,北京大学,2020,安徽,2,本科一批,人文科学试验班,,652.0,0.0,0.0,1.0,,普通类,2_7_0
31,北京大学,2020,安徽,2,本科一批,历史学类,,651.0,0.0,0.0,1.0,,普通类,2_7_0
31,北京大学,2020,安徽,2,本科一批,哲学类,,651.0,0.0,0.0,1.0,,普通类,2_7_0
31,北京大学,2020,安徽,2,本科一批,国际政治,,650.0,0.0,0.0,1.0,,普通类,2_7_0
31,北京大学,2020,安徽,2,本科一批,社会学类,,650.0,0.0,0.0,1.0,,普通类,2_7_0
31,北京大学,2020,安徽,2,本科一批,考古学,,649.0,0.0,0.0,1.0,,普通类,2_7_0
31,北京大学,2020,安徽,2,本科一批,信息管理与信息系统,,649.0,0.0,0.0,1.0,,普通类,2_7_0
31,北京大学,2020,安徽,2,本科一批,经济学类,,649.0,0.0,0.0,1.0,,普通类,2_7_0
31,北京大学,2020,安徽,2,本科一批,工商管理类,,649.0,0.0,0.0,1.0,,普通类,2_7_0
31,北京大学,2020,安徽,2,本科一批,英语,,648.0,0.0,0.0,1.0,,普通类,2_7_0
31,北京大学,2020,安徽,2,本科一批,新闻传播学类,,648.0,0.0,0.0,1.0,,普通类,2_7_0
31,北京大学,2020,安徽,2,本科一批,公共管理类,,648.0,0.0,0.0,1.0,,普通类,2_7_0
31,北京大学,2020,安徽,1,本科一批,环境科学与工程类,,703.0,0.0,0.0,1.0,,普通类,1_7_0
31,北京大学,2020,安徽,1,本科一批,城乡规划,,702.0,0.0,0.0,1.0,,普通类,1_7_0
31,北京大学,2020,安徽,1,本科一批,数学类,,702.0,0.0,0.0,1.0,,普通类,1_7_0
31,北京大学,2020,安徽,1,本科一批,经济学类,,701.0,0.0,0.0,1.0,,普通类,1_7_0
31,北京大学,2020,安徽,1,本科一批,工商管理类,,701.0,0.0,0.0,1.0,,普通类,1_7_0
31,北京大学,2020,安徽,1,本科一批,工科试验班类,,701.0,0.0,0.0,1.0,,普通类,1_7_0
31,北京大学,2020,安徽,1,本科一批,理科试验班类,,701.0,0.0,0.0,1.0,,普通类,1_7_0
31,北京大学,2020,安徽,1,本科一批,天文学,,700.0,0.0,0.0,36.0,,普通类,1_7_0
31,北京大学,2020,安徽,1,本科一批,地质学类,,700.0,0.0,0.0,36.0,,普通类,1_7_0
31,北京大学,2020,安徽,1,本科一批,环境科学,,699.0,0.0,0.0,45.0,,普通类,1_7_0
31,北京大学,2020,安徽,1,本科一批,法学,,699.0,0.0,0.0,45.0,,普通类,1_7_0
31,北京大学,2020,安徽,1,本科一批,电子信息类,,699.0,0.0,0.0,45.0,,普通类,1_7_0
31,北京大学,2020,安徽,1,本科一批,心理学类,,699.0,0.0,0.0,45.0,,普通类,1_7_0
31,北京大学,2020,安徽,1,本科一批,国际政治,,698.0,0.0,0.0,56.0,,普通类,1_7_0
31,北京大学,2020,安徽,1,本科一批,信息管理与信息系统,,698.0,0.0,0.0,56.0,,普通类,1_7_0
31,北京大学,2020,安徽,1,本科一批,计算机类,,698.0,0.0,0.0,56.0,,普通类,1_7_0
31,北京大学,2020,安徽,1,本科一批,物理学类,,698.0,0.0,0.0,56.0,,普通类,1_7_0
31,北京大学,2020,安徽,1,本科一批,地球物理学类,,698.0,0.0,0.0,56.0,,普通类,1_7_0
31,北京大学,2020,安徽,1,本科一批,生物科学类,,698.0,0.0,0.0,56.0,,普通类,1_7_0
31,北京大学,2020,安徽,1,本科一批,化学类,,698.0,0.0,0.0,56.0,,普通类,1_7_0
31,北京大学,2020,安徽,1,本科一批,公共管理类,,698.0,0.0,0.0,56.0,,普通类,1_7_0
31,北京大学,2020,福建,2,本科提前批,法语,,649.0,649.0,649.0,29.0,1.0,普通类,2_6_0
31,北京大学,2020,福建,2,本科提前批,日语,,649.0,649.0,649.0,29.0,1.0,普通类,2_6_0
31,北京大学,2020,福建,2,本科批,工商管理类,,662.0,662.0,662.0,1.0,1.0,普通类,2_14_0
31,北京大学,2020,福建,2,本科批,文科试验班类,,658.0,668.0,662.0,1.0,5.0,普通类,2_14_0
31,北京大学,2020,福建,2,本科批,法学,,656.0,656.0,656.0,1.0,3.0,普通类,2_14_0
31,北京大学,2020,福建,2,本科批,经济学类,,655.0,656.0,656.0,14.0,2.0,普通类,2_14_0
31,北京大学,2020,福建,2,本科批,信息管理与信息系统,,654.0,654.0,654.0,18.0,1.0,普通类,2_14_0
31,北京大学,2020,福建,2,本科批,历史学类,,654.0,654.0,654.0,18.0,1.0,普通类,2_14_0
31,北京大学,2020,福建,2,本科批,哲学类,,654.0,654.0,654.0,18.0,1.0,普通类,2_14_0
31,北京大学,2020,福建,2,本科批,公共管理类,,653.0,653.0,653.0,19.0,1.0,普通类,2_14_0
31,北京大学,2020,福建,2,本科批,考古学,,652.0,652.0,652.0,21.0,1.0,普通类,2_14_0
31,北京大学,2020,福建,2,本科批,国际政治,,652.0,652.0,652.0,21.0,1.0,普通类,2_14_0
31,北京大学,2020,福建,2,本科批,英语,,651.0,651.0,651.0,22.0,1.0,普通类,2_14_0
31,北京大学,2020,福建,2,本科批,中国语言文学类,,650.0,654.0,652.0,25.0,2.0,普通类,2_14_0
31,北京大学,2020,福建,2,本科批,社会学类,,650.0,650.0,650.0,25.0,1.0,普通类,2_14_0
31,北京大学,2020,福建,1,本科批,物理学类,,696.0,700.0,698.0,45.0,2.0,普通类,1_14_0
31,北京大学,2020,福建,1,本科批,理科试验班类,,696.0,700.0,698.0,45.0,4.0,普通类,1_14_0
31,北京大学,2020,福建,1,本科批,工商管理类,,695.0,707.0,700.0,45.0,4.0,普通类,1_14_0
31,北京大学,2020,福建,1,本科批,数学类,,695.0,697.0,696.0,45.0,2.0,普通类,1_14_0
31,北京大学,2020,福建,1,本科批,计算机类,,693.0,701.0,696.0,45.0,4.0,普通类,1_14_0
31,北京大学,2020,福建,1,本科批,法学,,692.0,692.0,692.0,45.0,1.0,普通类,1_14_0
31,北京大学,2020,福建,1,本科批,经济学类,,691.0,692.0,691.0,61.0,3.0,普通类,1_14_0
31,北京大学,2020,福建,1,本科批,电子信息类,,690.0,691.0,691.0,71.0,6.0,普通类,1_14_0
31,北京大学,2020,江西,2,本科提前批,阿拉伯语,,643.0,0.0,0.0,29.0,1.0,普通类,2_6_0
31,北京大学,2020,江西,2,本科提前批,德语,,642.0,0.0,0.0,35.0,1.0,普通类,2_6_0
31,北京大学,2020,江西,2,本科提前批,日语,,639.0,0.0,0.0,45.0,1.0,普通类,2_6_0
31,北京大学,2020,江西,2,本科一批,工商管理类,,656.0,0.0,0.0,1.0,2.0,普通类,2_7_0
31,北京大学,2020,江西,2,本科一批,法学,,654.0,0.0,0.0,1.0,2.0,普通类,2_7_0
31,北京大学,2020,江西,2,本科一批,文科试验班类,,651.0,0.0,0.0,10.0,1.0,普通类,2_7_0
31,北京大学,2020,江西,2,本科一批,经济学类,,651.0,0.0,0.0,10.0,1.0,普通类,2_7_0
31,北京大学,2020,江西,2,本科一批,新闻传播学类,,650.0,0.0,0.0,12.0,1.0,普通类,2_7_0
31,北京大学,2020,江西,2,本科一批,中国语言文学类,,647.0,0.0,0.0,16.0,1.0,普通类,2_7_0
31,北京大学,2020,江西,2,本科一批,英语,,646.0,0.0,0.0,18.0,1.0,普通类,2_7_0
31,北京大学,2020,江西,2,本科一批,公共管理类,,646.0,0.0,0.0,18.0,1.0,普通类,2_7_0
31,北京大学,2020,江西,2,本科一批,国际政治,,645.0,0.0,0.0,21.0,2.0,普通类,2_7_0
31,北京大学,2020,江西,2,本科一批,历史学类,,645.0,0.0,0.0,21.0,1.0,普通类,2_7_0
31,北京大学,2020,江西,2,本科一批,哲学类,,645.0,0.0,0.0,21.0,2.0,普通类,2_7_0
31,北京大学,2020,江西,2,本科一批,社会学类,,644.0,0.0,0.0,24.0,1.0,普通类,2_7_0
31,北京大学,2020,江西,1,本科一批,工商管理类,,690.0,0.0,0.0,27.0,3.0,普通类,1_7_0
31,北京大学,2020,江西,1,本科一批,理科试验班类,,690.0,0.0,0.0,27.0,4.0,普通类,1_7_0
31,北京大学,2020,江西,1,本科一批,物理学类,,689.0,0.0,0.0,34.0,1.0,普通类,1_7_0
31,北京大学,2020,江西,1,本科一批,数学类,,688.0,0.0,0.0,37.0,2.0,普通类,1_7_0
31,北京大学,2020,江西,1,本科一批,计算机类,,687.0,0.0,0.0,40.0,4.0,普通类,1_7_0
31,北京大学,2020,江西,1,本科一批,地质学类,,687.0,0.0,0.0,40.0,1.0,普通类,1_7_0
31,北京大学,2020,江西,1,本科一批,城乡规划,,686.0,0.0,0.0,48.0,1.0,普通类,1_7_0
31,北京大学,2020,江西,1,本科一批,经济学类,,686.0,0.0,0.0,48.0,3.0,普通类,1_7_0
31,北京大学,2020,山东,3,普通类一段,工商管理类,,697.0,0.0,0.0,45.0,4.0,普通类,3_1570_0
31,北京大学,2020,山东,3,普通类一段,理科试验班类,,695.0,0.0,0.0,67.0,10.0,普通类,3_1570_0
31,北京大学,2020,山东,3,普通类一段,数学类,,693.0,0.0,0.0,80.0,4.0,普通类,3_1570_0
31,北京大学,2020,山东,3,普通类一段,电子信息类,,693.0,0.0,0.0,97.0,5.0,普通类,3_1570_0
31,北京大学,2020,山东,3,普通类一段,物理学类,,693.0,0.0,0.0,95.0,4.0,普通类,3_1570_0
31,北京大学,2020,山东,3,普通类一段,计算机类,,693.0,0.0,0.0,90.0,10.0,普通类,3_1570_0
31,北京大学,2020,山东,3,普通类一段,历史学类,,692.0,0.0,0.0,119.0,1.0,普通类,3_1570_0
31,北京大学,2020,山东,3,普通类一段,经济学类,,692.0,0.0,0.0,105.0,7.0,普通类,3_1570_0
31,北京大学,2020,山东,3,普通类一段,心理学类,,692.0,0.0,0.0,118.0,2.0,普通类,3_1570_0
31,北京大学,2020,山东,3,普通类一段,地球物理学类,,692.0,0.0,0.0,109.0,1.0,普通类,3_1570_0
31,北京大学,2020,山东,3,普通类一段,法学,,691.0,0.0,0.0,139.0,4.0,普通类,3_1570_0
31,北京大学,2020,山东,3,普通类一段,天文学,,691.0,0.0,0.0,125.0,2.0,普通类,3_1570_0
31,北京大学,2020,山东,3,普通类一段,生物科学类,,691.0,0.0,0.0,133.0,2.0,普通类,3_1570_0
31,北京大学,2020,山东,3,普通类一段,工科试验班类,,691.0,0.0,0.0,129.0,2.0,普通类,3_1570_0
31,北京大学,2020,山东,3,普通类一段,化学类,,690.0,0.0,0.0,158.0,2.0,普通类,3_1570_0
31,北京大学,2020,山东,3,普通类一段,环境科学与工程类,,690.0,0.0,0.0,166.0,2.0,普通类,3_1570_0
31,北京大学,2020,山东,3,普通类一段,环境科学,,690.0,0.0,0.0,145.0,2.0,普通类,3_1570_0
31,北京大学,2020,山东,3,普通类一段,城乡规划,,688.0,0.0,0.0,188.0,1.0,普通类,3_1570_0
31,北京大学,2020,山东,3,普通类一段,信息管理与信息系统,,688.0,0.0,0.0,189.0,1.0,普通类,3_1570_0
31,北京大学,2020,山东,3,普通类一段,中国语言文学类,,688.0,0.0,0.0,194.0,2.0,普通类,3_1570_0
31,北京大学,2020,山东,3,普通类一段,哲学类,,688.0,0.0,0.0,198.0,1.0,普通类,3_1570_0
31,北京大学,2020,山东,3,普通类一段,社会学类,,687.0,0.0,0.0,206.0,1.0,普通类,3_1570_0
31,北京大学,2020,山东,3,普通类一段,公共管理类,,687.0,0.0,0.0,222.0,1.0,普通类,3_1570_0
31,北京大学,2020,山东,3,普通类一段,新闻传播学类,,687.0,0.0,0.0,225.0,1.0,普通类,3_1570_0
31,北京大学,2020,山东,3,普通类一段,国际政治,,687.0,0.0,0.0,219.0,2.0,普通类,3_1570_0
31,北京大学,2020,河南,2,本科一批,人文科学试验班,,679.0,0.0,0.0,3.0,1.0,普通类,2_7_0
31,北京大学,2020,河南,2,本科一批,工商管理类,,674.0,0.0,0.0,8.0,2.0,普通类,2_7_0
31,北京大学,2020,河南,2,本科一批,文科试验班类,,671.0,0.0,0.0,11.0,3.0,普通类,2_7_0
31,北京大学,2020,河南,2,本科一批,经济学类,,670.0,0.0,0.0,13.0,2.0,普通类,2_7_0
31,北京大学,2020,河南,2,本科一批,城乡规划,,667.0,0.0,0.0,23.0,1.0,普通类,2_7_0
31,北京大学,2020,河南,2,本科一批,法学,,666.0,0.0,0.0,28.0,7.0,普通类,2_7_0
31,北京大学,2020,河南,2,本科一批,公共管理类,,666.0,0.0,0.0,28.0,3.0,普通类,2_7_0
31,北京大学,2020,河南,2,本科一批,中国语言文学类,,665.0,0.0,0.0,33.0,2.0,普通类,2_7_0
31,北京大学,2020,河南,2,本科一批,新闻传播学类,,665.0,0.0,0.0,33.0,3.0,普通类,2_7_0
31,北京大学,2020,河南,2,本科一批,国际政治,,663.0,0.0,0.0,40.0,4.0,普通类,2_7_0
31,北京大学,2020,河南,2,本科一批,英语,,662.0,0.0,0.0,46.0,1.0,普通类,2_7_0
31,北京大学,2020,河南,2,本科一批,历史学类,,661.0,0.0,0.0,54.0,1.0,普通类,2_7_0
31,北京大学,2020,河南,2,本科一批,考古学,,661.0,0.0,0.0,54.0,1.0,普通类,2_7_0
31,北京大学,2020,河南,2,本科一批,信息管理与信息系统,,661.0,0.0,0.0,54.0,1.0,普通类,2_7_0
31,北京大学,2020,河南,1,本科一批,工商管理类,,709.0,0.0,0.0,37.0,2.0,普通类,1_7_0
31,北京大学,2020,河南,1,本科一批,理科试验班类,,708.0,0.0,0.0,45.0,6.0,普通类,1_7_0
31,北京大学,2020,河南,1,本科一批,数学类,,706.0,0.0,0.0,65.0,4.0,普通类,1_7_0
31,北京大学,2020,河南,1,本科一批,法学,,705.0,0.0,0.0,79.0,2.0,普通类,1_7_0
31,北京大学,2020,河南,1,本科一批,计算机类,,705.0,0.0,0.0,79.0,4.0,普通类,1_7_0
31,北京大学,2020,河南,1,本科一批,物理学类,,704.0,0.0,0.0,87.0,4.0,普通类,1_7_0
31,北京大学,2020,河南,1,本科一批,化学类,,704.0,0.0,0.0,87.0,1.0,普通类,1_7_0
31,北京大学,2020,河南,1,本科一批,工科试验班类,,703.0,0.0,0.0,107.0,2.0,普通类,1_7_0
31,北京大学,2020,河南,1,本科一批,经济学类,,703.0,0.0,0.0,107.0,2.0,普通类,1_7_0
31,北京大学,2020,河南,1,本科一批,电子信息类,,703.0,0.0,0.0,107.0,2.0,普通类,1_7_0
31,北京大学,2020,湖北,2,本科一批,工商管理类,,670.0,0.0,670.0,1.0,1.0,普通类,2_7_0
31,北京大学,2020,湖北,2,本科一批,文科试验班类,,650.0,0.0,656.0,1.0,7.0,普通类,2_7_0
31,北京大学,2020,湖北,2,本科一批,经济学类,,645.0,0.0,647.0,28.0,9.0,普通类,2_7_0
31,北京大学,2020,湖北,2,本科一批,社会学类,,645.0,0.0,647.0,28.0,2.0,普通类,2_7_0
31,北京大学,2020,湖北,2,本科一批,中国语言文学类,,645.0,0.0,645.0,28.0,1.0,普通类,2_7_0
31,北京大学,2020,湖北,2,本科一批,公共管理类,,645.0,0.0,645.0,28.0,1.0,普通类,2_7_0
31,北京大学,2020,湖北,2,本科一批,法学,,644.0,0.0,645.0,32.0,4.0,普通类,2_7_0
31,北京大学,2020,湖北,2,本科一批,国际政治,,644.0,0.0,645.0,32.0,2.0,普通类,2_7_0
31,北京大学,2020,湖北,1,本科一批,化学类,,697.0,0.0,697.0,1.0,1.0,普通类,1_7_0
31,北京大学,2020,湖北,1,本科一批,理科试验班类,,691.0,0.0,703.0,58.0,4.0,普通类,1_7_0
31,北京大学,2020,湖北,1,本科一批,工商管理类,,690.0,0.0,696.0,67.0,10.0,普通类,1_7_0
31,北京大学,2020,湖北,1,本科一批,心理学类,,690.0,0.0,690.0,67.0,1.0,普通类,1_7_0
31,北京大学,2020,湖北,1,本科一批,物理学类,,688.0,0.0,694.0,81.0,5.0,普通类,1_7_0
31,北京大学,2020,湖北,1,本科一批,计算机类,,687.0,0.0,693.0,98.0,7.0,普通类,1_7_0
31,北京大学,2020,湖北,1,本科一批,数学类,,687.0,0.0,692.0,98.0,7.0,普通类,1_7_0
31,北京大学,2020,湖北,1,本科一批,电子信息类,,687.0,0.0,689.0,98.0,3.0,普通类,1_7_0
31,北京大学,2020,湖北,1,本科一批,法学,,687.0,0.0,687.0,98.0,1.0,普通类,1_7_0
31,北京大学,2020,湖北,1,本科一批,天文学,,687.0,0.0,687.0,98.0,1.0,普通类,1_7_0
31,北京大学,2020,湖北,1,本科一批,经济学类,,687.0,0.0,687.0,98.0,4.0,普通类,1_7_0
31,北京大学,2020,湖南,1,本科一批,工商管理类,,699.0,0.0,0.0,,,普通类,1_7_0
31,北京大学,2020,湖南,1,本科一批,心理学类,,694.0,0.0,0.0,,,普通类,1_7_0
31,北京大学,2020,湖南,1,本科一批,物理学类,,693.0,0.0,0.0,,,普通类,1_7_0
31,北京大学,2020,湖南,1,本科一批,公共管理类,,692.0,0.0,0.0,,,普通类,1_7_0
31,北京大学,2020,湖南,1,本科一批,化学类,,692.0,0.0,0.0,,,普通类,1_7_0
31,北京大学,2020,湖南,1,本科一批,理科试验班类,,692.0,0.0,0.0,,,普通类,1_7_0
31,北京大学,2020,湖南,1,本科一批,电子信息类,,691.0,0.0,0.0,,,普通类,1_7_0
31,北京大学,2020,湖南,1,本科一批,经济学类,,691.0,0.0,0.0,,,普通类,1_7_0
31,北京大学,2020,湖南,1,本科一批,环境科学,,690.0,0.0,0.0,,,普通类,1_7_0
31,北京大学,2020,湖南,1,本科一批,考古学,,689.0,0.0,0.0,,,普通类,1_7_0
31,北京大学,2020,湖南,1,本科一批,数学类,,689.0,0.0,0.0,,,普通类,1_7_0
31,北京大学,2020,湖南,1,本科一批,地球物理学类,,689.0,0.0,0.0,,,普通类,1_7_0
31,北京大学,2020,湖南,1,本科一批,生物科学类,,689.0,0.0,0.0,,,普通类,1_7_0
31,北京大学,2020,湖南,1,本科一批,法学,,688.0,0.0,0.0,,,普通类,1_7_0
31,北京大学,2020,湖南,1,本科一批,天文学,,688.0,0.0,0.0,,,普通类,1_7_0
31,北京大学,2020,湖南,1,本科一批,城乡规划,,688.0,0.0,0.0,,,普通类,1_7_0
31,北京大学,2020,湖南,1,本科一批,信息管理与信息系统,,688.0,0.0,0.0,,,普通类,1_7_0
31,北京大学,2020,湖南,1,本科一批,国际政治,,688.0,0.0,0.0,,,普通类,1_7_0
31,北京大学,2020,湖南,1,本科一批,哲学类,,688.0,0.0,0.0,,,普通类,1_7_0
31,北京大学,2020,湖南,1,本科一批,人文科学试验班,,688.0,0.0,0.0,,,普通类,1_7_0
31,北京大学,2020,湖南,1,本科一批,新闻传播学类,,688.0,0.0,0.0,,,普通类,1_7_0
31,北京大学,2020,湖南,1,本科一批,中国语言文学类,,688.0,0.0,0.0,,,普通类,1_7_0
31,北京大学,2020,湖南,1,本科一批,工科试验班类,,688.0,0.0,0.0,,,普通类,1_7_0
31,北京大学,2020,湖南,1,本科一批,环境科学与工程类,,688.0,0.0,0.0,,,普通类,1_7_0
31,北京大学,2020,湖南,1,本科一批,地质学类,,688.0,0.0,0.0,,,普通类,1_7_0
31,北京大学,2020,湖南,1,本科一批,计算机类,,688.0,0.0,0.0,,,普通类,1_7_0
31,北京大学,2020,湖南,2,本科一批,工商管理类,,673.0,0.0,0.0,,,普通类,2_7_0
31,北京大学,2020,湖南,2,本科一批,国际政治,,666.0,0.0,0.0,,,普通类,2_7_0
31,北京大学,2020,湖南,2,本科一批,社会学类,,666.0,0.0,0.0,,,普通类,2_7_0
31,北京大学,2020,湖南,2,本科一批,经济学类,,666.0,0.0,0.0,,,普通类,2_7_0
31,北京大学,2020,湖南,2,本科一批,英语,,665.0,0.0,0.0,,,普通类,2_7_0
31,北京大学,2020,湖南,2,本科一批,中国语言文学类,,665.0,0.0,0.0,,,普通类,2_7_0
31,北京大学,2020,湖南,2,本科一批,人文科学试验班,,664.0,0.0,0.0,,,普通类,2_7_0
31,北京大学,2020,湖南,2,本科一批,新闻传播学类,,664.0,0.0,0.0,,,普通类,2_7_0
31,北京大学,2020,湖南,2,本科一批,文科试验班类,,664.0,0.0,0.0,,,普通类,2_7_0
31,北京大学,2020,湖南,2,本科一批,法学,,663.0,0.0,0.0,,,普通类,2_7_0
31,北京大学,2020,湖南,2,本科一批,考古学,,663.0,0.0,0.0,,,普通类,2_7_0
31,北京大学,2020,湖南,2,本科一批,城乡规划,,663.0,0.0,0.0,,,普通类,2_7_0
31,北京大学,2020,湖南,2,本科一批,信息管理与信息系统,,663.0,0.0,0.0,,,普通类,2_7_0
31,北京大学,2020,湖南,2,本科一批,公共管理类,,663.0,0.0,0.0,,,普通类,2_7_0
31,北京大学,2020,湖南,2,本科一批,哲学类,,663.0,0.0,0.0,,,普通类,2_7_0
31,北京大学,2020,湖南,2,本科一批,历史学类,,663.0,0.0,0.0,,,普通类,2_7_0
31,北京大学,2020,广东,2,本科批,中国语言文学类,,653.0,0.0,656.0,6.0,2.0,普通类,2_14_0
31,北京大学,2020,广东,2,本科批,工商管理类,,653.0,0.0,653.0,5.0,1.0,普通类,2_14_0
31,北京大学,2020,广东,2,本科批,考古学,,651.0,0.0,651.0,7.0,1.0,普通类,2_14_0
31,北京大学,2020,广东,2,本科批,历史学类,,650.0,0.0,650.0,9.0,1.0,普通类,2_14_0
31,北京大学,2020,广东,2,本科批,法学,,649.0,0.0,650.0,14.0,2.0,普通类,2_14_0
31,北京大学,2020,广东,2,本科批,文科试验班类,,649.0,0.0,649.0,13.0,1.0,普通类,2_14_0
31,北京大学,2020,广东,2,本科批,新闻传播学类,,649.0,0.0,649.0,16.0,1.0,普通类,2_14_0
31,北京大学,2020,广东,2,本科批,经济学类,,648.0,0.0,649.0,18.0,2.0,普通类,2_14_0
31,北京大学,2020,广东,2,本科批,公共管理类,,648.0,0.0,648.0,20.0,2.0,普通类,2_14_0
31,北京大学,2020,广东,2,本科批,国际政治,,647.0,0.0,648.0,21.0,2.0,普通类,2_14_0
31,北京大学,2020,广东,2,本科批,社会学类,,646.0,0.0,646.0,26.0,2.0,普通类,2_14_0
31,北京大学,2020,广东,2,本科批,城乡规划,,645.0,0.0,647.0,27.0,4.0,普通类,2_14_0
31,北京大学,2020,广东,2,本科批,信息管理与信息系统,,645.0,0.0,646.0,28.0,2.0,普通类,2_14_0
31,北京大学,2020,广东,2,本科批,英语,,645.0,0.0,645.0,30.0,1.0,普通类,2_14_0
31,北京大学,2020,广东,2,本科提前批,法语,,645.0,0.0,645.0,32.0,1.0,普通类,2_6_0
31,北京大学,2020,广东,2,本科提前批,西班牙语,,645.0,0.0,645.0,32.0,1.0,普通类,2_6_0
31,北京大学,2020,广东,2,本科提前批,俄语,,644.0,0.0,644.0,41.0,1.0,普通类,2_6_0
31,北京大学,2020,广东,2,本科提前批,阿拉伯语,,644.0,0.0,644.0,41.0,1.0,普通类,2_6_0
31,北京大学,2020,广东,2,本科提前批,朝鲜语,,643.0,0.0,643.0,49.0,1.0,普通类,2_6_0
31,北京大学,2020,广东,2,本科提前批,乌尔都语,,643.0,0.0,643.0,49.0,1.0,普通类,2_6_0
31,北京大学,2020,广东,2,本科提前批,菲律宾语,,642.0,0.0,642.0,56.0,1.0,普通类,2_6_0
31,北京大学,2020,广东,2,本科提前批,波斯语,,642.0,0.0,642.0,56.0,1.0,普通类,2_6_0
31,北京大学,2020,广东,1,本科批,数学类,,703.0,0.0,708.0,17.0,3.0,普通类,1_14_0
31,北京大学,2020,广东,1,本科批,理科试验班类,,698.0,0.0,704.0,39.0,4.0,普通类,1_14_0
31,北京大学,2020,广东,1,本科批,工商管理类,,698.0,0.0,699.0,42.0,2.0,普通类,1_14_0
31,北京大学,2020,广东,1,本科批,化学类,,697.0,0.0,697.0,54.0,1.0,普通类,1_14_0
31,北京大学,2020,广东,1,本科批,电子信息类,,697.0,0.0,697.0,52.0,1.0,普通类,1_14_0
31,北京大学,2020,广东,1,本科批,法学,,695.0,0.0,695.0,71.0,1.0,普通类,1_14_0
31,北京大学,2020,广东,1,本科批,物理学类,,694.0,0.0,695.0,78.0,3.0,普通类,1_14_0
31,北京大学,2020,广东,1,本科批,计算机类,,694.0,0.0,695.0,79.0,5.0,普通类,1_14_0
31,北京大学,2020,广东,1,本科批,城乡规划,,693.0,0.0,693.0,85.0,1.0,普通类,1_14_0
31,北京大学,2020,广东,1,本科批,心理学类,,693.0,0.0,693.0,84.0,1.0,普通类,1_14_0
31,北京大学,2020,广东,1,本科批,地球物理学类,,693.0,0.0,693.0,86.0,1.0,普通类,1_14_0
31,北京大学,2020,广东,1,本科批,工科试验班类,,693.0,0.0,693.0,82.0,1.0,普通类,1_14_0
31,北京大学,2020,广东,1,本科提前批,法语,,692.0,0.0,692.0,112.0,1.0,普通类,1_6_0
31,北京大学,2020,广东,1,本科提前批,德语,,691.0,0.0,691.0,131.0,1.0,普通类,1_6_0
31,北京大学,2020,广东,1,本科提前批,葡萄牙语,,690.0,0.0,690.0,152.0,1.0,普通类,1_6_0
31,北京大学,2020,广东,1,本科提前批,阿拉伯语,,684.0,0.0,684.0,312.0,1.0,普通类,1_6_0
31,北京大学,2020,广西,2,本科一批,中国语言文学类,,675.0,0.0,0.0,1.0,1.0,普通类,2_7_0
31,北京大学,2020,广西,2,本科一批,工商管理类,,668.0,0.0,0.0,1.0,1.0,普通类,2_7_0
31,北京大学,2020,广西,2,本科一批,经济学类,,661.0,0.0,0.0,1.0,1.0,普通类,2_7_0
31,北京大学,2020,广西,2,本科一批,文科试验班类,,659.0,0.0,0.0,1.0,1.0,普通类,2_7_0
31,北京大学,2020,广西,2,本科一批,新闻传播学类,,659.0,0.0,0.0,1.0,1.0,普通类,2_7_0
31,北京大学,2020,广西,2,本科一批,国际政治,,659.0,0.0,0.0,1.0,1.0,普通类,2_7_0
31,北京大学,2020,广西,2,本科一批,法学,,658.0,0.0,0.0,12.0,1.0,普通类,2_7_0
31,北京大学,2020,广西,2,本科一批,考古学,,658.0,0.0,0.0,12.0,1.0,普通类,2_7_0
31,北京大学,2020,广西,2,本科一批,社会学类,,657.0,0.0,0.0,13.0,1.0,普通类,2_7_0
31,北京大学,2020,广西,2,本科一批,信息管理与信息系统,,656.0,0.0,0.0,14.0,1.0,普通类,2_7_0
31,北京大学,2020,广西,2,本科一批,人文科学试验班,,655.0,0.0,0.0,16.0,1.0,普通类,2_7_0
31,北京大学,2020,广西,2,本科一批,哲学类,,654.0,0.0,0.0,18.0,1.0,普通类,2_7_0
31,北京大学,2020,广西,2,本科一批,英语,,654.0,0.0,0.0,18.0,1.0,普通类,2_7_0
31,北京大学,2020,广西,2,本科一批,城乡规划,,652.0,0.0,0.0,23.0,1.0,普通类,2_7_0
31,北京大学,2020,广西,2,本科一批,公共管理类,,652.0,0.0,0.0,23.0,2.0,普通类,2_7_0
31,北京大学,2020,广西,2,本科一批,历史学类,,652.0,0.0,0.0,23.0,1.0,普通类,2_7_0
31,北京大学,2020,广西,1,本科一批,城乡规划,,704.0,0.0,0.0,1.0,1.0,普通类,1_7_0
31,北京大学,2020,广西,1,本科一批,理科试验班类,,698.0,0.0,0.0,26.0,2.0,普通类,1_7_0
31,北京大学,2020,广西,1,本科一批,工商管理类,,696.0,0.0,0.0,34.0,3.0,普通类,1_7_0
31,北京大学,2020,广西,1,本科一批,经济学类,,696.0,0.0,0.0,34.0,1.0,普通类,1_7_0
31,北京大学,2020,广西,1,本科一批,数学类,,695.0,0.0,0.0,38.0,2.0,普通类,1_7_0
31,北京大学,2020,广西,1,本科一批,计算机类,,693.0,0.0,0.0,43.0,5.0,普通类,1_7_0
31,北京大学,2020,海南,3,本科批,工商管理类,（08）,871.0,0.0,0.0,7.0,2.0,普通类,3_14_1560
31,北京大学,2020,海南,3,本科批,文科试验班类,（08）,846.0,0.0,0.0,17.0,2.0,普通类,3_14_1560
31,北京大学,2020,海南,3,本科批,工商管理类,（08）,871.0,0.0,0.0,7.0,2.0,普通类,3_14_0
31,北京大学,2020,海南,3,本科批,化学类,（A）,851.0,0.0,0.0,14.0,1.0,普通类,3_14_0
31,北京大学,2020,海南,3,本科批,心理学类,（09）,849.0,0.0,0.0,15.0,1.0,普通类,3_14_0
31,北京大学,2020,海南,3,本科批,文科试验班类,（08）,846.0,0.0,0.0,17.0,2.0,普通类,3_14_0
31,北京大学,2020,海南,3,本科批,物理学类,（09）,837.0,0.0,0.0,23.0,1.0,普通类,3_14_0
31,北京大学,2020,海南,3,本科批,环境科学与工程类,（A）,832.0,0.0,0.0,27.0,3.0,普通类,3_14_0
31,北京大学,2020,海南,3,本科批,计算机类,（09）,831.0,0.0,0.0,29.0,4.0,普通类,3_14_0
31,北京大学,2020,海南,3,本科批,心理学类,（09）,849.0,0.0,0.0,15.0,1.0,普通类,3_14_1561
31,北京大学,2020,海南,3,本科批,物理学类,（09）,837.0,0.0,0.0,23.0,1.0,普通类,3_14_1561
31,北京大学,2020,海南,3,本科批,计算机类,（09）,831.0,0.0,0.0,29.0,4.0,普通类,3_14_1561
31,北京大学,2020,海南,3,本科批,化学类,（A）,851.0,0.0,0.0,14.0,1.0,普通类,3_14_1562
31,北京大学,2020,海南,3,本科批,环境科学与工程类,（A）,832.0,0.0,0.0,27.0,3.0,普通类,3_14_1562
31,北京大学,2020,重庆,2,本科提前批,德语,,663.0,0.0,663.0,24.0,1.0,普通类,2_6_0
31,北京大学,2020,重庆,2,本科提前批,葡萄牙语,,663.0,0.0,663.0,24.0,1.0,普通类,2_6_0
31,北京大学,2020,重庆,2,本科提前批,俄语,,659.0,0.0,659.0,29.0,1.0,普通类,2_6_0
31,北京大学,2020,重庆,2,本科一批,经济学类,,674.0,0.0,674.0,5.0,1.0,普通类,2_7_0
31,北京大学,2020,重庆,2,本科一批,文科试验班类,,668.0,0.0,678.0,9.0,6.0,普通类,2_7_0
31,北京大学,2020,重庆,2,本科一批,工商管理类,,667.0,0.0,667.0,10.0,1.0,普通类,2_7_0
31,北京大学,2020,重庆,2,本科一批,国际政治,,666.0,0.0,670.0,15.0,2.0,普通类,2_7_0
31,北京大学,2020,重庆,2,本科一批,法学,,666.0,0.0,666.0,15.0,2.0,普通类,2_7_0
31,北京大学,2020,重庆,2,本科一批,社会学类,,666.0,0.0,666.0,15.0,1.0,普通类,2_7_0
31,北京大学,2020,重庆,2,本科一批,中国语言文学类,,664.0,0.0,664.0,20.0,1.0,普通类,2_7_0
31,北京大学,2020,重庆,2,本科一批,哲学类,,664.0,0.0,664.0,20.0,1.0,普通类,2_7_0
31,北京大学,2020,重庆,2,本科一批,公共管理类,,664.0,0.0,664.0,20.0,1.0,普通类,2_7_0
31,北京大学,2020,重庆,1,本科一批,工商管理类,,708.0,0.0,708.0,17.0,1.0,普通类,1_7_0
31,北京大学,2020,重庆,1,本科一批,理科试验班类,,706.0,0.0,716.0,24.0,2.0,普通类,1_7_0
31,北京大学,2020,重庆,1,本科一批,数学类,,704.0,0.0,708.0,28.0,5.0,普通类,1_7_0
31,北京大学,2020,重庆,1,本科一批,电子信息类,,703.0,0.0,705.0,36.0,2.0,普通类,1_7_0
31,北京大学,2020,重庆,1,本科一批,经济学类,,703.0,0.0,703.0,36.0,1.0,普通类,1_7_0
31,北京大学,2020,重庆,1,本科一批,计算机类,,703.0,0.0,703.0,36.0,3.0,普通类,1_7_0
31,北京大学,2020,四川,2,本科一批,工商管理类,,676.0,676.0,676.0,1.0,1.0,普通类,2_7_0
31,北京大学,2020,四川,2,本科一批,哲学类,,662.0,662.0,662.0,1.0,1.0,普通类,2_7_0
31,北京大学,2020,四川,2,本科一批,文科试验班类,,659.0,659.0,659.0,1.0,1.0,普通类,2_7_0
31,北京大学,2020,四川,2,本科一批,公共管理类,,655.0,656.0,656.0,1.0,2.0,普通类,2_7_0
31,北京大学,2020,四川,2,本科一批,城乡规划,,653.0,653.0,653.0,1.0,1.0,普通类,2_7_0
31,北京大学,2020,四川,2,本科一批,经济学类,,651.0,652.0,652.0,1.0,2.0,普通类,2_7_0
31,北京大学,2020,四川,2,本科一批,法学,,650.0,653.0,652.0,1.0,3.0,普通类,2_7_0
31,北京大学,2020,四川,2,本科一批,社会学类,,649.0,651.0,650.0,1.0,2.0,普通类,2_7_0
31,北京大学,2020,四川,2,本科一批,国际政治,,647.0,650.0,649.0,1.0,4.0,普通类,2_7_0
31,北京大学,2020,四川,2,本科一批,信息管理与信息系统,,647.0,647.0,647.0,1.0,1.0,普通类,2_7_0
31,北京大学,2020,四川,2,本科一批,中国语言文学类,,647.0,647.0,647.0,1.0,2.0,普通类,2_7_0
31,北京大学,2020,四川,2,本科一批,新闻传播学类,,646.0,648.0,647.0,29.0,2.0,普通类,2_7_0
31,北京大学,2020,四川,2,本科一批,历史学类,,646.0,648.0,647.0,29.0,3.0,普通类,2_7_0
31,北京大学,2020,四川,2,本科一批,考古学,,646.0,646.0,646.0,29.0,2.0,普通类,2_7_0
31,北京大学,2020,四川,1,本科一批,工商管理类,,702.0,711.0,705.0,1.0,5.0,普通类,1_7_0
31,北京大学,2020,四川,1,本科一批,数学类,,699.0,703.0,701.0,1.0,3.0,普通类,1_7_0
31,北京大学,2020,四川,1,本科一批,中国语言文学类,,699.0,699.0,699.0,1.0,1.0,普通类,1_7_0
31,北京大学,2020,四川,1,本科一批,物理学类,,698.0,710.0,702.0,1.0,5.0,普通类,1_7_0
31,北京大学,2020,四川,1,本科一批,工科试验班类,,698.0,698.0,698.0,1.0,1.0,普通类,1_7_0
31,北京大学,2020,四川,1,本科一批,经济学类,,697.0,698.0,698.0,53.0,3.0,普通类,1_7_0
31,北京大学,2020,四川,1,本科一批,计算机类,,697.0,698.0,698.0,53.0,2.0,普通类,1_7_0
31,北京大学,2020,四川,1,本科一批,化学类,,696.0,697.0,697.0,61.0,2.0,普通类,1_7_0
31,北京大学,2020,四川,1,本科一批,生物科学类,,696.0,696.0,696.0,61.0,1.0,普通类,1_7_0
31,北京大学,2020,四川,1,本科一批,电子信息类,,695.0,696.0,695.0,71.0,3.0,普通类,1_7_0
31,北京大学,2020,贵州,2,本科一批,文科试验班类,,692.0,692.0,0.0,2.0,1.0,普通类,2_7_0
31,北京大学,2020,贵州,2,本科一批,工商管理类,,690.0,690.0,0.0,3.0,1.0,普通类,2_7_0
31,北京大学,2020,贵州,2,本科一批,城乡规划,,683.0,683.0,0.0,9.0,1.0,普通类,2_7_0
31,北京大学,2020,贵州,2,本科一批,经济学类,,680.0,687.0,0.0,11.0,3.0,普通类,2_7_0
31,北京大学,2020,贵州,2,本科一批,法学,,679.0,679.0,0.0,13.0,1.0,普通类,2_7_0
31,北京大学,2020,贵州,2,本科一批,社会学类,,679.0,679.0,0.0,12.0,1.0,普通类,2_7_0
31,北京大学,2020,贵州,2,本科一批,中国语言文学类,,677.0,678.0,0.0,17.0,2.0,普通类,2_7_0
31,北京大学,2020,贵州,2,本科一批,信息管理与信息系统,,676.0,676.0,0.0,19.0,1.0,普通类,2_7_0
31,北京大学,2020,贵州,2,本科一批,英语,,675.0,675.0,0.0,21.0,1.0,普通类,2_7_0
31,北京大学,2020,贵州,2,本科一批,新闻传播学类,,675.0,677.0,0.0,20.0,2.0,普通类,2_7_0
31,北京大学,2020,贵州,2,本科一批,人文科学试验班,,675.0,675.0,0.0,22.0,1.0,普通类,2_7_0
31,北京大学,2020,贵州,2,本科一批,历史学类,,674.0,674.0,0.0,25.0,1.0,普通类,2_7_0
31,北京大学,2020,贵州,2,本科一批,国际政治,,674.0,676.0,0.0,23.0,2.0,普通类,2_7_0
31,北京大学,2020,贵州,1,本科一批,工商管理类,,707.0,707.0,0.0,6.0,1.0,普通类,1_7_0
31,北京大学,2020,贵州,1,本科一批,理科试验班类,,705.0,712.0,0.0,10.0,2.0,普通类,1_7_0
31,北京大学,2020,贵州,1,本科一批,物理学类,,697.0,698.0,0.0,24.0,2.0,普通类,1_7_0
31,北京大学,2020,贵州,1,本科一批,电子信息类,,696.0,697.0,0.0,31.0,2.0,普通类,1_7_0
31,北京大学,2020,贵州,1,本科一批,经济学类,,695.0,695.0,0.0,35.0,1.0,普通类,1_7_0
31,北京大学,2020,贵州,1,本科一批,心理学类,,695.0,697.0,0.0,40.0,2.0,普通类,1_7_0
31,北京大学,2020,贵州,1,本科一批,计算机类,,694.0,706.0,0.0,44.0,6.0,普通类,1_7_0
31,北京大学,2020,云南,1,本科一批,理科试验班类,,723.0,0.0,0.0,1.0,,普通类,1_7_0
31,北京大学,2020,云南,1,本科一批,电子信息类,,718.0,0.0,0.0,1.0,,普通类,1_7_0
31,北京大学,2020,云南,1,本科一批,工商管理类,,718.0,0.0,0.0,1.0,,普通类,1_7_0
31,北京大学,2020,云南,1,本科一批,经济学类,,717.0,0.0,0.0,1.0,,普通类,1_7_0
31,北京大学,2020,云南,1,本科一批,化学类,,714.0,0.0,0.0,1.0,,普通类,1_7_0
31,北京大学,2020,云南,1,本科一批,生物科学类,,713.0,0.0,0.0,1.0,,普通类,1_7_0
31,北京大学,2020,云南,1,本科一批,心理学类,,713.0,0.0,0.0,1.0,,普通类,1_7_0
31,北京大学,2020,云南,1,本科一批,计算机类,,713.0,0.0,0.0,1.0,,普通类,1_7_0
31,北京大学,2020,云南,1,本科一批,数学类,,713.0,0.0,0.0,1.0,,普通类,1_7_0
31,北京大学,2020,云南,1,本科一批,物理学类,,713.0,0.0,0.0,1.0,,普通类,1_7_0
31,北京大学,2020,云南,2,本科一批,工商管理类,,696.0,0.0,0.0,2.0,,普通类,2_7_0
31,北京大学,2020,云南,2,本科一批,法学,,690.0,0.0,0.0,8.0,,普通类,2_7_0
31,北京大学,2020,云南,2,本科一批,文科试验班类,,690.0,0.0,0.0,8.0,,普通类,2_7_0
31,北京大学,2020,云南,2,本科一批,社会学类,,688.0,0.0,0.0,11.0,,普通类,2_7_0
31,北京大学,2020,云南,2,本科一批,新闻传播学类,,686.0,0.0,0.0,12.0,,普通类,2_7_0
31,北京大学,2020,云南,2,本科一批,经济学类,,686.0,0.0,0.0,12.0,,普通类,2_7_0
31,北京大学,2020,云南,2,本科一批,英语,,686.0,0.0,0.0,12.0,,普通类,2_7_0
31,北京大学,2020,云南,2,本科一批,公共管理类,,685.0,0.0,0.0,13.0,,普通类,2_7_0
31,北京大学,2020,云南,2,本科一批,城乡规划,,684.0,0.0,0.0,19.0,,普通类,2_7_0
31,北京大学,2020,云南,2,本科一批,中国语言文学类,,684.0,0.0,0.0,19.0,,普通类,2_7_0
31,北京大学,2020,云南,2,本科一批,国际政治,,684.0,0.0,0.0,19.0,,普通类,2_7_0
31,北京大学,2020,陕西,2,本科一批,工商管理类,,691.0,0.0,0.0,1.0,4.0,普通类,2_7_0
31,北京大学,2020,陕西,2,本科一批,文科试验班类,,688.0,0.0,0.0,1.0,1.0,普通类,2_7_0
31,北京大学,2020,陕西,2,本科一批,法学,,686.0,0.0,0.0,12.0,2.0,普通类,2_7_0
31,北京大学,2020,陕西,2,本科一批,经济学类,,686.0,0.0,0.0,12.0,2.0,普通类,2_7_0
31,北京大学,2020,陕西,2,本科一批,公共管理类,,686.0,0.0,0.0,12.0,2.0,普通类,2_7_0
31,北京大学,2020,陕西,2,本科一批,中国语言文学类,,685.0,0.0,0.0,14.0,1.0,普通类,2_7_0
31,北京大学,2020,陕西,2,本科一批,国际政治,,684.0,0.0,0.0,16.0,2.0,普通类,2_7_0
31,北京大学,2020,陕西,2,本科一批,新闻传播学类,,683.0,0.0,0.0,18.0,1.0,普通类,2_7_0
31,北京大学,2020,陕西,2,本科一批,历史学类,,682.0,0.0,0.0,21.0,2.0,普通类,2_7_0
31,北京大学,2020,陕西,2,本科一批,社会学类,,682.0,0.0,0.0,21.0,2.0,普通类,2_7_0
31,北京大学,2020,陕西,2,本科一批,城乡规划,,681.0,0.0,0.0,23.0,1.0,普通类,2_7_0
31,北京大学,2020,陕西,2,本科一批,信息管理与信息系统,,681.0,0.0,0.0,23.0,1.0,普通类,2_7_0
31,北京大学,2020,陕西,2,本科一批,考古学,,678.0,0.0,0.0,36.0,2.0,普通类,2_7_0
31,北京大学,2020,陕西,2,本科一批,哲学类,,678.0,0.0,0.0,36.0,1.0,普通类,2_7_0
31,北京大学,2020,陕西,2,本科一批,人文科学试验班,,678.0,0.0,0.0,36.0,2.0,普通类,2_7_0
31,北京大学,2020,陕西,1,本科一批,工商管理类,,712.0,0.0,0.0,1.0,2.0,普通类,1_7_0
31,北京大学,2020,陕西,1,本科一批,理科试验班类,,708.0,0.0,0.0,17.0,3.0,普通类,1_7_0
31,北京大学,2020,陕西,1,本科一批,数学类,,707.0,0.0,0.0,27.0,2.0,普通类,1_7_0
31,北京大学,2020,陕西,1,本科一批,经济学类,,707.0,0.0,0.0,27.0,2.0,普通类,1_7_0
31,北京大学,2020,陕西,1,本科一批,化学类,,706.0,0.0,0.0,32.0,1.0,普通类,1_7_0
31,北京大学,2020,陕西,1,本科一批,物理学类,,704.0,0.0,0.0,40.0,1.0,普通类,1_7_0
31,北京大学,2020,陕西,1,本科一批,法学,,703.0,0.0,0.0,47.0,1.0,普通类,1_7_0
31,北京大学,2020,陕西,1,本科一批,生物科学类,,703.0,0.0,0.0,47.0,1.0,普通类,1_7_0
31,北京大学,2020,陕西,1,本科一批,计算机类,,701.0,0.0,0.0,54.0,8.0,普通类,1_7_0
31,北京大学,2020,甘肃,2,本科一批,文科试验班类,,665.0,0.0,0.0,12.0,,普通类,2_7_0
31,北京大学,2020,甘肃,2,本科一批,工商管理类,,664.0,0.0,0.0,12.0,,普通类,2_7_0
31,北京大学,2020,甘肃,2,本科一批,城乡规划,,663.0,0.0,0.0,12.0,,普通类,2_7_0
31,北京大学,2020,甘肃,2,本科一批,国际政治,,663.0,0.0,0.0,12.0,,普通类,2_7_0
31,北京大学,2020,甘肃,2,本科一批,经济学类,,662.0,0.0,0.0,14.0,,普通类,2_7_0
31,北京大学,2020,甘肃,2,本科一批,法学,,661.0,0.0,0.0,14.0,,普通类,2_7_0
31,北京大学,2020,甘肃,2,本科一批,新闻传播学类,,661.0,0.0,0.0,14.0,,普通类,2_7_0
31,北京大学,2020,甘肃,2,本科一批,历史学类,,660.0,0.0,0.0,17.0,,普通类,2_7_0
31,北京大学,2020,甘肃,2,本科一批,中国语言文学类,,660.0,0.0,0.0,17.0,,普通类,2_7_0
31,北京大学,2020,甘肃,2,本科一批,公共管理类,,660.0,0.0,0.0,17.0,,普通类,2_7_0
31,北京大学,2020,甘肃,2,本科一批,英语,,660.0,0.0,0.0,17.0,,普通类,2_7_0
31,北京大学,2020,甘肃,1,本科一批,工科试验班类,,692.0,0.0,0.0,1.0,,普通类,1_7_0
31,北京大学,2020,甘肃,1,本科一批,心理学类,,689.0,0.0,0.0,1.0,,普通类,1_7_0
31,北京大学,2020,甘肃,1,本科一批,环境科学,,687.0,0.0,0.0,1.0,,普通类,1_7_0
31,北京大学,2020,甘肃,1,本科一批,工商管理类,,685.0,0.0,0.0,14.0,,普通类,1_7_0
31,北京大学,2020,甘肃,1,本科一批,化学类,,685.0,0.0,0.0,14.0,,普通类,1_7_0
31,北京大学,2020,甘肃,1,本科一批,数学类,,683.0,0.0,0.0,21.0,,普通类,1_7_0
31,北京大学,2020,甘肃,1,本科一批,生物科学类,,682.0,0.0,0.0,23.0,,普通类,1_7_0
31,北京大学,2020,甘肃,1,本科一批,物理学类,,681.0,0.0,0.0,28.0,,普通类,1_7_0
31,北京大学,2020,甘肃,1,本科一批,经济学类,,680.0,0.0,0.0,29.0,,普通类,1_7_0
31,北京大学,2020,甘肃,1,本科一批,计算机类,,679.0,0.0,0.0,34.0,,普通类,1_7_0
31,北京大学,2020,甘肃,1,本科一批,理科试验班类,,679.0,0.0,0.0,34.0,,普通类,1_7_0
31,北京大学,2020,青海,2,本科一批,经济学类,,639.0,0.0,0.0,1.0,,普通类,2_7_0
31,北京大学,2020,青海,2,本科一批,工商管理类,,639.0,0.0,0.0,1.0,,普通类,2_7_0
31,北京大学,2020,青海,2,本科一批,法学,,633.0,0.0,0.0,1.0,,普通类,2_7_0
31,北京大学,2020,青海,2,本科一批,公共管理类,,633.0,0.0,0.0,1.0,,普通类,2_7_0
31,北京大学,2020,青海,2,本科一批,国际政治,,629.0,0.0,0.0,1.0,,普通类,2_7_0
31,北京大学,2020,青海,2,本科一批,中国语言文学类,,629.0,0.0,0.0,1.0,,普通类,2_7_0
31,北京大学,2020,青海,2,本科一批,社会学类,,627.0,0.0,0.0,11.0,,普通类,2_7_0
31,北京大学,2020,青海,2,本科一批,英语,,627.0,0.0,0.0,11.0,,普通类,2_7_0
31,北京大学,2020,青海,1,本科一批,工商管理类,,669.0,0.0,0.0,1.0,,普通类,1_7_0
31,北京大学,2020,青海,1,本科一批,物理学类,,660.0,0.0,0.0,12.0,,普通类,1_7_0
31,北京大学,2020,青海,1,本科一批,经济学类,,649.0,0.0,0.0,20.0,,普通类,1_7_0
31,北京大学,2020,青海,1,本科一批,工科试验班类,,648.0,0.0,0.0,20.0,,普通类,1_7_0
31,北京大学,2020,青海,1,本科一批,理科试验班类,,647.0,0.0,0.0,20.0,,普通类,1_7_0
31,北京大学,2020,青海,1,本科一批,生物科学类,,647.0,0.0,0.0,20.0,,普通类,1_7_0
31,北京大学,2020,青海,1,本科一批,计算机类,,647.0,0.0,0.0,20.0,,普通类,1_7_0
31,北京大学,2020,青海,1,本科一批,环境科学,,647.0,0.0,0.0,20.0,,普通类,1_7_0
31,北京大学,2020,宁夏,2,本科一批,经济学类,,677.0,0.0,0.0,1.0,,普通类,2_7_0
31,北京大学,2020,宁夏,2,本科一批,工商管理类,,677.0,0.0,0.0,1.0,,普通类,2_7_0
31,北京大学,2020,宁夏,2,本科一批,法学,,669.0,0.0,0.0,1.0,,普通类,2_7_0
31,北京大学,2020,宁夏,2,本科一批,新闻传播学类,,668.0,0.0,0.0,1.0,,普通类,2_7_0
31,北京大学,2020,宁夏,2,本科一批,国际政治,,668.0,0.0,0.0,1.0,,普通类,2_7_0
31,北京大学,2020,宁夏,2,本科一批,文科试验班类,,667.0,0.0,0.0,1.0,,普通类,2_7_0
31,北京大学,2020,宁夏,2,本科一批,中国语言文学类,,666.0,0.0,0.0,1.0,,普通类,2_7_0
31,北京大学,2020,宁夏,2,本科一批,社会学类,,665.0,0.0,0.0,1.0,,普通类,2_7_0
31,北京大学,2020,宁夏,2,本科一批,公共管理类,,665.0,0.0,0.0,1.0,,普通类,2_7_0
31,北京大学,2020,宁夏,1,本科一批,工商管理类,,678.0,0.0,0.0,1.0,,普通类,1_7_0
31,北京大学,2020,宁夏,1,本科一批,生物科学类,,673.0,0.0,0.0,1.0,,普通类,1_7_0
31,北京大学,2020,宁夏,1,本科一批,物理学类,,672.0,0.0,0.0,1.0,,普通类,1_7_0
31,北京大学,2020,宁夏,1,本科一批,化学类,,671.0,0.0,0.0,1.0,,普通类,1_7_0
31,北京大学,2020,宁夏,1,本科一批,电子信息类,,668.0,0.0,0.0,1.0,,普通类,1_7_0
31,北京大学,2020,宁夏,1,本科一批,理科试验班类,,668.0,0.0,0.0,1.0,,普通类,1_7_0
31,北京大学,2020,宁夏,1,本科一批,数学类,,666.0,0.0,0.0,1.0,,普通类,1_7_0
31,北京大学,2020,宁夏,1,本科一批,计算机类,,666.0,0.0,0.0,1.0,,普通类,1_7_0
31,北京大学,2020,宁夏,1,本科一批,心理学类,,666.0,0.0,0.0,1.0,,普通类,1_7_0
31,北京大学,2020,新疆,2,本科一批,文科试验班类,,662.0,0.0,0.0,1.0,1.0,普通类,2_7_0
31,北京大学,2020,新疆,2,本科一批,中国语言文学类,,650.0,0.0,0.0,5.0,1.0,普通类,2_7_0
31,北京大学,2020,新疆,2,本科一批,工商管理类,,648.0,0.0,0.0,7.0,1.0,普通类,2_7_0
31,北京大学,2020,新疆,2,本科一批,经济学类,,641.0,0.0,0.0,11.0,4.0,普通类,2_7_0
31,北京大学,2020,新疆,2,本科一批,法学,,640.0,0.0,0.0,13.0,3.0,普通类,2_7_0
31,北京大学,2020,新疆,2,本科一批,社会学类,,639.0,0.0,0.0,14.0,1.0,普通类,2_7_0
31,北京大学,2020,新疆,2,本科一批,国际政治,,637.0,0.0,0.0,17.0,3.0,普通类,2_7_0
31,北京大学,2020,新疆,2,本科一批,公共管理类,,637.0,0.0,0.0,17.0,1.0,普通类,2_7_0
31,北京大学,2020,新疆,2,本科一批,信息管理与信息系统,,636.0,0.0,0.0,19.0,1.0,普通类,2_7_0
31,北京大学,2020,新疆,2,本科一批,新闻传播学类,,636.0,0.0,0.0,19.0,1.0,普通类,2_7_0
31,北京大学,2020,新疆,1,本科一批,物理学类,,689.0,0.0,0.0,16.0,1.0,普通类,1_7_0
31,北京大学,2020,新疆,1,本科一批,理科试验班类,,685.0,0.0,0.0,23.0,4.0,普通类,1_7_0
31,北京大学,2020,新疆,1,本科一批,数学类,,683.0,0.0,0.0,29.0,2.0,普通类,1_7_0
31,北京大学,2020,新疆,1,本科一批,计算机类,,682.0,0.0,0.0,32.0,3.0,普通类,1_7_0
31,北京大学,2020,新疆,1,本科一批,化学类,,680.0,0.0,0.0,38.0,1.0,普通类,1_7_0
31,北京大学,2020,新疆,1,本科一批,环境科学与工程类,,680.0,0.0,0.0,38.0,1.0,普通类,1_7_0
31,北京大学,2020,新疆,1,本科一批,电子信息类,,680.0,0.0,0.0,38.0,2.0,普通类,1_7_0
31,北京大学,2020,新疆,1,本科一批,经济学类,,680.0,0.0,0.0,38.0,3.0,普通类,1_7_0
31,北京大学,2021,北京,3,本科批,英语,（01）,687.0,0.0,0.0,210.0,1.0,普通类,3_14_17292
31,北京大学,2021,北京,3,本科批,哲学类,（01）,686.0,0.0,0.0,233.0,3.0,普通类,3_14_17292
31,北京大学,2021,北京,3,本科批,人文科学试验班,（01）,686.0,0.0,0.0,233.0,1.0,普通类,3_14_17292
31,北京大学,2021,北京,3,本科批,历史学类,（01）,685.0,0.0,0.0,248.0,3.0,普通类,3_14_17292
31,北京大学,2021,北京,3,本科批,法学,（01）,679.0,0.0,0.0,427.0,14.0,普通类,3_14_17292
31,北京大学,2021,北京,3,本科批,考古学,（01）,679.0,0.0,0.0,427.0,2.0,普通类,3_14_17292
31,北京大学,2021,北京,3,本科批,信息管理与信息系统,（01）,679.0,0.0,0.0,427.0,2.0,普通类,3_14_17292
31,北京大学,2021,北京,3,本科批,城乡规划,（01）,678.0,0.0,0.0,461.0,1.0,普通类,3_14_17292
31,北京大学,2021,北京,3,本科批,社会学类,（01）,678.0,0.0,0.0,461.0,1.0,普通类,3_14_17292
31,北京大学,2021,北京,3,本科批,经济学类,（01）,678.0,0.0,0.0,461.0,20.0,普通类,3_14_17292
31,北京大学,2021,北京,3,本科批,应用心理学,（01）,678.0,0.0,0.0,461.0,4.0,普通类,3_14_17292
31,北京大学,2021,北京,3,本科批,中国语言文学类,（01）,678.0,0.0,0.0,461.0,7.0,普通类,3_14_17292
31,北京大学,2021,北京,3,本科批,工科试验班类,（03）,695.0,0.0,0.0,100.0,1.0,普通类,3_14_0
31,北京大学,2021,北京,3,本科批,理科试验班类,（03）,688.0,0.0,0.0,187.0,30.0,普通类,3_14_0
31,北京大学,2021,北京,3,本科批,生物科学类,（04）,687.0,0.0,0.0,210.0,7.0,普通类,3_14_0
31,北京大学,2021,北京,3,本科批,英语,（01）,687.0,0.0,0.0,210.0,1.0,普通类,3_14_0
31,北京大学,2021,北京,3,本科批,哲学类,（01）,686.0,0.0,0.0,233.0,3.0,普通类,3_14_0
31,北京大学,2021,北京,3,本科批,人文科学试验班,（01）,686.0,0.0,0.0,233.0,1.0,普通类,3_14_0
31,北京大学,2021,北京,3,本科批,历史学类,（01）,685.0,0.0,0.0,248.0,3.0,普通类,3_14_0
31,北京大学,2021,北京,3,本科批,数学类,（03）,685.0,0.0,0.0,248.0,16.0,普通类,3_14_0
31,北京大学,2021,北京,3,本科批,工商管理类,（02）,685.0,0.0,0.0,248.0,24.0,普通类,3_14_0
31,北京大学,2021,北京,3,本科批,化学类,（04）,685.0,0.0,0.0,248.0,5.0,普通类,3_14_0
31,北京大学,2021,北京,3,本科批,计算机类,（03）,685.0,0.0,0.0,248.0,9.0,普通类,3_14_0
31,北京大学,2021,北京,3,本科批,文科试验班类,（02）,683.0,0.0,0.0,304.0,30.0,普通类,3_14_0
31,北京大学,2021,北京,3,本科批,物理学类,（03）,681.0,0.0,0.0,350.0,7.0,普通类,3_14_0
31,北京大学,2021,北京,3,本科批,法学,（01）,679.0,0.0,0.0,427.0,14.0,普通类,3_14_0
31,北京大学,2021,北京,3,本科批,考古学,（01）,679.0,0.0,0.0,427.0,2.0,普通类,3_14_0
31,北京大学,2021,北京,3,本科批,信息管理与信息系统,（01）,679.0,0.0,0.0,427.0,2.0,普通类,3_14_0
31,北京大学,2021,北京,3,本科批,环境科学,（04）,679.0,0.0,0.0,427.0,5.0,普通类,3_14_0
31,北京大学,2021,北京,3,本科批,环境科学与工程类,（04）,679.0,0.0,0.0,427.0,7.0,普通类,3_14_0
31,北京大学,2021,北京,3,本科批,城乡规划,（01）,678.0,0.0,0.0,461.0,1.0,普通类,3_14_0
31,北京大学,2021,北京,3,本科批,社会学类,（01）,678.0,0.0,0.0,461.0,1.0,普通类,3_14_0
31,北京大学,2021,北京,3,本科批,经济学类,（01）,678.0,0.0,0.0,461.0,20.0,普通类,3_14_0
31,北京大学,2021,北京,3,本科批,应用心理学,（01）,678.0,0.0,0.0,461.0,4.0,普通类,3_14_0
31,北京大学,2021,北京,3,本科批,中国语言文学类,（01）,678.0,0.0,0.0,461.0,7.0,普通类,3_14_0
31,北京大学,2021,北京,3,本科批,生物科学类,（04）,687.0,0.0,0.0,210.0,7.0,普通类,3_14_17295
31,北京大学,2021,北京,3,本科批,化学类,（04）,685.0,0.0,0.0,248.0,5.0,普通类,3_14_17295
31,北京大学,2021,北京,3,本科批,环境科学,（04）,679.0,0.0,0.0,427.0,5.0,普通类,3_14_17295
31,北京大学,2021,北京,3,本科批,环境科学与工程类,（04）,679.0,0.0,0.0,427.0,7.0,普通类,3_14_17295
31,北京大学,2021,北京,3,本科批,工商管理类,（02）,685.0,0.0,0.0,248.0,24.0,普通类,3_14_17293
31,北京大学,2021,北京,3,本科批,文科试验班类,（02）,683.0,0.0,0.0,304.0,30.0,普通类,3_14_17293
31,北京大学,2021,北京,3,本科批,工科试验班类,（03）,695.0,0.0,0.0,100.0,1.0,普通类,3_14_17294
31,北京大学,2021,北京,3,本科批,理科试验班类,（03）,688.0,0.0,0.0,187.0,30.0,普通类,3_14_17294
31,北京大学,2021,北京,3,本科批,数学类,（03）,685.0,0.0,0.0,248.0,16.0,普通类,3_14_17294
31,北京大学,2021,北京,3,本科批,计算机类,（03）,685.0,0.0,0.0,248.0,9.0,普通类,3_14_17294
31,北京大学,2021,北京,3,本科批,物理学类,（03）,681.0,0.0,0.0,350.0,7.0,普通类,3_14_17294
31,北京大学,2021,天津,3,本科批A段,中国语言文学类,（2）,718.0,0.0,0.0,1299.0,1.0,普通类,3_46_13085
31,北京大学,2021,天津,3,本科批A段,社会学类,（2）,717.0,0.0,0.0,1299.0,1.0,普通类,3_46_13085
31,北京大学,2021,天津,3,本科批A段,法学,（2）,716.0,0.0,0.0,1299.0,1.0,普通类,3_46_13085
31,北京大学,2021,天津,3,本科批A段,工商管理类,（2）,716.0,0.0,0.0,1299.0,5.0,普通类,3_46_13085
31,北京大学,2021,天津,3,本科批A段,文科试验班类,（2）,716.0,0.0,0.0,1299.0,1.0,普通类,3_46_13085
31,北京大学,2021,天津,3,本科批A段,信息管理与信息系统,（2）,715.0,0.0,0.0,1299.0,1.0,普通类,3_46_13085
31,北京大学,2021,天津,3,本科批A段,国际政治,（2）,715.0,0.0,0.0,1299.0,1.0,普通类,3_46_13085
31,北京大学,2021,天津,3,本科批A段,经济学类,（2）,712.0,0.0,0.0,1299.0,3.0,普通类,3_46_13085
31,北京大学,2021,天津,3,本科批A段,历史学类,（2）,711.0,0.0,0.0,1299.0,1.0,普通类,3_46_13085
31,北京大学,2021,天津,3,本科批A段,公共管理类,（2）,711.0,0.0,0.0,1299.0,1.0,普通类,3_46_13085
31,北京大学,2021,天津,3,本科批A段,物理学类,（3）,719.0,0.0,0.0,1299.0,1.0,普通类,3_46_0
31,北京大学,2021,天津,3,本科批A段,计算机类,（3）,719.0,0.0,0.0,1299.0,1.0,普通类,3_46_0
31,北京大学,2021,天津,3,本科批A段,中国语言文学类,（2）,718.0,0.0,0.0,1299.0,1.0,普通类,3_46_0
31,北京大学,2021,天津,3,本科批A段,数学类,（3）,718.0,0.0,0.0,1299.0,4.0,普通类,3_46_0
31,北京大学,2021,天津,3,本科批A段,社会学类,（2）,717.0,0.0,0.0,1299.0,1.0,普通类,3_46_0
31,北京大学,2021,天津,3,本科批A段,理科试验班类,（3）,717.0,0.0,0.0,1299.0,7.0,普通类,3_46_0
31,北京大学,2021,天津,3,本科批A段,法学,（2）,716.0,0.0,0.0,1299.0,1.0,普通类,3_46_0
31,北京大学,2021,天津,3,本科批A段,工商管理类,（2）,716.0,0.0,0.0,1299.0,5.0,普通类,3_46_0
31,北京大学,2021,天津,3,本科批A段,文科试验班类,（2）,716.0,0.0,0.0,1299.0,1.0,普通类,3_46_0
31,北京大学,2021,天津,3,本科批A段,化学类,（4）,716.0,0.0,0.0,1299.0,1.0,普通类,3_46_0
31,北京大学,2021,天津,3,本科批A段,信息管理与信息系统,（2）,715.0,0.0,0.0,1299.0,1.0,普通类,3_46_0
31,北京大学,2021,天津,3,本科批A段,国际政治,（2）,715.0,0.0,0.0,1299.0,1.0,普通类,3_46_0
31,北京大学,2021,天津,3,本科批A段,心理学类,（3）,715.0,0.0,0.0,1299.0,1.0,普通类,3_46_0
31,北京大学,2021,天津,3,本科批A段,环境科学,（4）,713.0,0.0,0.0,1299.0,1.0,普通类,3_46_0
31,北京大学,2021,天津,3,本科批A段,经济学类,（2）,712.0,0.0,0.0,1299.0,3.0,普通类,3_46_0
31,北京大学,2021,天津,3,本科批A段,环境科学与工程类,（4）,712.0,0.0,0.0,1299.0,4.0,普通类,3_46_0
31,北京大学,2021,天津,3,本科批A段,历史学类,（2）,711.0,0.0,0.0,1299.0,1.0,普通类,3_46_0
31,北京大学,2021,天津,3,本科批A段,公共管理类,（2）,711.0,0.0,0.0,1299.0,1.0,普通类,3_46_0
31,北京大学,2021,天津,3,本科批A段,物理学类,（3）,719.0,0.0,0.0,1299.0,1.0,普通类,3_46_13086
31,北京大学,2021,天津,3,本科批A段,计算机类,（3）,719.0,0.0,0.0,1299.0,1.0,普通类,3_46_13086
31,北京大学,2021,天津,3,本科批A段,数学类,（3）,718.0,0.0,0.0,1299.0,4.0,普通类,3_46_13086
31,北京大学,2021,天津,3,本科批A段,理科试验班类,（3）,717.0,0.0,0.0,1299.0,7.0,普通类,3_46_13086
31,北京大学,2021,天津,3,本科批A段,心理学类,（3）,715.0,0.0,0.0,1299.0,1.0,普通类,3_46_13086
31,北京大学,2021,天津,3,本科批A段,化学类,（4）,716.0,0.0,0.0,1299.0,1.0,普通类,3_46_13087
31,北京大学,2021,天津,3,本科批A段,环境科学,（4）,713.0,0.0,0.0,1299.0,1.0,普通类,3_46_13087
31,北京大学,2021,天津,3,本科批A段,环境科学与工程类,（4）,712.0,0.0,0.0,1299.0,4.0,普通类,3_46_13087
31,北京大学,2021,河北,2074,本科批,文科试验班类,,660.0,0.0,0.0,30.0,,普通类,2074_14_0
31,北京大学,2021,河北,2073,本科批,理科试验班类,,685.0,0.0,0.0,64.0,,普通类,2073_14_0
31,北京大学,2021,山西,2,本科一批A段,国际政治,,658.0,0.0,0.0,8.0,2.0,普通类,2_51_0
31,北京大学,2021,山西,2,本科一批A段,工商管理类,,656.0,0.0,0.0,8.0,1.0,普通类,2_51_0
31,北京大学,2021,山西,2,本科一批A段,法学,,655.0,0.0,0.0,10.0,2.0,普通类,2_51_0
31,北京大学,2021,山西,2,本科一批A段,新闻传播学类,,655.0,0.0,0.0,10.0,1.0,普通类,2_51_0
31,北京大学,2021,山西,2,本科一批A段,经济学类,,655.0,0.0,0.0,10.0,1.0,普通类,2_51_0
31,北京大学,2021,山西,2,本科一批A段,文科试验班类,,655.0,0.0,0.0,10.0,1.0,普通类,2_51_0
31,北京大学,2021,山西,2,本科一批A段,中国语言文学类,,655.0,0.0,0.0,10.0,1.0,普通类,2_51_0
31,北京大学,2021,山西,2,本科一批A段,历史学类,,653.0,0.0,0.0,14.0,1.0,普通类,2_51_0
31,北京大学,2021,山西,2,本科一批A段,社会学类,,652.0,0.0,0.0,15.0,2.0,普通类,2_51_0
31,北京大学,2021,山西,2,本科一批A段,信息管理与信息系统,,651.0,0.0,0.0,17.0,1.0,普通类,2_51_0
31,北京大学,2021,山西,2,本科一批A段,人文科学试验班,,650.0,0.0,0.0,19.0,1.0,普通类,2_51_0
31,北京大学,2021,山西,2,本科一批A段,考古学,,649.0,0.0,0.0,24.0,1.0,普通类,2_51_0
31,北京大学,2021,山西,2,本科一批A段,城乡规划,,649.0,0.0,0.0,24.0,1.0,普通类,2_51_0
31,北京大学,2021,山西,2,本科一批A段,哲学类,,649.0,0.0,0.0,24.0,1.0,普通类,2_51_0
31,北京大学,2021,山西,2,本科一批A段,英语,,649.0,0.0,0.0,24.0,2.0,普通类,2_51_0
31,北京大学,2021,山西,2,本科一批A段,公共管理类,,649.0,0.0,0.0,24.0,1.0,普通类,2_51_0
31,北京大学,2021,山西,1,本科一批A段,工商管理类,,688.0,0.0,0.0,21.0,1.0,普通类,1_51_0
31,北京大学,2021,山西,1,本科一批A段,经济学类,,685.0,0.0,0.0,25.0,1.0,普通类,1_51_0
31,北京大学,2021,山西,1,本科一批A段,数学类,,684.0,0.0,0.0,31.0,1.0,普通类,1_51_0
31,北京大学,2021,山西,1,本科一批A段,理科试验班类,,684.0,0.0,0.0,31.0,1.0,普通类,1_51_0
31,北京大学,2021,山西,1,本科一批A段,城乡规划,,683.0,0.0,0.0,36.0,1.0,普通类,1_51_0
31,北京大学,2021,山西,1,本科一批A段,地质学类,,682.0,0.0,0.0,39.0,1.0,普通类,1_51_0
31,北京大学,2021,山西,1,本科一批A段,电子信息类,,681.0,0.0,0.0,43.0,1.0,普通类,1_51_0
31,北京大学,2021,山西,1,本科一批A段,环境科学与工程类,,681.0,0.0,0.0,43.0,1.0,普通类,1_51_0
31,北京大学,2021,山西,1,本科一批A段,心理学类,,680.0,0.0,0.0,43.0,1.0,普通类,1_51_0
31,北京大学,2021,山西,1,本科一批A段,物理学类,,679.0,0.0,0.0,44.0,1.0,普通类,1_51_0
31,北京大学,2021,山西,1,本科一批A段,地球物理学类,,679.0,0.0,0.0,44.0,1.0,普通类,1_51_0
31,北京大学,2021,山西,1,本科一批A段,天文学,,678.0,0.0,0.0,53.0,1.0,普通类,1_51_0
31,北京大学,2021,山西,1,本科一批A段,法学,,675.0,0.0,0.0,64.0,1.0,普通类,1_51_0
31,北京大学,2021,山西,1,本科一批A段,信息管理与信息系统,,675.0,0.0,0.0,64.0,1.0,普通类,1_51_0
31,北京大学,2021,山西,1,本科一批A段,国际政治,,675.0,0.0,0.0,64.0,1.0,普通类,1_51_0
31,北京大学,2021,山西,1,本科一批A段,环境科学,,675.0,0.0,0.0,64.0,1.0,普通类,1_51_0
31,北京大学,2021,山西,1,本科一批A段,计算机类,,675.0,0.0,0.0,64.0,1.0,普通类,1_51_0
31,北京大学,2021,山西,1,本科一批A段,化学类,,675.0,0.0,0.0,64.0,1.0,普通类,1_51_0
31,北京大学,2021,山西,1,本科一批A段,生物科学类,,675.0,0.0,0.0,64.0,1.0,普通类,1_51_0
31,北京大学,2021,山西,1,本科一批A段,公共管理类,,675.0,0.0,0.0,64.0,1.0,普通类,1_51_0
31,北京大学,2021,山西,1,本科一批A段,工科试验班类,,675.0,0.0,0.0,64.0,1.0,普通类,1_51_0
31,北京大学,2021,内蒙古,2,本科提前批B段,法学,,635.0,635.0,0.0,64.0,1.0,普通类,2_37_0
31,北京大学,2021,内蒙古,2,本科提前批B段,国际政治,,628.0,628.0,0.0,107.0,1.0,普通类,2_37_0
31,北京大学,2021,内蒙古,2,本科提前批B段,社会学类,,622.0,622.0,0.0,143.0,1.0,普通类,2_37_0
31,北京大学,2021,内蒙古,2,本科提前批B段,新闻传播学类,,619.0,619.0,0.0,175.0,1.0,普通类,2_37_0
31,北京大学,2021,内蒙古,1,本科提前批B段,工科试验班类,,665.0,665.0,0.0,90.0,1.0,普通类,1_37_0
31,北京大学,2021,内蒙古,1,本科提前批B段,心理学类,,654.0,654.0,0.0,167.0,1.0,普通类,1_37_0
31,北京大学,2021,内蒙古,1,本科提前批B段,环境科学与工程类,,646.0,646.0,0.0,270.0,1.0,普通类,1_37_0
31,北京大学,2021,内蒙古,1,本科提前批B段,环境科学,,598.0,598.0,0.0,1982.0,1.0,普通类,1_37_0
31,北京大学,2021,内蒙古,2,本科一批,工商管理类,,668.0,668.0,0.0,,1.0,普通类,2_7_0
31,北京大学,2021,内蒙古,2,本科一批,新闻传播学类,,660.0,660.0,0.0,,1.0,普通类,2_7_0
31,北京大学,2021,内蒙古,2,本科一批,文科试验班类,,657.0,657.0,0.0,,1.0,普通类,2_7_0
31,北京大学,2021,内蒙古,2,本科一批,法学,,655.0,655.0,0.0,,1.0,普通类,2_7_0
31,北京大学,2021,内蒙古,2,本科一批,城乡规划,,655.0,655.0,0.0,,1.0,普通类,2_7_0
31,北京大学,2021,内蒙古,2,本科一批,中国语言文学类,,653.0,654.0,0.0,,2.0,普通类,2_7_0
31,北京大学,2021,内蒙古,2,本科一批,经济学类,,650.0,655.0,0.0,15.0,2.0,普通类,2_7_0
31,北京大学,2021,内蒙古,2,本科一批,公共管理类,,649.0,649.0,0.0,18.0,1.0,普通类,2_7_0
31,北京大学,2021,内蒙古,2,本科一批,国际政治,,649.0,649.0,0.0,18.0,2.0,普通类,2_7_0
31,北京大学,2021,内蒙古,1,本科一批,工商管理类,,690.0,691.0,0.0,,2.0,普通类,1_7_0
31,北京大学,2021,内蒙古,1,本科一批,环境科学,,689.0,689.0,0.0,,1.0,普通类,1_7_0
31,北京大学,2021,内蒙古,1,本科一批,化学类,,678.0,678.0,0.0,27.0,1.0,普通类,1_7_0
31,北京大学,2021,内蒙古,1,本科一批,经济学类,,677.0,677.0,0.0,32.0,1.0,普通类,1_7_0
31,北京大学,2021,内蒙古,1,本科一批,理科试验班类,,676.0,676.0,0.0,35.0,1.0,普通类,1_7_0
31,北京大学,2021,内蒙古,1,本科一批,电子信息类,,672.0,672.0,0.0,48.0,1.0,普通类,1_7_0
31,北京大学,2021,内蒙古,1,本科一批,物理学类,,672.0,683.0,0.0,48.0,2.0,普通类,1_7_0
31,北京大学,2021,内蒙古,1,本科一批,计算机类,,672.0,672.0,0.0,48.0,1.0,普通类,1_7_0
31,北京大学,2021,内蒙古,1,本科一批,生物科学类,,672.0,672.0,0.0,48.0,1.0,普通类,1_7_0
31,北京大学,2021,辽宁,2074,本科批,文科试验班类,,680.0,0.0,0.0,10.0,,普通类,2074_14_0
31,北京大学,2021,辽宁,2074,本科批,文科试验班类,,668.0,0.0,0.0,28.0,,普通类,2074_14_0
31,北京大学,2021,辽宁,2073,本科批,理科试验班类,,707.0,0.0,0.0,10.0,,普通类,2073_14_0
31,北京大学,2021,辽宁,2073,本科批,理科试验班类,,695.0,0.0,0.0,67.0,,普通类,2073_14_0
31,北京大学,2021,吉林,2,本科一批A段,工商管理类,,660.0,670.0,665.0,102.0,2.0,普通类,2_51_0
31,北京大学,2021,吉林,2,本科一批A段,文科试验班类,,656.0,658.0,657.0,102.0,2.0,普通类,2_51_0
31,北京大学,2021,吉林,2,本科一批A段,经济学类,,649.0,656.0,652.0,102.0,3.0,普通类,2_51_0
31,北京大学,2021,吉林,2,本科一批A段,法学,,647.0,654.0,651.0,102.0,5.0,普通类,2_51_0
31,北京大学,2021,吉林,2,本科一批A段,国际政治,,647.0,648.0,648.0,102.0,2.0,普通类,2_51_0
31,北京大学,2021,吉林,2,本科一批A段,城乡规划,,647.0,647.0,647.0,102.0,1.0,普通类,2_51_0
31,北京大学,2021,吉林,2,本科一批A段,中国语言文学类,,645.0,649.0,647.0,102.0,2.0,普通类,2_51_0
31,北京大学,2021,吉林,2,本科一批A段,社会学类,,645.0,645.0,645.0,102.0,1.0,普通类,2_51_0
31,北京大学,2021,吉林,2,本科一批A段,英语,,645.0,645.0,645.0,102.0,2.0,普通类,2_51_0
31,北京大学,2021,吉林,2,本科一批A段,哲学类,,645.0,645.0,645.0,102.0,1.0,普通类,2_51_0
31,北京大学,2021,吉林,2,本科一批A段,人文科学试验班,,645.0,645.0,645.0,102.0,1.0,普通类,2_51_0
31,北京大学,2021,吉林,2,本科一批A段,公共管理类,,645.0,645.0,645.0,102.0,1.0,普通类,2_51_0
31,北京大学,2021,吉林,2,本科一批A段,新闻传播学类,,644.0,644.0,644.0,102.0,1.0,普通类,2_51_0
31,北京大学,2021,吉林,2,本科一批A段,历史学类,,644.0,644.0,644.0,102.0,2.0,普通类,2_51_0
31,北京大学,2021,吉林,1,本科一批A段,计算机类,,680.0,694.0,687.0,101.0,2.0,普通类,1_51_0
31,北京大学,2021,吉林,1,本科一批A段,理科试验班类,,678.0,694.0,686.0,101.0,2.0,普通类,1_51_0
31,北京大学,2021,吉林,1,本科一批A段,经济学类,,678.0,678.0,678.0,101.0,1.0,普通类,1_51_0
31,北京大学,2021,吉林,1,本科一批A段,工科试验班类,,678.0,678.0,678.0,101.0,1.0,普通类,1_51_0
31,北京大学,2021,吉林,1,本科一批A段,物理学类,,677.0,689.0,683.0,101.0,2.0,普通类,1_51_0
31,北京大学,2021,吉林,1,本科一批A段,数学类,,677.0,678.0,678.0,101.0,2.0,普通类,1_51_0
31,北京大学,2021,吉林,1,本科一批A段,工商管理类,,676.0,694.0,685.0,101.0,2.0,普通类,1_51_0
31,北京大学,2021,吉林,1,本科一批A段,电子信息类,,676.0,677.0,677.0,101.0,2.0,普通类,1_51_0
31,北京大学,2021,黑龙江,2,本科一批A段,工商管理类,,672.0,672.0,0.0,12.0,,普通类,2_51_0
31,北京大学,2021,黑龙江,2,本科一批A段,文科试验班类,,663.0,677.0,0.0,12.0,,普通类,2_51_0
31,北京大学,2021,黑龙江,2,本科一批A段,法学,,662.0,662.0,0.0,12.0,,普通类,2_51_0
31,北京大学,2021,黑龙江,2,本科一批A段,中国语言文学类,,661.0,661.0,0.0,12.0,,普通类,2_51_0
31,北京大学,2021,黑龙江,2,本科一批A段,社会学类,,659.0,659.0,0.0,12.0,,普通类,2_51_0
31,北京大学,2021,黑龙江,2,本科一批A段,经济学类,,659.0,659.0,0.0,12.0,,普通类,2_51_0
31,北京大学,2021,黑龙江,2,本科一批A段,国际政治,,659.0,659.0,0.0,12.0,,普通类,2_51_0
31,北京大学,2021,黑龙江,2,本科一批A段,公共管理类,,658.0,658.0,0.0,13.0,,普通类,2_51_0
31,北京大学,2021,黑龙江,2,本科一批A段,信息管理与信息系统,,657.0,657.0,0.0,18.0,,普通类,2_51_0
31,北京大学,2021,黑龙江,2,本科一批A段,新闻传播学类,,657.0,657.0,0.0,18.0,,普通类,2_51_0
31,北京大学,2021,黑龙江,2,本科一批A段,历史学类,,657.0,657.0,0.0,18.0,,普通类,2_51_0
31,北京大学,2021,黑龙江,2,本科一批A段,哲学类,,657.0,657.0,0.0,18.0,,普通类,2_51_0
31,北京大学,2021,黑龙江,2,本科一批A段,城乡规划,,656.0,656.0,0.0,20.0,,普通类,2_51_0
31,北京大学,2021,黑龙江,2,本科一批A段,英语,,655.0,655.0,0.0,24.0,,普通类,2_51_0
31,北京大学,2021,黑龙江,1,本科一批A段,数学类,,704.0,704.0,0.0,10.0,,普通类,1_51_0
31,北京大学,2021,黑龙江,1,本科一批A段,工商管理类,,691.0,706.0,0.0,22.0,,普通类,1_51_0
31,北京大学,2021,黑龙江,1,本科一批A段,化学类,,689.0,689.0,0.0,29.0,,普通类,1_51_0
31,北京大学,2021,黑龙江,1,本科一批A段,理科试验班类,,688.0,705.0,0.0,34.0,,普通类,1_51_0
31,北京大学,2021,黑龙江,1,本科一批A段,物理学类,,684.0,684.0,0.0,46.0,,普通类,1_51_0
31,北京大学,2021,黑龙江,1,本科一批A段,经济学类,,681.0,686.0,0.0,58.0,,普通类,1_51_0
31,北京大学,2021,黑龙江,1,本科一批A段,计算机类,,681.0,689.0,0.0,58.0,,普通类,1_51_0
31,北京大学,2021,黑龙江,1,本科一批A段,电子信息类,,681.0,681.0,0.0,58.0,,普通类,1_51_0
31,北京大学,2021,黑龙江,1,本科一批A段,工科试验班类,,680.0,680.0,0.0,60.0,,普通类,1_51_0
31,北京大学,2021,上海,3,本科批,工商管理类,（01）,613.0,0.0,627.0,72.0,,普通类,3_14_15614
31,北京大学,2021,上海,3,本科批,经济学类,（01）,613.0,0.0,617.0,72.0,,普通类,3_14_15614
31,北京大学,2021,上海,3,本科批,文科试验班类,（01）,613.0,0.0,617.0,72.0,,普通类,3_14_15614
31,北京大学,2021,上海,3,本科批,公共管理类,（01）,613.0,0.0,617.0,72.0,,普通类,3_14_15614
31,北京大学,2021,上海,3,本科批,哲学类,（01）,613.0,0.0,616.0,72.0,,普通类,3_14_15614
31,北京大学,2021,上海,3,本科批,考古学,（01）,613.0,0.0,614.0,72.0,,普通类,3_14_15614
31,北京大学,2021,上海,3,本科批,中国语言文学类,（01）,613.0,0.0,614.0,72.0,,普通类,3_14_15614
31,北京大学,2021,上海,3,本科批,工商管理类,（01）,613.0,0.0,627.0,72.0,,普通类,3_14_0
31,北京大学,2021,上海,3,本科批,计算机类,（02）,613.0,0.0,619.0,72.0,,普通类,3_14_0
31,北京大学,2021,上海,3,本科批,数学类,（02）,613.0,0.0,618.0,72.0,,普通类,3_14_0
31,北京大学,2021,上海,3,本科批,经济学类,（01）,613.0,0.0,617.0,72.0,,普通类,3_14_0
31,北京大学,2021,上海,3,本科批,文科试验班类,（01）,613.0,0.0,617.0,72.0,,普通类,3_14_0
31,北京大学,2021,上海,3,本科批,公共管理类,（01）,613.0,0.0,617.0,72.0,,普通类,3_14_0
31,北京大学,2021,上海,3,本科批,哲学类,（01）,613.0,0.0,616.0,72.0,,普通类,3_14_0
31,北京大学,2021,上海,3,本科批,物理学类,（02）,613.0,0.0,615.0,72.0,,普通类,3_14_0
31,北京大学,2021,上海,3,本科批,电子信息类,（02）,613.0,0.0,615.0,72.0,,普通类,3_14_0
31,北京大学,2021,上海,3,本科批,考古学,（01）,613.0,0.0,614.0,72.0,,普通类,3_14_0
31,北京大学,2021,上海,3,本科批,地球物理学类,（02）,613.0,0.0,614.0,72.0,,普通类,3_14_0
31,北京大学,2021,上海,3,本科批,中国语言文学类,（01）,613.0,0.0,614.0,72.0,,普通类,3_14_0
31,北京大学,2021,上海,3,本科批,计算机类,（02）,613.0,0.0,619.0,72.0,,普通类,3_14_15615
31,北京大学,2021,上海,3,本科批,数学类,（02）,613.0,0.0,618.0,72.0,,普通类,3_14_15615
31,北京大学,2021,上海,3,本科批,物理学类,（02）,613.0,0.0,615.0,72.0,,普通类,3_14_15615
31,北京大学,2021,上海,3,本科批,电子信息类,（02）,613.0,0.0,615.0,72.0,,普通类,3_14_15615
31,北京大学,2021,上海,3,本科批,地球物理学类,（02）,613.0,0.0,614.0,72.0,,普通类,3_14_15615
31,北京大学,2021,江苏,2074,本科批,法学,（02）,646.0,0.0,0.0,101.0,3.0,普通类,2074_14_39599
31,北京大学,2021,江苏,2074,本科批,历史学类,（02）,645.0,0.0,0.0,101.0,1.0,普通类,2074_14_39599
31,北京大学,2021,江苏,2074,本科批,中国语言文学类,（02）,644.0,0.0,0.0,101.0,3.0,普通类,2074_14_39599
31,北京大学,2021,江苏,2074,本科批,经济学类,（02）,644.0,0.0,0.0,101.0,3.0,普通类,2074_14_39599
31,北京大学,2021,江苏,2074,本科批,哲学类,（02）,641.0,0.0,0.0,101.0,1.0,普通类,2074_14_39599
31,北京大学,2021,江苏,2074,本科批,公共管理类,（02）,641.0,0.0,0.0,101.0,2.0,普通类,2074_14_39599
31,北京大学,2021,江苏,2074,本科批,社会学类,（02）,640.0,0.0,0.0,101.0,2.0,普通类,2074_14_39599
31,北京大学,2021,江苏,2074,本科批,城乡规划,（02）,639.0,0.0,0.0,101.0,2.0,普通类,2074_14_39599
31,北京大学,2021,江苏,2074,本科批,新闻传播学类,（02）,639.0,0.0,0.0,101.0,2.0,普通类,2074_14_39599
31,北京大学,2021,江苏,2074,本科批,英语,（02）,639.0,0.0,0.0,101.0,3.0,普通类,2074_14_39599
31,北京大学,2021,江苏,2074,本科批,考古学,（02）,638.0,0.0,0.0,101.0,1.0,普通类,2074_14_39599
31,北京大学,2021,江苏,2074,本科批,信息管理与信息系统,（02）,638.0,0.0,0.0,101.0,1.0,普通类,2074_14_39599
31,北京大学,2021,江苏,2074,本科批,人文科学试验班,（02）,638.0,0.0,0.0,101.0,2.0,普通类,2074_14_39599
31,北京大学,2021,江苏,2074,本科批,文科试验班类,（03）,652.0,0.0,0.0,101.0,2.0,普通类,2074_14_0
31,北京大学,2021,江苏,2074,本科批,法学,（02）,646.0,0.0,0.0,101.0,3.0,普通类,2074_14_0
31,北京大学,2021,江苏,2074,本科批,历史学类,（02）,645.0,0.0,0.0,101.0,1.0,普通类,2074_14_0
31,北京大学,2021,江苏,2074,本科批,中国语言文学类,（02）,644.0,0.0,0.0,101.0,3.0,普通类,2074_14_0
31,北京大学,2021,江苏,2074,本科批,经济学类,（02）,644.0,0.0,0.0,101.0,3.0,普通类,2074_14_0
31,北京大学,2021,江苏,2074,本科批,哲学类,（02）,641.0,0.0,0.0,101.0,1.0,普通类,2074_14_0
31,北京大学,2021,江苏,2074,本科批,公共管理类,（02）,641.0,0.0,0.0,101.0,2.0,普通类,2074_14_0
31,北京大学,2021,江苏,2074,本科批,社会学类,（02）,640.0,0.0,0.0,101.0,2.0,普通类,2074_14_0
31,北京大学,2021,江苏,2074,本科批,城乡规划,（02）,639.0,0.0,0.0,101.0,2.0,普通类,2074_14_0
31,北京大学,2021,江苏,2074,本科批,新闻传播学类,（02）,639.0,0.0,0.0,101.0,2.0,普通类,2074_14_0
31,北京大学,2021,江苏,2074,本科批,英语,（02）,639.0,0.0,0.0,101.0,3.0,普通类,2074_14_0
31,北京大学,2021,江苏,2074,本科批,考古学,（02）,638.0,0.0,0.0,101.0,1.0,普通类,2074_14_0
31,北京大学,2021,江苏,2074,本科批,信息管理与信息系统,（02）,638.0,0.0,0.0,101.0,1.0,普通类,2074_14_0
31,北京大学,2021,江苏,2074,本科批,人文科学试验班,（02）,638.0,0.0,0.0,101.0,2.0,普通类,2074_14_0
31,北京大学,2021,江苏,2074,本科批,文科试验班类,（03）,652.0,0.0,0.0,101.0,2.0,普通类,2074_14_39600
31,北京大学,2021,江苏,2073,本科批,理科试验班类,（05）,679.0,0.0,0.0,101.0,2.0,普通类,2073_14_41815
31,北京大学,2021,江苏,2073,本科批,工商管理类,（05）,674.0,0.0,0.0,101.0,2.0,普通类,2073_14_41815
31,北京大学,2021,江苏,2073,本科批,物理学类,（05）,669.0,0.0,0.0,101.0,2.0,普通类,2073_14_41815
31,北京大学,2021,江苏,2073,本科批,心理学类,（05）,668.0,0.0,0.0,101.0,1.0,普通类,2073_14_41815
31,北京大学,2021,江苏,2073,本科批,新闻传播学类,（05）,667.0,0.0,0.0,101.0,1.0,普通类,2073_14_41815
31,北京大学,2021,江苏,2073,本科批,信息管理与信息系统,（05）,666.0,0.0,0.0,101.0,2.0,普通类,2073_14_41815
31,北京大学,2021,江苏,2073,本科批,经济学类,（05）,666.0,0.0,0.0,101.0,1.0,普通类,2073_14_41815
31,北京大学,2021,江苏,2073,本科批,计算机类,（05）,666.0,0.0,0.0,101.0,8.0,普通类,2073_14_41815
31,北京大学,2021,江苏,2073,本科批,理科试验班类,（05）,679.0,0.0,0.0,101.0,2.0,普通类,2073_14_0
31,北京大学,2021,江苏,2073,本科批,工商管理类,（05）,674.0,0.0,0.0,101.0,2.0,普通类,2073_14_0
31,北京大学,2021,江苏,2073,本科批,物理学类,（05）,669.0,0.0,0.0,101.0,2.0,普通类,2073_14_0
31,北京大学,2021,江苏,2073,本科批,心理学类,（05）,668.0,0.0,0.0,101.0,1.0,普通类,2073_14_0
31,北京大学,2021,江苏,2073,本科批,新闻传播学类,（05）,667.0,0.0,0.0,101.0,1.0,普通类,2073_14_0
31,北京大学,2021,江苏,2073,本科批,信息管理与信息系统,（05）,666.0,0.0,0.0,101.0,2.0,普通类,2073_14_0
31,北京大学,2021,江苏,2073,本科批,经济学类,（05）,666.0,0.0,0.0,101.0,1.0,普通类,2073_14_0
31,北京大学,2021,江苏,2073,本科批,计算机类,（05）,666.0,0.0,0.0,101.0,8.0,普通类,2073_14_0
31,北京大学,2021,江苏,2073,本科批,环境科学与工程类,（06）,662.0,0.0,0.0,101.0,2.0,普通类,2073_14_0
31,北京大学,2021,江苏,2073,本科批,环境科学,（06）,661.0,0.0,0.0,101.0,1.0,普通类,2073_14_0
31,北京大学,2021,江苏,2073,本科批,环境科学与工程类,（06）,662.0,0.0,0.0,101.0,2.0,普通类,2073_14_41816
31,北京大学,2021,江苏,2073,本科批,环境科学,（06）,661.0,0.0,0.0,101.0,1.0,普通类,2073_14_41816
31,北京大学,2021,浙江,3,平行录取一段,工商管理类,,710.0,0.0,0.0,4.0,1.0,普通类,3_16_0
31,北京大学,2021,浙江,3,平行录取一段,理科试验班类,,702.0,0.0,0.0,26.0,,普通类,3_16_0
31,北京大学,2021,浙江,3,平行录取一段,文科试验班类,,699.0,0.0,0.0,52.0,6.0,普通类,3_16_0
31,北京大学,2021,浙江,3,平行录取一段,理科试验班类,,696.0,0.0,0.0,87.0,,普通类,3_16_0
31,北京大学,2021,安徽,2,本科一批,哲学类,,678.0,0.0,0.0,35.0,,普通类,2_7_0
31,北京大学,2021,安徽,2,本科一批,国际政治,,677.0,0.0,0.0,35.0,,普通类,2_7_0
31,北京大学,2021,安徽,2,本科一批,中国语言文学类,,677.0,0.0,0.0,35.0,,普通类,2_7_0
31,北京大学,2021,安徽,2,本科一批,信息管理与信息系统,,676.0,0.0,0.0,35.0,1.0,普通类,2_7_0
31,北京大学,2021,安徽,2,本科一批,经济学类,,676.0,0.0,0.0,35.0,,普通类,2_7_0
31,北京大学,2021,安徽,2,本科一批,社会学类,,675.0,0.0,0.0,35.0,1.0,普通类,2_7_0
31,北京大学,2021,安徽,2,本科一批,文科试验班类,,675.0,0.0,0.0,35.0,,普通类,2_7_0
31,北京大学,2021,安徽,2,本科一批,法学,,674.0,0.0,0.0,35.0,,普通类,2_7_0
31,北京大学,2021,安徽,2,本科一批,考古学,,674.0,0.0,0.0,35.0,1.0,普通类,2_7_0
31,北京大学,2021,安徽,2,本科一批,城乡规划,,674.0,0.0,0.0,35.0,1.0,普通类,2_7_0
31,北京大学,2021,安徽,2,本科一批,英语,,674.0,0.0,0.0,35.0,,普通类,2_7_0
31,北京大学,2021,安徽,2,本科一批,新闻传播学类,,674.0,0.0,0.0,35.0,1.0,普通类,2_7_0
31,北京大学,2021,安徽,2,本科一批,人文科学试验班,,674.0,0.0,0.0,35.0,1.0,普通类,2_7_0
31,北京大学,2021,安徽,2,本科一批,工商管理类,,674.0,0.0,0.0,35.0,,普通类,2_7_0
31,北京大学,2021,安徽,2,本科一批,公共管理类,,674.0,0.0,0.0,35.0,,普通类,2_7_0
31,北京大学,2021,安徽,2,本科一批,历史学类,,674.0,0.0,0.0,35.0,1.0,普通类,2_7_0
31,北京大学,2021,安徽,1,本科一批,环境科学与工程类,,698.0,0.0,0.0,36.0,1.0,普通类,1_7_0
31,北京大学,2021,安徽,1,本科一批,工商管理类,,697.0,0.0,0.0,36.0,,普通类,1_7_0
31,北京大学,2021,安徽,1,本科一批,数学类,,697.0,0.0,0.0,36.0,,普通类,1_7_0
31,北京大学,2021,安徽,1,本科一批,经济学类,,697.0,0.0,0.0,36.0,1.0,普通类,1_7_0
31,北京大学,2021,安徽,1,本科一批,理科试验班类,,697.0,0.0,0.0,36.0,,普通类,1_7_0
31,北京大学,2021,安徽,1,本科一批,法学,,696.0,0.0,0.0,42.0,1.0,普通类,1_7_0
31,北京大学,2021,安徽,1,本科一批,城乡规划,,696.0,0.0,0.0,42.0,1.0,普通类,1_7_0
31,北京大学,2021,安徽,1,本科一批,信息管理与信息系统,,696.0,0.0,0.0,42.0,1.0,普通类,1_7_0
31,北京大学,2021,安徽,1,本科一批,天文学,,696.0,0.0,0.0,42.0,1.0,普通类,1_7_0
31,北京大学,2021,安徽,1,本科一批,地质学类,,696.0,0.0,0.0,42.0,1.0,普通类,1_7_0
31,北京大学,2021,安徽,1,本科一批,环境科学,,696.0,0.0,0.0,42.0,1.0,普通类,1_7_0
31,北京大学,2021,安徽,1,本科一批,工科试验班类,,696.0,0.0,0.0,42.0,,普通类,1_7_0
31,北京大学,2021,安徽,1,本科一批,物理学类,,696.0,0.0,0.0,42.0,,普通类,1_7_0
31,北京大学,2021,安徽,1,本科一批,心理学类,,696.0,0.0,0.0,42.0,1.0,普通类,1_7_0
31,北京大学,2021,安徽,1,本科一批,电子信息类,,695.0,0.0,0.0,49.0,1.0,普通类,1_7_0
31,北京大学,2021,安徽,1,本科一批,国际政治,,694.0,0.0,0.0,58.0,1.0,普通类,1_7_0
31,北京大学,2021,安徽,1,本科一批,计算机类,,694.0,0.0,0.0,58.0,,普通类,1_7_0
31,北京大学,2021,安徽,1,本科一批,生物科学类,,694.0,0.0,0.0,58.0,1.0,普通类,1_7_0
31,北京大学,2021,安徽,1,本科一批,公共管理类,,694.0,0.0,0.0,58.0,1.0,普通类,1_7_0
31,北京大学,2021,安徽,1,本科一批,化学类,,694.0,0.0,0.0,58.0,,普通类,1_7_0
31,北京大学,2021,安徽,1,本科一批,地球物理学类,,694.0,0.0,0.0,58.0,1.0,普通类,1_7_0
31,北京大学,2021,福建,2074,本科批,文科试验班类,2294（L999）,668.0,682.0,673.0,,3.0,普通类,2074_14_43894
31,北京大学,2021,福建,2074,本科批,法学,2294（L999）,660.0,667.0,664.0,,3.0,普通类,2074_14_43894
31,北京大学,2021,福建,2074,本科批,社会学类,2294（L999）,659.0,663.0,661.0,,2.0,普通类,2074_14_43894
31,北京大学,2021,福建,2074,本科批,工商管理类,2294（L999）,659.0,660.0,660.0,,2.0,普通类,2074_14_43894
31,北京大学,2021,福建,2074,本科批,中国语言文学类,2294（L999）,656.0,662.0,659.0,17.0,2.0,普通类,2074_14_43894
31,北京大学,2021,福建,2074,本科批,经济学类,2294（L999）,656.0,657.0,657.0,17.0,2.0,普通类,2074_14_43894
31,北京大学,2021,福建,2074,本科批,城乡规划,2294（L999）,655.0,655.0,655.0,20.0,1.0,普通类,2074_14_43894
31,北京大学,2021,福建,2074,本科批,公共管理类,2294（L999）,655.0,655.0,655.0,20.0,1.0,普通类,2074_14_43894
31,北京大学,2021,福建,2074,本科批,英语,2294（L999）,655.0,655.0,655.0,20.0,1.0,普通类,2074_14_43894
31,北京大学,2021,福建,2074,本科批,历史学类,2294（L999）,654.0,654.0,654.0,22.0,1.0,普通类,2074_14_43894
31,北京大学,2021,福建,2074,本科批,哲学类,2294（L999）,654.0,654.0,654.0,22.0,1.0,普通类,2074_14_43894
31,北京大学,2021,福建,2074,本科批,人文科学试验班,2294（L999）,653.0,653.0,653.0,23.0,1.0,普通类,2074_14_43894
31,北京大学,2021,福建,2074,本科批,文科试验班类,2294（L999）,668.0,682.0,673.0,,3.0,普通类,2074_14_0
31,北京大学,2021,福建,2074,本科批,法学,2294（L999）,660.0,667.0,664.0,,3.0,普通类,2074_14_0
31,北京大学,2021,福建,2074,本科批,社会学类,2294（L999）,659.0,663.0,661.0,,2.0,普通类,2074_14_0
31,北京大学,2021,福建,2074,本科批,工商管理类,2294（L999）,659.0,660.0,660.0,,2.0,普通类,2074_14_0
31,北京大学,2021,福建,2074,本科批,中国语言文学类,2294（L999）,656.0,662.0,659.0,17.0,2.0,普通类,2074_14_0
31,北京大学,2021,福建,2074,本科批,经济学类,2294（L999）,656.0,657.0,657.0,17.0,2.0,普通类,2074_14_0
31,北京大学,2021,福建,2074,本科批,城乡规划,2294（L999）,655.0,655.0,655.0,20.0,1.0,普通类,2074_14_0
31,北京大学,2021,福建,2074,本科批,公共管理类,2294（L999）,655.0,655.0,655.0,20.0,1.0,普通类,2074_14_0
31,北京大学,2021,福建,2074,本科批,英语,2294（L999）,655.0,655.0,655.0,20.0,1.0,普通类,2074_14_0
31,北京大学,2021,福建,2074,本科批,历史学类,2294（L999）,654.0,654.0,654.0,22.0,1.0,普通类,2074_14_0
31,北京大学,2021,福建,2074,本科批,哲学类,2294（L999）,654.0,654.0,654.0,22.0,1.0,普通类,2074_14_0
31,北京大学,2021,福建,2074,本科批,人文科学试验班,2294（L999）,653.0,653.0,653.0,23.0,1.0,普通类,2074_14_0
31,北京大学,2021,福建,2073,本科批,理科试验班类,2294（W999）,693.0,712.0,701.0,,3.0,普通类,2073_14_45042
31,北京大学,2021,福建,2073,本科批,工商管理类,2294（W999）,691.0,702.0,696.0,,3.0,普通类,2073_14_45042
31,北京大学,2021,福建,2073,本科批,数学类,2294（W999）,691.0,694.0,692.0,,4.0,普通类,2073_14_45042
31,北京大学,2021,福建,2073,本科批,计算机类,2294（W999）,686.0,690.0,688.0,,8.0,普通类,2073_14_45042
31,北京大学,2021,福建,2073,本科批,物理学类,2294（W999）,685.0,690.0,687.0,50.0,3.0,普通类,2073_14_45042
31,北京大学,2021,福建,2073,本科批,电子信息类,2294（W999）,684.0,685.0,685.0,60.0,7.0,普通类,2073_14_45042
31,北京大学,2021,福建,2073,本科批,工科试验班类,2294（W999）,683.0,685.0,684.0,69.0,2.0,普通类,2073_14_45042
31,北京大学,2021,福建,2073,本科批,理科试验班类,2294（W999）,693.0,712.0,701.0,,3.0,普通类,2073_14_0
31,北京大学,2021,福建,2073,本科批,工商管理类,2294（W999）,691.0,702.0,696.0,,3.0,普通类,2073_14_0
31,北京大学,2021,福建,2073,本科批,数学类,2294（W999）,691.0,694.0,692.0,,4.0,普通类,2073_14_0
31,北京大学,2021,福建,2073,本科批,计算机类,2294（W999）,686.0,690.0,688.0,,8.0,普通类,2073_14_0
31,北京大学,2021,福建,2073,本科批,物理学类,2294（W999）,685.0,690.0,687.0,50.0,3.0,普通类,2073_14_0
31,北京大学,2021,福建,2073,本科批,电子信息类,2294（W999）,684.0,685.0,685.0,60.0,7.0,普通类,2073_14_0
31,北京大学,2021,福建,2073,本科批,工科试验班类,2294（W999）,683.0,685.0,684.0,69.0,2.0,普通类,2073_14_0
31,北京大学,2021,江西,2,本科一批,英语,,664.0,0.0,0.0,23.0,,普通类,2_7_0
31,北京大学,2021,江西,2,本科一批,人文科学试验班,,663.0,0.0,0.0,23.0,,普通类,2_7_0
31,北京大学,2021,江西,2,本科一批,法学,,662.0,0.0,0.0,23.0,,普通类,2_7_0
31,北京大学,2021,江西,2,本科一批,城乡规划,,662.0,0.0,0.0,23.0,,普通类,2_7_0
31,北京大学,2021,江西,2,本科一批,社会学类,,662.0,0.0,0.0,23.0,,普通类,2_7_0
31,北京大学,2021,江西,2,本科一批,历史学类,,662.0,0.0,0.0,23.0,,普通类,2_7_0
31,北京大学,2021,江西,2,本科一批,经济学类,,662.0,0.0,0.0,23.0,,普通类,2_7_0
31,北京大学,2021,江西,2,本科一批,工商管理类,,662.0,0.0,0.0,23.0,,普通类,2_7_0
31,北京大学,2021,江西,2,本科一批,中国语言文学类,,662.0,0.0,0.0,23.0,,普通类,2_7_0
31,北京大学,2021,江西,2,本科一批,文科试验班类,,662.0,0.0,0.0,23.0,,普通类,2_7_0
31,北京大学,2021,江西,2,本科一批,考古学,,661.0,0.0,0.0,23.0,,普通类,2_7_0
31,北京大学,2021,江西,2,本科一批,信息管理与信息系统,,661.0,0.0,0.0,23.0,,普通类,2_7_0
31,北京大学,2021,江西,2,本科一批,新闻传播学类,,661.0,0.0,0.0,23.0,,普通类,2_7_0
31,北京大学,2021,江西,2,本科一批,国际政治,,661.0,0.0,0.0,23.0,,普通类,2_7_0
31,北京大学,2021,江西,2,本科一批,哲学类,,661.0,0.0,0.0,23.0,,普通类,2_7_0
31,北京大学,2021,江西,2,本科一批,公共管理类,,661.0,0.0,0.0,23.0,,普通类,2_7_0
31,北京大学,2021,江西,1,本科一批,地质学类,,688.0,0.0,0.0,30.0,,普通类,1_7_0
31,北京大学,2021,江西,1,本科一批,国际政治,,688.0,0.0,0.0,30.0,,普通类,1_7_0
31,北京大学,2021,江西,1,本科一批,城乡规划,,687.0,0.0,0.0,33.0,,普通类,1_7_0
31,北京大学,2021,江西,1,本科一批,经济学类,,687.0,0.0,0.0,33.0,,普通类,1_7_0
31,北京大学,2021,江西,1,本科一批,物理学类,,687.0,0.0,0.0,33.0,,普通类,1_7_0
31,北京大学,2021,江西,1,本科一批,工商管理类,,687.0,0.0,0.0,33.0,,普通类,1_7_0
31,北京大学,2021,江西,1,本科一批,心理学类,,687.0,0.0,0.0,33.0,,普通类,1_7_0
31,北京大学,2021,江西,1,本科一批,数学类,,687.0,0.0,0.0,33.0,,普通类,1_7_0
31,北京大学,2021,江西,1,本科一批,信息管理与信息系统,,686.0,0.0,0.0,36.0,,普通类,1_7_0
31,北京大学,2021,江西,1,本科一批,生物科学类,,686.0,0.0,0.0,36.0,,普通类,1_7_0
31,北京大学,2021,江西,1,本科一批,工科试验班类,,686.0,0.0,0.0,36.0,,普通类,1_7_0
31,北京大学,2021,江西,1,本科一批,计算机类,,685.0,0.0,0.0,43.0,,普通类,1_7_0
31,北京大学,2021,江西,1,本科一批,电子信息类,,684.0,0.0,0.0,49.0,,普通类,1_7_0
31,北京大学,2021,江西,1,本科一批,环境科学与工程类,,684.0,0.0,0.0,49.0,,普通类,1_7_0
31,北京大学,2021,江西,1,本科一批,环境科学,,684.0,0.0,0.0,49.0,,普通类,1_7_0
31,北京大学,2021,江西,1,本科一批,化学类,,684.0,0.0,0.0,49.0,,普通类,1_7_0
31,北京大学,2021,江西,1,本科一批,理科试验班类,,684.0,0.0,0.0,49.0,,普通类,1_7_0
31,北京大学,2021,山东,3,普通类一段,理科试验班类,,681.0,0.0,0.0,102.0,47.0,普通类,3_1570_0
31,北京大学,2021,山东,3,普通类一段,文科试验班类,,677.0,0.0,0.0,162.0,22.0,普通类,3_1570_0
31,北京大学,2021,河南,2,本科一批,文科试验班类,,675.0,678.0,677.0,10.0,2.0,普通类,2_7_0
31,北京大学,2021,河南,2,本科一批,中国语言文学类,,675.0,676.0,676.0,10.0,2.0,普通类,2_7_0
31,北京大学,2021,河南,2,本科一批,工商管理类,,675.0,675.0,675.0,10.0,1.0,普通类,2_7_0
31,北京大学,2021,河南,2,本科一批,法学,,674.0,687.0,678.0,15.0,3.0,普通类,2_7_0
31,北京大学,2021,河南,2,本科一批,经济学类,,674.0,677.0,676.0,15.0,2.0,普通类,2_7_0
31,北京大学,2021,河南,2,本科一批,城乡规划,,674.0,674.0,674.0,15.0,1.0,普通类,2_7_0
31,北京大学,2021,河南,2,本科一批,新闻传播学类,,672.0,673.0,673.0,22.0,2.0,普通类,2_7_0
31,北京大学,2021,河南,2,本科一批,国际政治,,670.0,672.0,671.0,38.0,7.0,普通类,2_7_0
31,北京大学,2021,河南,2,本科一批,英语,,670.0,672.0,671.0,38.0,2.0,普通类,2_7_0
31,北京大学,2021,河南,2,本科一批,公共管理类,,670.0,671.0,671.0,38.0,2.0,普通类,2_7_0
31,北京大学,2021,河南,2,本科一批,信息管理与信息系统,,670.0,670.0,670.0,38.0,1.0,普通类,2_7_0
31,北京大学,2021,河南,2,本科一批,哲学类,,670.0,670.0,670.0,38.0,1.0,普通类,2_7_0
31,北京大学,2021,河南,2,本科一批,社会学类,,670.0,670.0,670.0,38.0,3.0,普通类,2_7_0
31,北京大学,2021,河南,2,本科一批,历史学类,,669.0,674.0,672.0,52.0,3.0,普通类,2_7_0
31,北京大学,2021,河南,1,本科一批,理科试验班类,,706.0,709.0,707.0,20.0,3.0,普通类,1_7_0
31,北京大学,2021,河南,1,本科一批,考古学,,705.0,705.0,705.0,26.0,1.0,普通类,1_7_0
31,北京大学,2021,河南,1,本科一批,工商管理类,,704.0,704.0,704.0,33.0,1.0,普通类,1_7_0
31,北京大学,2021,河南,1,本科一批,数学类,,703.0,704.0,704.0,39.0,2.0,普通类,1_7_0
31,北京大学,2021,河南,1,本科一批,法学,,701.0,701.0,701.0,59.0,1.0,普通类,1_7_0
31,北京大学,2021,河南,1,本科一批,物理学类,,700.0,705.0,702.0,68.0,3.0,普通类,1_7_0
31,北京大学,2021,河南,1,本科一批,计算机类,,699.0,703.0,701.0,83.0,3.0,普通类,1_7_0
31,北京大学,2021,河南,1,本科一批,化学类,,698.0,709.0,704.0,97.0,2.0,普通类,1_7_0
31,北京大学,2021,河南,1,本科一批,天文学,,698.0,698.0,698.0,97.0,1.0,普通类,1_7_0
31,北京大学,2021,河南,1,本科一批,工科试验班类,,698.0,698.0,698.0,97.0,1.0,普通类,1_7_0
31,北京大学,2021,河南,1,本科一批,生物科学类,,698.0,698.0,698.0,97.0,1.0,普通类,1_7_0
31,北京大学,2021,河南,1,本科一批,经济学类,,697.0,700.0,699.0,111.0,2.0,普通类,1_7_0
31,北京大学,2021,河南,1,本科一批,电子信息类,,697.0,698.0,698.0,111.0,6.0,普通类,1_7_0
31,北京大学,2021,广东,2074,本科批,文科试验班类,（201）,668.0,0.0,0.0,20.0,2.0,普通类,2074_14_18551
31,北京大学,2021,广东,2074,本科批,工商管理类,（202）,679.0,0.0,0.0,20.0,2.0,普通类,2074_14_0
31,北京大学,2021,广东,2074,本科批,中国语言文学类,（202）,668.0,0.0,0.0,20.0,2.0,普通类,2074_14_0
31,北京大学,2021,广东,2074,本科批,文科试验班类,（201）,668.0,0.0,0.0,20.0,2.0,普通类,2074_14_0
31,北京大学,2021,广东,2074,本科批,考古学,（202）,667.0,0.0,0.0,20.0,1.0,普通类,2074_14_0
31,北京大学,2021,广东,2074,本科批,历史学类,（202）,666.0,0.0,0.0,20.0,2.0,普通类,2074_14_0
31,北京大学,2021,广东,2074,本科批,经济学类,（202）,666.0,0.0,0.0,20.0,4.0,普通类,2074_14_0
31,北京大学,2021,广东,2074,本科批,法学,（202）,665.0,0.0,0.0,20.0,2.0,普通类,2074_14_0
31,北京大学,2021,广东,2074,本科批,公共管理类,（202）,665.0,0.0,0.0,20.0,2.0,普通类,2074_14_0
31,北京大学,2021,广东,2074,本科批,城乡规划,（202）,664.0,0.0,0.0,23.0,1.0,普通类,2074_14_0
31,北京大学,2021,广东,2074,本科批,新闻传播学类,（202）,664.0,0.0,0.0,23.0,1.0,普通类,2074_14_0
31,北京大学,2021,广东,2074,本科批,社会学类,（202）,663.0,0.0,0.0,26.0,2.0,普通类,2074_14_0
31,北京大学,2021,广东,2074,本科批,人文科学试验班,（202）,663.0,0.0,0.0,26.0,1.0,普通类,2074_14_0
31,北京大学,2021,广东,2074,本科批,信息管理与信息系统,（202）,662.0,0.0,0.0,29.0,2.0,普通类,2074_14_0
31,北京大学,2021,广东,2074,本科批,工商管理类,（202）,679.0,0.0,0.0,20.0,2.0,普通类,2074_14_18552
31,北京大学,2021,广东,2074,本科批,中国语言文学类,（202）,668.0,0.0,0.0,20.0,2.0,普通类,2074_14_18552
31,北京大学,2021,广东,2074,本科批,考古学,（202）,667.0,0.0,0.0,20.0,1.0,普通类,2074_14_18552
31,北京大学,2021,广东,2074,本科批,历史学类,（202）,666.0,0.0,0.0,20.0,2.0,普通类,2074_14_18552
31,北京大学,2021,广东,2074,本科批,经济学类,（202）,666.0,0.0,0.0,20.0,4.0,普通类,2074_14_18552
31,北京大学,2021,广东,2074,本科批,法学,（202）,665.0,0.0,0.0,20.0,2.0,普通类,2074_14_18552
31,北京大学,2021,广东,2074,本科批,公共管理类,（202）,665.0,0.0,0.0,20.0,2.0,普通类,2074_14_18552
31,北京大学,2021,广东,2074,本科批,城乡规划,（202）,664.0,0.0,0.0,23.0,1.0,普通类,2074_14_18552
31,北京大学,2021,广东,2074,本科批,新闻传播学类,（202）,664.0,0.0,0.0,23.0,1.0,普通类,2074_14_18552
31,北京大学,2021,广东,2074,本科批,社会学类,（202）,663.0,0.0,0.0,26.0,2.0,普通类,2074_14_18552
31,北京大学,2021,广东,2074,本科批,人文科学试验班,（202）,663.0,0.0,0.0,26.0,1.0,普通类,2074_14_18552
31,北京大学,2021,广东,2074,本科批,信息管理与信息系统,（202）,662.0,0.0,0.0,29.0,2.0,普通类,2074_14_18552
31,北京大学,2021,广东,2073,本科批,工商管理类,（203）,694.0,0.0,0.0,29.0,1.0,普通类,2073_14_21008
31,北京大学,2021,广东,2073,本科批,经济学类,（203）,692.0,0.0,0.0,44.0,2.0,普通类,2073_14_21008
31,北京大学,2021,广东,2073,本科批,理科试验班类,（203）,692.0,0.0,0.0,44.0,4.0,普通类,2073_14_21008
31,北京大学,2021,广东,2073,本科批,天文学,（203）,690.0,0.0,0.0,64.0,1.0,普通类,2073_14_21008
31,北京大学,2021,广东,2073,本科批,计算机类,（203）,690.0,0.0,0.0,64.0,1.0,普通类,2073_14_21008
31,北京大学,2021,广东,2073,本科批,心理学类,（203）,690.0,0.0,0.0,64.0,1.0,普通类,2073_14_21008
31,北京大学,2021,广东,2073,本科批,物理学类,（203）,690.0,0.0,0.0,64.0,2.0,普通类,2073_14_21008
31,北京大学,2021,广东,2073,本科批,法学,（203）,689.0,0.0,0.0,73.0,3.0,普通类,2073_14_21008
31,北京大学,2021,广东,2073,本科批,电子信息类,（203）,689.0,0.0,0.0,73.0,1.0,普通类,2073_14_21008
31,北京大学,2021,广东,2073,本科批,数学类,（203）,689.0,0.0,0.0,73.0,5.0,普通类,2073_14_21008
31,北京大学,2021,广东,2073,本科批,工商管理类,（203）,694.0,0.0,0.0,29.0,1.0,普通类,2073_14_0
31,北京大学,2021,广东,2073,本科批,经济学类,（203）,692.0,0.0,0.0,44.0,2.0,普通类,2073_14_0
31,北京大学,2021,广东,2073,本科批,理科试验班类,（203）,692.0,0.0,0.0,44.0,4.0,普通类,2073_14_0
31,北京大学,2021,广东,2073,本科批,天文学,（203）,690.0,0.0,0.0,64.0,1.0,普通类,2073_14_0
31,北京大学,2021,广东,2073,本科批,计算机类,（203）,690.0,0.0,0.0,64.0,1.0,普通类,2073_14_0
31,北京大学,2021,广东,2073,本科批,心理学类,（203）,690.0,0.0,0.0,64.0,1.0,普通类,2073_14_0
31,北京大学,2021,广东,2073,本科批,物理学类,（203）,690.0,0.0,0.0,64.0,2.0,普通类,2073_14_0
31,北京大学,2021,广东,2073,本科批,法学,（203）,689.0,0.0,0.0,73.0,3.0,普通类,2073_14_0
31,北京大学,2021,广东,2073,本科批,电子信息类,（203）,689.0,0.0,0.0,73.0,1.0,普通类,2073_14_0
31,北京大学,2021,广东,2073,本科批,数学类,（203）,689.0,0.0,0.0,73.0,5.0,普通类,2073_14_0
31,北京大学,2021,广东,2073,本科批,环境科学,（204）,687.0,0.0,0.0,102.0,1.0,普通类,2073_14_0
31,北京大学,2021,广东,2073,本科批,生物科学类,（204）,687.0,0.0,0.0,102.0,1.0,普通类,2073_14_0
31,北京大学,2021,广东,2073,本科批,环境科学与工程类,（204）,687.0,0.0,0.0,102.0,1.0,普通类,2073_14_0
31,北京大学,2021,广东,2073,本科批,地质学类,（204）,683.0,0.0,0.0,197.0,1.0,普通类,2073_14_0
31,北京大学,2021,广东,2073,本科批,环境科学,（204）,687.0,0.0,0.0,102.0,1.0,普通类,2073_14_21009
31,北京大学,2021,广东,2073,本科批,生物科学类,（204）,687.0,0.0,0.0,102.0,1.0,普通类,2073_14_21009
31,北京大学,2021,广东,2073,本科批,环境科学与工程类,（204）,687.0,0.0,0.0,102.0,1.0,普通类,2073_14_21009
31,北京大学,2021,广东,2073,本科批,地质学类,（204）,683.0,0.0,0.0,197.0,1.0,普通类,2073_14_21009
31,北京大学,2021,广西,1,本科一批,法学,,692.0,694.0,693.0,20.0,2.0,普通类,1_7_0
31,北京大学,2021,广西,1,本科一批,数学类,,689.0,694.0,691.0,24.0,3.0,普通类,1_7_0
31,北京大学,2021,广西,1,本科一批,工商管理类,,687.0,691.0,689.0,30.0,3.0,普通类,1_7_0
31,北京大学,2021,广西,1,本科一批,理科试验班类,,687.0,687.0,687.0,30.0,1.0,普通类,1_7_0
31,北京大学,2021,广西,1,本科一批,电子信息类,,684.0,695.0,689.0,40.0,2.0,普通类,1_7_0
31,北京大学,2021,广西,1,本科一批,计算机类,,683.0,685.0,684.0,43.0,3.0,普通类,1_7_0
31,北京大学,2021,广西,1,本科一批,生物科学类,,682.0,682.0,682.0,48.0,1.0,普通类,1_7_0
31,北京大学,2021,广西,2,本科一批,文科试验班类,,687.0,687.0,687.0,11.0,1.0,普通类,2_7_0
31,北京大学,2021,广西,2,本科一批,法学,,686.0,686.0,686.0,11.0,1.0,普通类,2_7_0
31,北京大学,2021,广西,2,本科一批,考古学,,682.0,682.0,682.0,11.0,1.0,普通类,2_7_0
31,北京大学,2021,广西,2,本科一批,工商管理类,,682.0,682.0,682.0,11.0,2.0,普通类,2_7_0
31,北京大学,2021,广西,2,本科一批,中国语言文学类,,674.0,685.0,678.0,11.0,3.0,普通类,2_7_0
31,北京大学,2021,广西,2,本科一批,国际政治,,671.0,671.0,671.0,11.0,1.0,普通类,2_7_0
31,北京大学,2021,广西,2,本科一批,经济学类,,670.0,670.0,670.0,12.0,1.0,普通类,2_7_0
31,北京大学,2021,广西,2,本科一批,城乡规划,,668.0,668.0,668.0,14.0,1.0,普通类,2_7_0
31,北京大学,2021,广西,2,本科一批,人文科学试验班,,666.0,666.0,666.0,17.0,1.0,普通类,2_7_0
31,北京大学,2021,广西,2,本科一批,新闻传播学类,,666.0,667.0,666.0,17.0,2.0,普通类,2_7_0
31,北京大学,2021,广西,2,本科一批,公共管理类,,666.0,666.0,666.0,17.0,1.0,普通类,2_7_0
31,北京大学,2021,广西,2,本科一批,信息管理与信息系统,,665.0,665.0,665.0,18.0,1.0,普通类,2_7_0
31,北京大学,2021,广西,2,本科一批,英语,,664.0,664.0,664.0,22.0,1.0,普通类,2_7_0
31,北京大学,2021,海南,3,本科批,工商管理类,（02）,852.0,0.0,0.0,14.0,1.0,普通类,3_14_36120
31,北京大学,2021,海南,3,本科批,文科试验班类,（02）,841.0,0.0,0.0,21.0,1.0,普通类,3_14_36120
31,北京大学,2021,海南,3,本科批,经济学类,（02）,835.0,0.0,0.0,26.0,1.0,普通类,3_14_36120
31,北京大学,2021,海南,3,本科批,中国语言文学类,（02）,833.0,0.0,0.0,27.0,1.0,普通类,3_14_36120
31,北京大学,2021,海南,3,本科批,法学,（02）,832.0,0.0,0.0,30.0,1.0,普通类,3_14_36120
31,北京大学,2021,海南,3,本科批,数学类,（03）,889.0,0.0,0.0,4.0,1.0,普通类,3_14_0
31,北京大学,2021,海南,3,本科批,工商管理类,（02）,852.0,0.0,0.0,14.0,1.0,普通类,3_14_0
31,北京大学,2021,海南,3,本科批,电子信息类,（03）,845.0,0.0,0.0,18.0,1.0,普通类,3_14_0
31,北京大学,2021,海南,3,本科批,文科试验班类,（02）,841.0,0.0,0.0,21.0,1.0,普通类,3_14_0
31,北京大学,2021,海南,3,本科批,经济学类,（02）,835.0,0.0,0.0,26.0,1.0,普通类,3_14_0
31,北京大学,2021,海南,3,本科批,中国语言文学类,（02）,833.0,0.0,0.0,27.0,1.0,普通类,3_14_0
31,北京大学,2021,海南,3,本科批,法学,（02）,832.0,0.0,0.0,30.0,1.0,普通类,3_14_0
31,北京大学,2021,海南,3,本科批,生物科学类,（04）,832.0,0.0,0.0,30.0,1.0,普通类,3_14_0
31,北京大学,2021,海南,3,本科批,环境科学与工程类,（04）,828.0,0.0,0.0,33.0,2.0,普通类,3_14_0
31,北京大学,2021,海南,3,本科批,生物科学类,（04）,832.0,0.0,0.0,30.0,1.0,普通类,3_14_36122
31,北京大学,2021,海南,3,本科批,环境科学与工程类,（04）,828.0,0.0,0.0,33.0,2.0,普通类,3_14_36122
31,北京大学,2021,海南,3,本科批,数学类,（03）,889.0,0.0,0.0,4.0,1.0,普通类,3_14_36121
31,北京大学,2021,海南,3,本科批,电子信息类,（03）,845.0,0.0,0.0,18.0,1.0,普通类,3_14_36121
31,北京大学,2021,重庆,2074,本科批,文科试验班类,,675.0,0.0,0.0,61.0,16.0,普通类,2074_14_0
31,北京大学,2021,重庆,2073,本科批,理科试验班类,,704.0,0.0,0.0,145.0,14.0,普通类,2073_14_0
31,北京大学,2021,四川,2,本科一批,工商管理类,,666.0,666.0,666.0,29.0,1.0,普通类,2_7_0
31,北京大学,2021,四川,2,本科一批,文科试验班类,,653.0,653.0,653.0,29.0,1.0,普通类,2_7_0
31,北京大学,2021,四川,2,本科一批,法学,,649.0,654.0,651.0,29.0,3.0,普通类,2_7_0
31,北京大学,2021,四川,2,本科一批,经济学类,,649.0,649.0,649.0,29.0,2.0,普通类,2_7_0
31,北京大学,2021,四川,2,本科一批,中国语言文学类,,647.0,647.0,647.0,29.0,1.0,普通类,2_7_0
31,北京大学,2021,四川,2,本科一批,哲学类,,647.0,647.0,647.0,29.0,1.0,普通类,2_7_0
31,北京大学,2021,四川,2,本科一批,社会学类,,646.0,653.0,650.0,29.0,2.0,普通类,2_7_0
31,北京大学,2021,四川,2,本科一批,新闻传播学类,,645.0,648.0,647.0,29.0,2.0,普通类,2_7_0
31,北京大学,2021,四川,2,本科一批,历史学类,,645.0,647.0,646.0,29.0,2.0,普通类,2_7_0
31,北京大学,2021,四川,2,本科一批,信息管理与信息系统,,644.0,644.0,644.0,29.0,1.0,普通类,2_7_0
31,北京大学,2021,四川,2,本科一批,考古学,,643.0,643.0,643.0,29.0,1.0,普通类,2_7_0
31,北京大学,2021,四川,2,本科一批,城乡规划,,642.0,647.0,645.0,33.0,2.0,普通类,2_7_0
31,北京大学,2021,四川,2,本科一批,英语,,641.0,648.0,645.0,41.0,4.0,普通类,2_7_0
31,北京大学,2021,四川,2,本科一批,国际政治,,641.0,647.0,644.0,41.0,2.0,普通类,2_7_0
31,北京大学,2021,四川,2,本科一批,公共管理类,,641.0,641.0,641.0,41.0,1.0,普通类,2_7_0
31,北京大学,2021,四川,1,本科一批,工商管理类,,703.0,709.0,706.0,49.0,7.0,普通类,1_7_0
31,北京大学,2021,四川,1,本科一批,理科试验班类,,702.0,707.0,704.0,49.0,3.0,普通类,1_7_0
31,北京大学,2021,四川,1,本科一批,国际政治,,701.0,701.0,701.0,49.0,1.0,普通类,1_7_0
31,北京大学,2021,四川,1,本科一批,法学,,701.0,701.0,701.0,49.0,1.0,普通类,1_7_0
31,北京大学,2021,四川,1,本科一批,经济学类,,700.0,703.0,702.0,49.0,2.0,普通类,1_7_0
31,北京大学,2021,四川,1,本科一批,计算机类,,700.0,703.0,701.0,49.0,4.0,普通类,1_7_0
31,北京大学,2021,四川,1,本科一批,数学类,,698.0,701.0,700.0,61.0,4.0,普通类,1_7_0
31,北京大学,2021,四川,1,本科一批,电子信息类,,698.0,699.0,699.0,61.0,2.0,普通类,1_7_0
31,北京大学,2021,贵州,2,本科一批,文科试验班类,,701.0,701.0,0.0,2.0,1.0,普通类,2_7_0
31,北京大学,2021,贵州,2,本科一批,工商管理类,,688.0,688.0,0.0,11.0,1.0,普通类,2_7_0
31,北京大学,2021,贵州,2,本科一批,信息管理与信息系统,,686.0,686.0,0.0,13.0,1.0,普通类,2_7_0
31,北京大学,2021,贵州,2,本科一批,经济学类,,686.0,686.0,0.0,12.0,1.0,普通类,2_7_0
31,北京大学,2021,贵州,2,本科一批,新闻传播学类,,686.0,686.0,0.0,14.0,1.0,普通类,2_7_0
31,北京大学,2021,贵州,2,本科一批,历史学类,,684.0,684.0,0.0,18.0,1.0,普通类,2_7_0
31,北京大学,2021,贵州,2,本科一批,社会学类,,684.0,684.0,0.0,17.0,1.0,普通类,2_7_0
31,北京大学,2021,贵州,2,本科一批,法学,,683.0,691.0,0.0,20.0,2.0,普通类,2_7_0
31,北京大学,2021,贵州,2,本科一批,考古学,,683.0,683.0,0.0,22.0,1.0,普通类,2_7_0
31,北京大学,2021,贵州,2,本科一批,城乡规划,,679.0,679.0,0.0,29.0,1.0,普通类,2_7_0
31,北京大学,2021,贵州,2,本科一批,哲学类,,679.0,679.0,0.0,31.0,1.0,普通类,2_7_0
31,北京大学,2021,贵州,2,本科一批,公共管理类,,679.0,679.0,0.0,32.0,1.0,普通类,2_7_0
31,北京大学,2021,贵州,2,本科一批,中国语言文学类,,677.0,694.0,0.0,42.0,2.0,普通类,2_7_0
31,北京大学,2021,贵州,2,本科一批,国际政治,,677.0,684.0,0.0,43.0,3.0,普通类,2_7_0
31,北京大学,2021,贵州,1,本科一批,理科试验班类,,691.0,691.0,0.0,2.0,1.0,普通类,1_7_0
31,北京大学,2021,贵州,1,本科一批,工商管理类,,690.0,706.0,0.0,3.0,2.0,普通类,1_7_0
31,北京大学,2021,贵州,1,本科一批,计算机类,,679.0,681.0,0.0,16.0,2.0,普通类,1_7_0
31,北京大学,2021,贵州,1,本科一批,物理学类,,672.0,688.0,0.0,38.0,3.0,普通类,1_7_0
31,北京大学,2021,贵州,1,本科一批,经济学类,,671.0,678.0,0.0,40.0,3.0,普通类,1_7_0
31,北京大学,2021,贵州,1,本科一批,城乡规划,,670.0,670.0,0.0,48.0,1.0,普通类,1_7_0
31,北京大学,2021,贵州,1,本科一批,电子信息类,,670.0,672.0,0.0,51.0,4.0,普通类,1_7_0
31,北京大学,2021,云南,2,本科一批,文科试验班类,,698.0,0.0,0.0,54.0,1.0,普通类,2_7_0
31,北京大学,2021,云南,2,本科一批,法学,,696.0,0.0,0.0,54.0,1.0,普通类,2_7_0
31,北京大学,2021,云南,2,本科一批,社会学类,,692.0,0.0,0.0,54.0,1.0,普通类,2_7_0
31,北京大学,2021,云南,2,本科一批,国际政治,,692.0,0.0,0.0,54.0,1.0,普通类,2_7_0
31,北京大学,2021,云南,2,本科一批,工商管理类,,692.0,0.0,0.0,54.0,1.0,普通类,2_7_0
31,北京大学,2021,云南,2,本科一批,英语,,690.0,0.0,0.0,54.0,1.0,普通类,2_7_0
31,北京大学,2021,云南,2,本科一批,中国语言文学类,,688.0,0.0,0.0,54.0,1.0,普通类,2_7_0
31,北京大学,2021,云南,2,本科一批,新闻传播学类,,687.0,0.0,0.0,54.0,1.0,普通类,2_7_0
31,北京大学,2021,云南,2,本科一批,经济学类,,687.0,0.0,0.0,54.0,2.0,普通类,2_7_0
31,北京大学,2021,云南,2,本科一批,公共管理类,,685.0,0.0,0.0,54.0,1.0,普通类,2_7_0
31,北京大学,2021,云南,1,本科一批,理科试验班类,,713.0,0.0,0.0,55.0,1.0,普通类,1_7_0
31,北京大学,2021,云南,1,本科一批,计算机类,,704.0,0.0,0.0,55.0,2.0,普通类,1_7_0
31,北京大学,2021,云南,1,本科一批,数学类,,702.0,0.0,0.0,55.0,2.0,普通类,1_7_0
31,北京大学,2021,云南,1,本科一批,工商管理类,,702.0,0.0,0.0,55.0,1.0,普通类,1_7_0
31,北京大学,2021,云南,1,本科一批,经济学类,,701.0,0.0,0.0,55.0,1.0,普通类,1_7_0
31,北京大学,2021,云南,1,本科一批,电子信息类,,700.0,0.0,0.0,55.0,3.0,普通类,1_7_0
31,北京大学,2021,陕西,2,本科一批,文科试验班类,,689.0,0.0,693.0,10.0,2.0,普通类,2_7_0
31,北京大学,2021,陕西,2,本科一批,法学,,681.0,0.0,681.0,10.0,1.0,普通类,2_7_0
31,北京大学,2021,陕西,2,本科一批,工商管理类,,680.0,0.0,681.0,10.0,2.0,普通类,2_7_0
31,北京大学,2021,陕西,2,本科一批,经济学类,,675.0,0.0,676.0,11.0,4.0,普通类,2_7_0
31,北京大学,2021,陕西,2,本科一批,中国语言文学类,,673.0,0.0,673.0,12.0,1.0,普通类,2_7_0
31,北京大学,2021,陕西,2,本科一批,国际政治,,670.0,0.0,671.0,15.0,2.0,普通类,2_7_0
31,北京大学,2021,陕西,2,本科一批,考古学,,669.0,0.0,669.0,16.0,1.0,普通类,2_7_0
31,北京大学,2021,陕西,2,本科一批,信息管理与信息系统,,668.0,0.0,670.0,17.0,2.0,普通类,2_7_0
31,北京大学,2021,陕西,2,本科一批,城乡规划,,667.0,0.0,667.0,22.0,1.0,普通类,2_7_0
31,北京大学,2021,陕西,2,本科一批,新闻传播学类,,667.0,0.0,667.0,22.0,1.0,普通类,2_7_0
31,北京大学,2021,陕西,2,本科一批,社会学类,,667.0,0.0,667.0,22.0,1.0,普通类,2_7_0
31,北京大学,2021,陕西,2,本科一批,历史学类,,667.0,0.0,667.0,22.0,1.0,普通类,2_7_0
31,北京大学,2021,陕西,2,本科一批,公共管理类,,667.0,0.0,667.0,22.0,1.0,普通类,2_7_0
31,北京大学,2021,陕西,2,本科一批,哲学类,,666.0,0.0,666.0,24.0,1.0,普通类,2_7_0
31,北京大学,2021,陕西,2,本科一批,英语,,666.0,0.0,666.0,24.0,1.0,普通类,2_7_0
31,北京大学,2021,陕西,1,本科一批,经济学类,,701.0,0.0,701.0,23.0,1.0,普通类,1_7_0
31,北京大学,2021,陕西,1,本科一批,理科试验班类,,698.0,0.0,705.0,38.0,6.0,普通类,1_7_0
31,北京大学,2021,陕西,1,本科一批,物理学类,,698.0,0.0,702.0,38.0,2.0,普通类,1_7_0
31,北京大学,2021,陕西,1,本科一批,数学类,,698.0,0.0,699.0,38.0,2.0,普通类,1_7_0
31,北京大学,2021,陕西,1,本科一批,生物科学类,,697.0,0.0,699.0,42.0,2.0,普通类,1_7_0
31,北京大学,2021,陕西,1,本科一批,计算机类,,696.0,0.0,699.0,49.0,5.0,普通类,1_7_0
31,北京大学,2021,陕西,1,本科一批,信息管理与信息系统,,696.0,0.0,696.0,49.0,1.0,普通类,1_7_0
31,北京大学,2021,陕西,1,本科一批,化学类,,696.0,0.0,696.0,49.0,1.0,普通类,1_7_0
31,北京大学,2021,陕西,1,本科一批,电子信息类,,694.0,0.0,694.0,64.0,1.0,普通类,1_7_0
31,北京大学,2021,甘肃,2,本科一批I段,文科试验班类,,666.0,666.0,666.0,16.0,,普通类,2_111_0
31,北京大学,2021,甘肃,2,本科一批I段,工商管理类,,660.0,660.0,660.0,16.0,,普通类,2_111_0
31,北京大学,2021,甘肃,2,本科一批I段,法学,,656.0,656.0,656.0,16.0,,普通类,2_111_0
31,北京大学,2021,甘肃,2,本科一批I段,中国语言文学类,,656.0,656.0,656.0,16.0,,普通类,2_111_0
31,北京大学,2021,甘肃,2,本科一批I段,公共管理类,,653.0,653.0,653.0,16.0,,普通类,2_111_0
31,北京大学,2021,甘肃,2,本科一批I段,经济学类,,652.0,652.0,652.0,16.0,,普通类,2_111_0
31,北京大学,2021,甘肃,2,本科一批I段,国际政治,,652.0,652.0,652.0,16.0,,普通类,2_111_0
31,北京大学,2021,甘肃,2,本科一批I段,历史学类,,649.0,662.0,656.0,16.0,,普通类,2_111_0
31,北京大学,2021,甘肃,2,本科一批I段,新闻传播学类,,649.0,649.0,649.0,16.0,,普通类,2_111_0
31,北京大学,2021,甘肃,1,本科一批I段,物理学类,,679.0,685.0,682.0,37.0,,普通类,1_111_0
31,北京大学,2021,甘肃,1,本科一批I段,数学类,,677.0,677.0,677.0,37.0,,普通类,1_111_0
31,北京大学,2021,甘肃,1,本科一批I段,理科试验班类,,674.0,685.0,680.0,37.0,,普通类,1_111_0
31,北京大学,2021,甘肃,1,本科一批I段,计算机类,,665.0,677.0,671.0,48.0,,普通类,1_111_0
31,北京大学,2021,青海,1,本科一段,工商管理类,,656.0,656.0,656.0,4.0,1.0,普通类,1_1564_0
31,北京大学,2021,青海,1,本科一段,理科试验班类,,647.0,647.0,647.0,7.0,1.0,普通类,1_1564_0
31,北京大学,2021,青海,1,本科一段,经济学类,,630.0,630.0,630.0,21.0,1.0,普通类,1_1564_0
31,北京大学,2021,青海,1,本科一段,计算机类,,629.0,629.0,629.0,23.0,1.0,普通类,1_1564_0
31,北京大学,2021,青海,1,本科一段,工科试验班类,,628.0,628.0,628.0,25.0,1.0,普通类,1_1564_0
31,北京大学,2021,青海,1,本科一段,生物科学类,,627.0,631.0,629.0,26.0,2.0,普通类,1_1564_0
31,北京大学,2021,青海,2,本科一段,法学,,650.0,652.0,651.0,2.0,2.0,普通类,2_1564_0
31,北京大学,2021,青海,2,本科一段,经济学类,,636.0,643.0,640.0,6.0,2.0,普通类,2_1564_0
31,北京大学,2021,青海,2,本科一段,国际政治,,631.0,639.0,635.0,9.0,2.0,普通类,2_1564_0
31,北京大学,2021,青海,2,本科一段,社会学类,,629.0,629.0,629.0,10.0,1.0,普通类,2_1564_0
31,北京大学,2021,青海,2,本科一段,英语,,622.0,622.0,622.0,14.0,1.0,普通类,2_1564_0
31,北京大学,2021,宁夏,1,本科一批,工商管理类,,655.0,0.0,0.0,64.0,1.0,普通类,1_7_0
31,北京大学,2021,宁夏,1,本科一批,生物科学类,,650.0,0.0,0.0,64.0,1.0,普通类,1_7_0
31,北京大学,2021,宁夏,1,本科一批,物理学类,,649.0,0.0,0.0,64.0,1.0,普通类,1_7_0
31,北京大学,2021,宁夏,1,本科一批,化学类,,648.0,0.0,0.0,64.0,1.0,普通类,1_7_0
31,北京大学,2021,宁夏,1,本科一批,电子信息类,,645.0,0.0,0.0,64.0,1.0,普通类,1_7_0
31,北京大学,2021,宁夏,1,本科一批,理科试验班类,,645.0,0.0,0.0,64.0,1.0,普通类,1_7_0
31,北京大学,2021,宁夏,1,本科一批,数学类,,643.0,0.0,0.0,64.0,1.0,普通类,1_7_0
31,北京大学,2021,宁夏,1,本科一批,计算机类,,643.0,0.0,0.0,64.0,1.0,普通类,1_7_0
31,北京大学,2021,宁夏,2,本科一批,经济学类,,670.0,0.0,0.0,246.0,1.0,普通类,2_7_0
31,北京大学,2021,宁夏,2,本科一批,工商管理类,,670.0,0.0,0.0,246.0,1.0,普通类,2_7_0
31,北京大学,2021,宁夏,2,本科一批,法学,,662.0,0.0,0.0,246.0,1.0,普通类,2_7_0
31,北京大学,2021,宁夏,2,本科一批,新闻传播学类,,661.0,0.0,0.0,246.0,1.0,普通类,2_7_0
31,北京大学,2021,宁夏,2,本科一批,国际政治,,661.0,0.0,0.0,246.0,1.0,普通类,2_7_0
31,北京大学,2021,宁夏,2,本科一批,文科试验班类,,660.0,0.0,0.0,246.0,1.0,普通类,2_7_0
31,北京大学,2021,宁夏,2,本科一批,中国语言文学类,,659.0,0.0,0.0,246.0,1.0,普通类,2_7_0
31,北京大学,2021,宁夏,2,本科一批,社会学类,,658.0,0.0,0.0,246.0,1.0,普通类,2_7_0
31,北京大学,2021,宁夏,2,本科一批,公共管理类,,658.0,0.0,0.0,246.0,1.0,普通类,2_7_0
31,北京大学,2021,新疆,2,本科一批,文科试验班类,,653.0,653.0,0.0,,1.0,普通类,2_7_0
31,北京大学,2021,新疆,2,本科一批,信息管理与信息系统,,643.0,643.0,0.0,,1.0,普通类,2_7_0
31,北京大学,2021,新疆,2,本科一批,工商管理类,,643.0,643.0,0.0,,1.0,普通类,2_7_0
31,北京大学,2021,新疆,2,本科一批,法学,,633.0,645.0,0.0,,2.0,普通类,2_7_0
31,北京大学,2021,新疆,2,本科一批,新闻传播学类,,632.0,632.0,0.0,,1.0,普通类,2_7_0
31,北京大学,2021,新疆,2,本科一批,国际政治,,630.0,634.0,0.0,,2.0,普通类,2_7_0
31,北京大学,2021,新疆,2,本科一批,经济学类,,629.0,642.0,0.0,,1.0,普通类,2_7_0
31,北京大学,2021,新疆,2,本科一批,人文科学试验班,,629.0,629.0,0.0,,1.0,普通类,2_7_0
31,北京大学,2021,新疆,2,本科一批,社会学类,,628.0,635.0,0.0,,1.0,普通类,2_7_0
31,北京大学,2021,新疆,2,本科一批,中国语言文学类,,628.0,631.0,0.0,,1.0,普通类,2_7_0
31,北京大学,2021,新疆,1,本科一批,理科试验班类,,670.0,670.0,0.0,,1.0,普通类,1_7_0
31,北京大学,2021,新疆,1,本科一批,工商管理类,,668.0,668.0,0.0,,1.0,普通类,1_7_0
31,北京大学,2021,新疆,1,本科一批,数学类,,663.0,663.0,0.0,,1.0,普通类,1_7_0
31,北京大学,2021,新疆,1,本科一批,电子信息类,,660.0,660.0,0.0,,1.0,普通类,1_7_0
31,北京大学,2021,新疆,1,本科一批,物理学类,,656.0,697.0,0.0,,1.0,普通类,1_7_0
31,北京大学,2021,新疆,1,本科一批,计算机类,,654.0,665.0,0.0,,1.0,普通类,1_7_0
31,北京大学,2021,新疆,1,本科一批,化学类,,654.0,654.0,0.0,,1.0,普通类,1_7_0
31,北京大学,2022,北京,3,本科批,心理学类,（03）,0.0,0.0,0.0,,,普通类,3_14_51410
31,北京大学,2022,北京,3,本科批,化学类,（04）,0.0,0.0,0.0,,,普通类,3_14_0
31,北京大学,2022,北京,3,本科批,心理学类,（03）,0.0,0.0,0.0,,,普通类,3_14_0
31,北京大学,2022,北京,3,本科批,城乡规划,（01）,0.0,0.0,0.0,,,普通类,3_14_0
31,北京大学,2022,北京,3,本科批,应用心理学,（01）,0.0,0.0,0.0,,,普通类,3_14_0
31,北京大学,2022,北京,3,本科批,化学类,（04）,0.0,0.0,0.0,,,普通类,3_14_51411
31,北京大学,2022,北京,3,本科批,城乡规划,（01）,0.0,0.0,0.0,,,普通类,3_14_51408
31,北京大学,2022,北京,3,本科批,应用心理学,（01）,0.0,0.0,0.0,,,普通类,3_14_51408
31,北京大学,2022,天津,3,本科批A段,文科试验班类,（2）,716.0,0.0,0.0,15.0,1.0,普通类,3_46_61461
31,北京大学,2022,天津,3,本科批A段,法学,（2）,710.0,0.0,0.0,60.0,1.0,普通类,3_46_61461
31,北京大学,2022,天津,3,本科批A段,哲学类,（2）,710.0,0.0,0.0,60.0,1.0,普通类,3_46_61461
31,北京大学,2022,天津,3,本科批A段,工商管理类,（2）,710.0,0.0,0.0,60.0,5.0,普通类,3_46_61461
31,北京大学,2022,天津,3,本科批A段,国际政治,（2）,709.0,0.0,0.0,67.0,2.0,普通类,3_46_61461
31,北京大学,2022,天津,3,本科批A段,经济学类,（2）,708.0,0.0,0.0,79.0,2.0,普通类,3_46_61461
31,北京大学,2022,天津,3,本科批A段,公共管理类,（2）,708.0,0.0,0.0,79.0,1.0,普通类,3_46_61461
31,北京大学,2022,天津,3,本科批A段,信息管理与信息系统,（2）,707.0,0.0,0.0,86.0,2.0,普通类,3_46_61461
31,北京大学,2022,天津,3,本科批A段,中国语言文学类,（2）,706.0,0.0,0.0,100.0,1.0,普通类,3_46_61461
31,北京大学,2022,天津,3,本科批A段,化学类,（4）,716.0,0.0,0.0,15.0,1.0,普通类,3_46_0
31,北京大学,2022,天津,3,本科批A段,文科试验班类,（2）,716.0,0.0,0.0,15.0,1.0,普通类,3_46_0
31,北京大学,2022,天津,3,本科批A段,心理学类,（3）,713.0,0.0,0.0,29.0,1.0,普通类,3_46_0
31,北京大学,2022,天津,3,本科批A段,理科试验班类,（3）,713.0,0.0,0.0,29.0,3.0,普通类,3_46_0
31,北京大学,2022,天津,3,本科批A段,计算机类,（3）,711.0,0.0,0.0,43.0,2.0,普通类,3_46_0
31,北京大学,2022,天津,3,本科批A段,法学,（2）,710.0,0.0,0.0,60.0,1.0,普通类,3_46_0
31,北京大学,2022,天津,3,本科批A段,哲学类,（2）,710.0,0.0,0.0,60.0,1.0,普通类,3_46_0
31,北京大学,2022,天津,3,本科批A段,数学类,（3）,710.0,0.0,0.0,60.0,3.0,普通类,3_46_0
31,北京大学,2022,天津,3,本科批A段,工商管理类,（2）,710.0,0.0,0.0,60.0,5.0,普通类,3_46_0
31,北京大学,2022,天津,3,本科批A段,国际政治,（2）,709.0,0.0,0.0,67.0,2.0,普通类,3_46_0
31,北京大学,2022,天津,3,本科批A段,电子信息类,（3）,709.0,0.0,0.0,67.0,3.0,普通类,3_46_0
31,北京大学,2022,天津,3,本科批A段,经济学类,（2）,708.0,0.0,0.0,79.0,2.0,普通类,3_46_0
31,北京大学,2022,天津,3,本科批A段,公共管理类,（2）,708.0,0.0,0.0,79.0,1.0,普通类,3_46_0
31,北京大学,2022,天津,3,本科批A段,地球物理学类,（3）,708.0,0.0,0.0,79.0,1.0,普通类,3_46_0
31,北京大学,2022,天津,3,本科批A段,信息管理与信息系统,（2）,707.0,0.0,0.0,86.0,2.0,普通类,3_46_0
31,北京大学,2022,天津,3,本科批A段,物理学类,（3）,707.0,0.0,0.0,86.0,1.0,普通类,3_46_0
31,北京大学,2022,天津,3,本科批A段,生物科学类,（4）,707.0,0.0,0.0,86.0,1.0,普通类,3_46_0
31,北京大学,2022,天津,3,本科批A段,环境科学,（4）,706.0,0.0,0.0,100.0,2.0,普通类,3_46_0
31,北京大学,2022,天津,3,本科批A段,环境科学与工程类,（4）,706.0,0.0,0.0,100.0,2.0,普通类,3_46_0
31,北京大学,2022,天津,3,本科批A段,中国语言文学类,（2）,706.0,0.0,0.0,100.0,1.0,普通类,3_46_0
31,北京大学,2022,天津,3,本科批A段,化学类,（4）,716.0,0.0,0.0,15.0,1.0,普通类,3_46_60388
31,北京大学,2022,天津,3,本科批A段,生物科学类,（4）,707.0,0.0,0.0,86.0,1.0,普通类,3_46_60388
31,北京大学,2022,天津,3,本科批A段,环境科学,（4）,706.0,0.0,0.0,100.0,2.0,普通类,3_46_60388
31,北京大学,2022,天津,3,本科批A段,环境科学与工程类,（4）,706.0,0.0,0.0,100.0,2.0,普通类,3_46_60388
31,北京大学,2022,天津,3,本科批A段,心理学类,（3）,713.0,0.0,0.0,29.0,1.0,普通类,3_46_60825
31,北京大学,2022,天津,3,本科批A段,理科试验班类,（3）,713.0,0.0,0.0,29.0,3.0,普通类,3_46_60825
31,北京大学,2022,天津,3,本科批A段,计算机类,（3）,711.0,0.0,0.0,43.0,2.0,普通类,3_46_60825
31,北京大学,2022,天津,3,本科批A段,数学类,（3）,710.0,0.0,0.0,60.0,3.0,普通类,3_46_60825
31,北京大学,2022,天津,3,本科批A段,电子信息类,（3）,709.0,0.0,0.0,67.0,3.0,普通类,3_46_60825
31,北京大学,2022,天津,3,本科批A段,地球物理学类,（3）,708.0,0.0,0.0,79.0,1.0,普通类,3_46_60825
31,北京大学,2022,天津,3,本科批A段,物理学类,（3）,707.0,0.0,0.0,86.0,1.0,普通类,3_46_60825
31,北京大学,2022,河北,2074,本科批,文科试验班类,,656.0,0.0,0.0,32.0,22.0,普通类,2074_14_0
31,北京大学,2022,河北,2073,本科批,理科试验班类,,676.0,0.0,0.0,60.0,18.0,普通类,2073_14_0
31,北京大学,2022,山西,2,本科一批A段,文科试验班类,,635.0,0.0,640.0,9.0,1.0,普通类,2_51_0
31,北京大学,2022,山西,2,本科一批A段,工商管理类,,626.0,0.0,626.0,9.0,1.0,普通类,2_51_0
31,北京大学,2022,山西,2,本科一批A段,法学,,624.0,0.0,628.0,13.0,2.0,普通类,2_51_0
31,北京大学,2022,山西,2,本科一批A段,经济学类,,624.0,0.0,624.0,13.0,1.0,普通类,2_51_0
31,北京大学,2022,山西,2,本科一批A段,中国语言文学类,,624.0,0.0,624.0,13.0,1.0,普通类,2_51_0
31,北京大学,2022,山西,2,本科一批A段,国际政治,,623.0,0.0,623.0,17.0,2.0,普通类,2_51_0
31,北京大学,2022,山西,2,本科一批A段,公共管理类,,623.0,0.0,623.0,17.0,1.0,普通类,2_51_0
31,北京大学,2022,山西,2,本科一批A段,哲学类,,622.0,0.0,622.0,19.0,1.0,普通类,2_51_0
31,北京大学,2022,山西,2,本科一批A段,社会学类,,622.0,0.0,622.0,19.0,2.0,普通类,2_51_0
31,北京大学,2022,山西,2,本科一批A段,信息管理与信息系统,,621.0,0.0,621.0,24.0,1.0,普通类,2_51_0
31,北京大学,2022,山西,2,本科一批A段,英语,,621.0,0.0,621.0,24.0,2.0,普通类,2_51_0
31,北京大学,2022,山西,2,本科一批A段,新闻传播学类,,621.0,0.0,621.0,24.0,1.0,普通类,2_51_0
31,北京大学,2022,山西,2,本科一批A段,历史学类,,620.0,0.0,620.0,26.0,1.0,普通类,2_51_0
31,北京大学,2022,山西,2,本科一批A段,城乡规划,,618.0,0.0,618.0,30.0,1.0,普通类,2_51_0
31,北京大学,2022,山西,1,本科一批A段,理科试验班类,,683.0,0.0,686.0,10.0,1.0,普通类,1_51_0
31,北京大学,2022,山西,1,本科一批A段,工商管理类,,673.0,0.0,673.0,37.0,1.0,普通类,1_51_0
31,北京大学,2022,山西,1,本科一批A段,物理学类,,669.0,0.0,671.0,56.0,1.0,普通类,1_51_0
31,北京大学,2022,山西,1,本科一批A段,经济学类,,669.0,0.0,669.0,56.0,1.0,普通类,1_51_0
31,北京大学,2022,山西,1,本科一批A段,数学类,,669.0,0.0,669.0,56.0,1.0,普通类,1_51_0
31,北京大学,2022,山西,1,本科一批A段,计算机类,,667.0,0.0,673.0,70.0,1.0,普通类,1_51_0
31,北京大学,2022,山西,1,本科一批A段,生物科学类,,667.0,0.0,667.0,70.0,1.0,普通类,1_51_0
31,北京大学,2022,山西,1,本科一批A段,信息管理与信息系统,,666.0,0.0,666.0,76.0,1.0,普通类,1_51_0
31,北京大学,2022,山西,1,本科一批A段,化学类,,666.0,0.0,666.0,76.0,1.0,普通类,1_51_0
31,北京大学,2022,山西,1,本科一批A段,电子信息类,,666.0,0.0,666.0,76.0,1.0,普通类,1_51_0
31,北京大学,2022,山西,1,本科一批A段,法学,,665.0,0.0,665.0,80.0,1.0,普通类,1_51_0
31,北京大学,2022,内蒙古,2,本科一批,工商管理类,,635.0,645.0,0.0,,2.0,普通类,2_7_0
31,北京大学,2022,内蒙古,2,本科一批,法学,,624.0,624.0,0.0,,1.0,普通类,2_7_0
31,北京大学,2022,内蒙古,2,本科一批,中国语言文学类,,623.0,635.0,0.0,,2.0,普通类,2_7_0
31,北京大学,2022,内蒙古,2,本科一批,经济学类,,623.0,624.0,0.0,,2.0,普通类,2_7_0
31,北京大学,2022,内蒙古,2,本科一批,公共管理类,,623.0,623.0,0.0,,1.0,普通类,2_7_0
31,北京大学,2022,内蒙古,2,本科一批,文科试验班类,,622.0,622.0,0.0,,1.0,普通类,2_7_0
31,北京大学,2022,内蒙古,2,本科一批,社会学类,,621.0,621.0,0.0,,1.0,普通类,2_7_0
31,北京大学,2022,内蒙古,2,本科提前批B段,法学,,607.0,607.0,0.0,,,普通类,2_37_0
31,北京大学,2022,内蒙古,2,本科提前批B段,社会学类,,600.0,600.0,0.0,,,普通类,2_37_0
31,北京大学,2022,内蒙古,2,本科提前批B段,国际政治,,597.0,597.0,0.0,103.0,,普通类,2_37_0
31,北京大学,2022,内蒙古,2,本科提前批B段,新闻传播学类,,591.0,591.0,0.0,139.0,,普通类,2_37_0
31,北京大学,2022,内蒙古,1,本科一批,生物科学类,,686.0,686.0,0.0,,,普通类,1_7_0
31,北京大学,2022,内蒙古,1,本科一批,工商管理类,,677.0,684.0,0.0,,,普通类,1_7_0
31,北京大学,2022,内蒙古,1,本科一批,理科试验班类,,676.0,676.0,0.0,,,普通类,1_7_0
31,北京大学,2022,内蒙古,1,本科一批,电子信息类,,665.0,665.0,0.0,,,普通类,1_7_0
31,北京大学,2022,内蒙古,1,本科一批,计算机类,,665.0,666.0,0.0,,,普通类,1_7_0
31,北京大学,2022,内蒙古,1,本科一批,工科试验班类,,639.0,639.0,0.0,248.0,,普通类,1_7_0
31,北京大学,2022,内蒙古,1,本科提前批B段,工科试验班类,,654.0,658.0,0.0,,,普通类,1_37_0
31,北京大学,2022,内蒙古,1,本科提前批B段,心理学类,,647.0,647.0,0.0,160.0,,普通类,1_37_0
31,北京大学,2022,内蒙古,1,本科提前批B段,环境科学,,646.0,646.0,0.0,170.0,,普通类,1_37_0
31,北京大学,2022,辽宁,2074,本科批,文科试验班类,,654.0,0.0,0.0,34.0,,普通类,2074_14_0
31,北京大学,2022,辽宁,2073,本科批,理科试验班类,,683.0,0.0,0.0,56.0,,普通类,2073_14_0
31,北京大学,2022,吉林,2,本科一批A段,哲学类,,647.0,647.0,647.0,104.0,1.0,普通类,2_51_0
31,北京大学,2022,吉林,2,本科一批A段,文科试验班类,,631.0,631.0,631.0,104.0,1.0,普通类,2_51_0
31,北京大学,2022,吉林,2,本科一批A段,经济学类,,628.0,628.0,628.0,104.0,1.0,普通类,2_51_0
31,北京大学,2022,吉林,2,本科一批A段,法学,,623.0,626.0,624.0,104.0,3.0,普通类,2_51_0
31,北京大学,2022,吉林,2,本科一批A段,工商管理类,,622.0,622.0,622.0,104.0,1.0,普通类,2_51_0
31,北京大学,2022,吉林,2,本科一批A段,历史学类,,620.0,620.0,620.0,104.0,1.0,普通类,2_51_0
31,北京大学,2022,吉林,2,本科一批A段,公共管理类,,619.0,619.0,619.0,104.0,1.0,普通类,2_51_0
31,北京大学,2022,吉林,2,本科一批A段,中国语言文学类,,618.0,630.0,624.0,104.0,3.0,普通类,2_51_0
31,北京大学,2022,吉林,2,本科一批A段,国际政治,,618.0,620.0,619.0,104.0,2.0,普通类,2_51_0
31,北京大学,2022,吉林,2,本科一批A段,社会学类,,618.0,618.0,618.0,104.0,2.0,普通类,2_51_0
31,北京大学,2022,吉林,2,本科一批A段,人文科学试验班,,614.0,614.0,614.0,104.0,1.0,普通类,2_51_0
31,北京大学,2022,吉林,2,本科一批A段,城乡规划,,613.0,624.0,619.0,104.0,2.0,普通类,2_51_0
31,北京大学,2022,吉林,2,本科一批A段,英语,,612.0,615.0,614.0,104.0,2.0,普通类,2_51_0
31,北京大学,2022,吉林,2,本科一批A段,信息管理与信息系统,,612.0,612.0,612.0,104.0,1.0,普通类,2_51_0
31,北京大学,2022,吉林,2,本科一批A段,新闻传播学类,,612.0,612.0,612.0,104.0,1.0,普通类,2_51_0
31,北京大学,2022,吉林,2,本科一批A段,考古学,,607.0,607.0,607.0,104.0,1.0,普通类,2_51_0
31,北京大学,2022,吉林,1,本科一批A段,数学类,,697.0,705.0,701.0,106.0,2.0,普通类,1_51_0
31,北京大学,2022,吉林,1,本科一批A段,生物科学类,,687.0,687.0,687.0,106.0,1.0,普通类,1_51_0
31,北京大学,2022,吉林,1,本科一批A段,化学类,,686.0,686.0,686.0,106.0,1.0,普通类,1_51_0
31,北京大学,2022,吉林,1,本科一批A段,工商管理类,,676.0,676.0,676.0,106.0,1.0,普通类,1_51_0
31,北京大学,2022,吉林,1,本科一批A段,计算机类,,674.0,680.0,676.0,106.0,3.0,普通类,1_51_0
31,北京大学,2022,吉林,1,本科一批A段,电子信息类,,674.0,674.0,674.0,106.0,1.0,普通类,1_51_0
31,北京大学,2022,吉林,1,本科一批A段,物理学类,,673.0,673.0,673.0,106.0,1.0,普通类,1_51_0
31,北京大学,2022,吉林,1,本科一批A段,理科试验班类,,673.0,673.0,673.0,106.0,1.0,普通类,1_51_0
31,北京大学,2022,吉林,1,本科一批A段,经济学类,,672.0,674.0,673.0,106.0,2.0,普通类,1_51_0
31,北京大学,2022,吉林,1,本科一批A段,工科试验班类,,672.0,672.0,672.0,106.0,1.0,普通类,1_51_0
31,北京大学,2022,黑龙江,1,本科一批A段,理科试验班类,,682.0,682.0,0.0,17.0,1.0,普通类,1_51_0
31,北京大学,2022,黑龙江,1,本科一批A段,工商管理类,,670.0,672.0,0.0,17.0,1.0,普通类,1_51_0
31,北京大学,2022,黑龙江,1,本科一批A段,计算机类,,669.0,669.0,0.0,17.0,1.0,普通类,1_51_0
31,北京大学,2022,黑龙江,1,本科一批A段,电子信息类,,668.0,668.0,0.0,17.0,1.0,普通类,1_51_0
31,北京大学,2022,黑龙江,1,本科一批A段,数学类,,668.0,673.0,0.0,17.0,1.0,普通类,1_51_0
31,北京大学,2022,黑龙江,1,本科一批A段,工科试验班类,,665.0,665.0,0.0,53.0,1.0,普通类,1_51_0
31,北京大学,2022,黑龙江,1,本科一批A段,经济学类,,665.0,667.0,0.0,17.0,1.0,普通类,1_51_0
31,北京大学,2022,黑龙江,1,本科一批A段,地球物理学类,,665.0,665.0,0.0,17.0,1.0,普通类,1_51_0
31,北京大学,2022,黑龙江,1,本科一批A段,物理学类,,664.0,672.0,0.0,17.0,1.0,普通类,1_51_0
31,北京大学,2022,黑龙江,1,本科一批A段,环境科学,,663.0,663.0,0.0,17.0,1.0,普通类,1_51_0
31,北京大学,2022,黑龙江,1,本科一批A段,生物科学类,,662.0,662.0,0.0,17.0,1.0,普通类,1_51_0
31,北京大学,2022,黑龙江,2,提前批,朝鲜语,,623.0,623.0,0.0,22.0,,普通类,2_1989_0
31,北京大学,2022,黑龙江,2,提前批,俄语,,621.0,621.0,0.0,28.0,,普通类,2_1989_0
31,北京大学,2022,黑龙江,2,提前批,日语,,621.0,621.0,0.0,28.0,,普通类,2_1989_0
31,北京大学,2022,黑龙江,2,本科一批A段,法学,,645.0,645.0,0.0,15.0,1.0,普通类,2_51_0
31,北京大学,2022,黑龙江,2,本科一批A段,工商管理类,,641.0,641.0,0.0,15.0,1.0,普通类,2_51_0
31,北京大学,2022,黑龙江,2,本科一批A段,文科试验班类,,636.0,667.0,0.0,15.0,1.0,普通类,2_51_0
31,北京大学,2022,黑龙江,2,本科一批A段,历史学类,,634.0,634.0,0.0,15.0,1.0,普通类,2_51_0
31,北京大学,2022,黑龙江,2,本科一批A段,经济学类,,632.0,632.0,0.0,15.0,1.0,普通类,2_51_0
31,北京大学,2022,黑龙江,2,本科一批A段,公共管理类,,632.0,632.0,0.0,15.0,1.0,普通类,2_51_0
31,北京大学,2022,黑龙江,2,本科一批A段,国际政治,,629.0,630.0,0.0,15.0,1.0,普通类,2_51_0
31,北京大学,2022,黑龙江,2,本科一批A段,哲学类,,628.0,628.0,0.0,15.0,1.0,普通类,2_51_0
31,北京大学,2022,黑龙江,2,本科一批A段,中国语言文学类,,628.0,628.0,0.0,15.0,1.0,普通类,2_51_0
31,北京大学,2022,黑龙江,2,本科一批A段,城乡规划,,627.0,627.0,0.0,15.0,1.0,普通类,2_51_0
31,北京大学,2022,黑龙江,2,本科一批A段,社会学类,,626.0,626.0,0.0,17.0,1.0,普通类,2_51_0
31,北京大学,2022,黑龙江,2,本科一批A段,新闻传播学类,,625.0,625.0,0.0,19.0,1.0,普通类,2_51_0
31,北京大学,2022,黑龙江,2,本科一批A段,英语,,625.0,625.0,0.0,19.0,1.0,普通类,2_51_0
31,北京大学,2022,江苏,2074,本科批,工商管理类,（03）,653.0,653.0,0.0,,1.0,普通类,2074_14_74995
31,北京大学,2022,江苏,2074,本科批,文科试验班类,（03）,646.0,658.0,0.0,,1.0,普通类,2074_14_74995
31,北京大学,2022,江苏,2074,本科批,法学,（03）,642.0,642.0,0.0,,3.0,普通类,2074_14_74995
31,北京大学,2022,江苏,2074,本科批,公共管理类,（03）,637.0,638.0,0.0,,2.0,普通类,2074_14_74995
31,北京大学,2022,江苏,2074,本科批,中国语言文学类,（03）,636.0,637.0,0.0,,2.0,普通类,2074_14_74995
31,北京大学,2022,江苏,2074,本科批,哲学类,（03）,636.0,636.0,0.0,,1.0,普通类,2074_14_74995
31,北京大学,2022,江苏,2074,本科批,经济学类,（03）,636.0,638.0,0.0,,2.0,普通类,2074_14_74995
31,北京大学,2022,江苏,2074,本科批,历史学类,（03）,635.0,635.0,0.0,,1.0,普通类,2074_14_74995
31,北京大学,2022,江苏,2074,本科批,社会学类,（03）,635.0,635.0,0.0,,2.0,普通类,2074_14_74995
31,北京大学,2022,江苏,2074,本科批,英语,（03）,634.0,634.0,0.0,,3.0,普通类,2074_14_74995
31,北京大学,2022,江苏,2074,本科批,人文科学试验班,（03）,634.0,634.0,0.0,,2.0,普通类,2074_14_74995
31,北京大学,2022,江苏,2074,本科批,信息管理与信息系统,（03）,633.0,633.0,0.0,,2.0,普通类,2074_14_74995
31,北京大学,2022,江苏,2074,本科批,城乡规划,（03）,632.0,632.0,0.0,,3.0,普通类,2074_14_74995
31,北京大学,2022,江苏,2074,本科批,考古学,（03）,631.0,637.0,0.0,,1.0,普通类,2074_14_74995
31,北京大学,2022,江苏,2074,本科批,新闻传播学类,（03）,631.0,635.0,0.0,,2.0,普通类,2074_14_74995
31,北京大学,2022,江苏,2074,本科批,工商管理类,（03）,653.0,653.0,0.0,,1.0,普通类,2074_14_0
31,北京大学,2022,江苏,2074,本科批,文科试验班类,（03）,646.0,658.0,0.0,,1.0,普通类,2074_14_0
31,北京大学,2022,江苏,2074,本科批,法学,（03）,642.0,642.0,0.0,,3.0,普通类,2074_14_0
31,北京大学,2022,江苏,2074,本科批,公共管理类,（03）,637.0,638.0,0.0,,2.0,普通类,2074_14_0
31,北京大学,2022,江苏,2074,本科批,中国语言文学类,（03）,636.0,637.0,0.0,,2.0,普通类,2074_14_0
31,北京大学,2022,江苏,2074,本科批,哲学类,（03）,636.0,636.0,0.0,,1.0,普通类,2074_14_0
31,北京大学,2022,江苏,2074,本科批,经济学类,（03）,636.0,638.0,0.0,,2.0,普通类,2074_14_0
31,北京大学,2022,江苏,2074,本科批,历史学类,（03）,635.0,635.0,0.0,,1.0,普通类,2074_14_0
31,北京大学,2022,江苏,2074,本科批,社会学类,（03）,635.0,635.0,0.0,,2.0,普通类,2074_14_0
31,北京大学,2022,江苏,2074,本科批,英语,（03）,634.0,634.0,0.0,,3.0,普通类,2074_14_0
31,北京大学,2022,江苏,2074,本科批,人文科学试验班,（03）,634.0,634.0,0.0,,2.0,普通类,2074_14_0
31,北京大学,2022,江苏,2074,本科批,信息管理与信息系统,（03）,633.0,633.0,0.0,,2.0,普通类,2074_14_0
31,北京大学,2022,江苏,2074,本科批,城乡规划,（03）,632.0,632.0,0.0,,3.0,普通类,2074_14_0
31,北京大学,2022,江苏,2074,本科批,考古学,（03）,631.0,637.0,0.0,,1.0,普通类,2074_14_0
31,北京大学,2022,江苏,2074,本科批,新闻传播学类,（03）,631.0,635.0,0.0,,2.0,普通类,2074_14_0
31,北京大学,2022,江苏,2073,本科批,理科试验班类,（05）,684.0,697.0,0.0,,1.0,普通类,2073_14_76808
31,北京大学,2022,江苏,2073,本科批,数学类,（05）,681.0,685.0,0.0,,1.0,普通类,2073_14_76808
31,北京大学,2022,江苏,2073,本科批,工商管理类,（05）,681.0,681.0,0.0,,1.0,普通类,2073_14_76808
31,北京大学,2022,江苏,2073,本科批,电子信息类,（05）,674.0,675.0,0.0,,1.0,普通类,2073_14_76808
31,北京大学,2022,江苏,2073,本科批,计算机类,（05）,674.0,693.0,0.0,,1.0,普通类,2073_14_76808
31,北京大学,2022,江苏,2073,本科批,心理学类,（05）,674.0,676.0,0.0,,2.0,普通类,2073_14_76808
31,北京大学,2022,江苏,2073,本科批,理科试验班类,（05）,684.0,697.0,0.0,,1.0,普通类,2073_14_0
31,北京大学,2022,江苏,2073,本科批,数学类,（05）,681.0,685.0,0.0,,1.0,普通类,2073_14_0
31,北京大学,2022,江苏,2073,本科批,工商管理类,（05）,681.0,681.0,0.0,,1.0,普通类,2073_14_0
31,北京大学,2022,江苏,2073,本科批,电子信息类,（05）,674.0,675.0,0.0,,1.0,普通类,2073_14_0
31,北京大学,2022,江苏,2073,本科批,计算机类,（05）,674.0,693.0,0.0,,1.0,普通类,2073_14_0
31,北京大学,2022,江苏,2073,本科批,心理学类,（05）,674.0,676.0,0.0,,2.0,普通类,2073_14_0
31,北京大学,2022,浙江,3,平行录取一段,工商管理类,,704.0,0.0,0.0,10.0,,普通类,3_16_0
31,北京大学,2022,浙江,3,平行录取一段,理科试验班类,,703.0,0.0,0.0,14.0,,普通类,3_16_0
31,北京大学,2022,浙江,3,平行录取一段,理科试验班类,,695.0,0.0,0.0,85.0,,普通类,3_16_0
31,北京大学,2022,浙江,3,平行录取一段,文科试验班类,,694.0,0.0,0.0,98.0,,普通类,3_16_0
31,北京大学,2022,福建,2074,本科批,文科试验班类,（L999）,676.0,696.0,686.0,,3.0,普通类,2074_14_79290
31,北京大学,2022,福建,2074,本科批,工商管理类,（L999）,670.0,670.0,670.0,,1.0,普通类,2074_14_79290
31,北京大学,2022,福建,2074,本科批,考古学,（L999）,666.0,666.0,666.0,,1.0,普通类,2074_14_79290
31,北京大学,2022,福建,2074,本科批,法学,（L999）,664.0,670.0,667.0,,3.0,普通类,2074_14_79290
31,北京大学,2022,福建,2074,本科批,经济学类,（L999）,661.0,661.0,661.0,,2.0,普通类,2074_14_79290
31,北京大学,2022,福建,2074,本科批,信息管理与信息系统,（L999）,659.0,659.0,659.0,17.0,1.0,普通类,2074_14_79290
31,北京大学,2022,福建,2074,本科批,历史学类,（L999）,659.0,659.0,659.0,17.0,1.0,普通类,2074_14_79290
31,北京大学,2022,福建,2074,本科批,中国语言文学类,（L999）,656.0,661.0,659.0,22.0,2.0,普通类,2074_14_79290
31,北京大学,2022,福建,2074,本科批,城乡规划,（L999）,656.0,656.0,656.0,22.0,1.0,普通类,2074_14_79290
31,北京大学,2022,福建,2074,本科批,新闻传播学类,（L999）,656.0,656.0,656.0,22.0,1.0,普通类,2074_14_79290
31,北京大学,2022,福建,2074,本科批,公共管理类,（L999）,656.0,656.0,656.0,22.0,1.0,普通类,2074_14_79290
31,北京大学,2022,福建,2074,本科批,社会学类,（L999）,655.0,657.0,656.0,23.0,2.0,普通类,2074_14_79290
31,北京大学,2022,福建,2074,本科批,哲学类,（L999）,654.0,654.0,654.0,24.0,1.0,普通类,2074_14_79290
31,北京大学,2022,福建,2074,本科批,文科试验班类,（L999）,676.0,696.0,686.0,,3.0,普通类,2074_14_0
31,北京大学,2022,福建,2074,本科批,工商管理类,（L999）,670.0,670.0,670.0,,1.0,普通类,2074_14_0
31,北京大学,2022,福建,2074,本科批,考古学,（L999）,666.0,666.0,666.0,,1.0,普通类,2074_14_0
31,北京大学,2022,福建,2074,本科批,法学,（L999）,664.0,670.0,667.0,,3.0,普通类,2074_14_0
31,北京大学,2022,福建,2074,本科批,经济学类,（L999）,661.0,661.0,661.0,,2.0,普通类,2074_14_0
31,北京大学,2022,福建,2074,本科批,信息管理与信息系统,（L999）,659.0,659.0,659.0,17.0,1.0,普通类,2074_14_0
31,北京大学,2022,福建,2074,本科批,历史学类,（L999）,659.0,659.0,659.0,17.0,1.0,普通类,2074_14_0
31,北京大学,2022,福建,2074,本科批,中国语言文学类,（L999）,656.0,661.0,659.0,22.0,2.0,普通类,2074_14_0
31,北京大学,2022,福建,2074,本科批,城乡规划,（L999）,656.0,656.0,656.0,22.0,1.0,普通类,2074_14_0
31,北京大学,2022,福建,2074,本科批,新闻传播学类,（L999）,656.0,656.0,656.0,22.0,1.0,普通类,2074_14_0
31,北京大学,2022,福建,2074,本科批,公共管理类,（L999）,656.0,656.0,656.0,22.0,1.0,普通类,2074_14_0
31,北京大学,2022,福建,2074,本科批,社会学类,（L999）,655.0,657.0,656.0,23.0,2.0,普通类,2074_14_0
31,北京大学,2022,福建,2074,本科批,哲学类,（L999）,654.0,654.0,654.0,24.0,1.0,普通类,2074_14_0
31,北京大学,2022,福建,2073,本科批,理科试验班类,2291（W999）,696.0,703.0,699.0,,6.0,普通类,2073_14_80690
31,北京大学,2022,福建,2073,本科批,工商管理类,2291（W999）,689.0,699.0,692.0,,3.0,普通类,2073_14_80690
31,北京大学,2022,福建,2073,本科批,计算机类,2291（W999）,686.0,692.0,689.0,,4.0,普通类,2073_14_80690
31,北京大学,2022,福建,2073,本科批,数学类,2291（W999）,685.0,689.0,687.0,,3.0,普通类,2073_14_80690
31,北京大学,2022,福建,2073,本科批,物理学类,2291（W999）,684.0,694.0,687.0,,4.0,普通类,2073_14_80690
31,北京大学,2022,福建,2073,本科批,中国语言文学类,2291（W999）,683.0,684.0,684.0,51.0,2.0,普通类,2073_14_80690
31,北京大学,2022,福建,2073,本科批,电子信息类,2291（W999）,682.0,683.0,683.0,56.0,6.0,普通类,2073_14_80690
31,北京大学,2022,福建,2073,本科批,经济学类,2291（W999）,682.0,683.0,683.0,56.0,2.0,普通类,2073_14_80690
31,北京大学,2022,福建,2073,本科批,理科试验班类,2291（W999）,696.0,703.0,699.0,,6.0,普通类,2073_14_0
31,北京大学,2022,福建,2073,本科批,工商管理类,2291（W999）,689.0,699.0,692.0,,3.0,普通类,2073_14_0
31,北京大学,2022,福建,2073,本科批,计算机类,2291（W999）,686.0,692.0,689.0,,4.0,普通类,2073_14_0
31,北京大学,2022,福建,2073,本科批,数学类,2291（W999）,685.0,689.0,687.0,,3.0,普通类,2073_14_0
31,北京大学,2022,福建,2073,本科批,物理学类,2291（W999）,684.0,694.0,687.0,,4.0,普通类,2073_14_0
31,北京大学,2022,福建,2073,本科批,中国语言文学类,2291（W999）,683.0,684.0,684.0,51.0,2.0,普通类,2073_14_0
31,北京大学,2022,福建,2073,本科批,电子信息类,2291（W999）,682.0,683.0,683.0,56.0,6.0,普通类,2073_14_0
31,北京大学,2022,福建,2073,本科批,经济学类,2291（W999）,682.0,683.0,683.0,56.0,2.0,普通类,2073_14_0
31,北京大学,2022,江西,2,本科一批,工商管理类,,660.0,660.0,0.0,,1.0,普通类,2_7_0
31,北京大学,2022,江西,2,本科一批,文科试验班类,,650.0,650.0,0.0,,1.0,普通类,2_7_0
31,北京大学,2022,江西,2,本科一批,经济学类,,649.0,649.0,0.0,,1.0,普通类,2_7_0
31,北京大学,2022,江西,2,本科一批,法学,,647.0,647.0,0.0,,1.0,普通类,2_7_0
31,北京大学,2022,江西,2,本科一批,国际政治,,644.0,644.0,0.0,,1.0,普通类,2_7_0
31,北京大学,2022,江西,2,本科一批,哲学类,,643.0,643.0,0.0,,1.0,普通类,2_7_0
31,北京大学,2022,江西,2,本科一批,公共管理类,,643.0,643.0,0.0,,1.0,普通类,2_7_0
31,北京大学,2022,江西,2,本科一批,社会学类,,642.0,642.0,0.0,,1.0,普通类,2_7_0
31,北京大学,2022,江西,2,本科一批,中国语言文学类,,641.0,641.0,0.0,,1.0,普通类,2_7_0
31,北京大学,2022,江西,2,本科一批,信息管理与信息系统,,640.0,640.0,0.0,,1.0,普通类,2_7_0
31,北京大学,2022,江西,2,本科一批,新闻传播学类,,640.0,640.0,0.0,,1.0,普通类,2_7_0
31,北京大学,2022,江西,2,本科一批,历史学类,,640.0,640.0,0.0,,1.0,普通类,2_7_0
31,北京大学,2022,江西,2,本科一批,考古学,,639.0,639.0,0.0,24.0,1.0,普通类,2_7_0
31,北京大学,2022,江西,2,本科一批,英语,,638.0,639.0,0.0,25.0,1.0,普通类,2_7_0
31,北京大学,2022,江西,1,本科一批,化学类,,679.0,679.0,0.0,,1.0,普通类,1_7_0
31,北京大学,2022,江西,1,本科一批,物理学类,,675.0,675.0,0.0,,1.0,普通类,1_7_0
31,北京大学,2022,江西,1,本科一批,理科实验班类,,675.0,681.0,0.0,,1.0,普通类,1_7_0
31,北京大学,2022,江西,1,本科一批,数学类,,674.0,674.0,0.0,,1.0,普通类,1_7_0
31,北京大学,2022,江西,1,本科一批,工商管理类,,672.0,683.0,0.0,34.0,1.0,普通类,1_7_0
31,北京大学,2022,江西,1,本科一批,计算机类,,671.0,675.0,0.0,37.0,1.0,普通类,1_7_0
31,北京大学,2022,江西,1,本科一批,电子信息类,,670.0,670.0,0.0,43.0,1.0,普通类,1_7_0
31,北京大学,2022,山东,3,普通类一段,理科试验班类,,676.0,0.0,0.0,88.0,44.0,普通类,3_1570_0
31,北京大学,2022,山东,3,普通类一段,文科试验班类,,672.0,0.0,0.0,158.0,24.0,普通类,3_1570_0
31,北京大学,2022,河南,2,本科一批,工商管理类,,670.0,675.0,673.0,,2.0,普通类,2_7_0
31,北京大学,2022,河南,2,本科一批,哲学类,,660.0,660.0,660.0,,1.0,普通类,2_7_0
31,北京大学,2022,河南,2,本科一批,文科试验班类,,657.0,657.0,657.0,,1.0,普通类,2_7_0
31,北京大学,2022,河南,2,本科一批,法学,,650.0,665.0,656.0,15.0,3.0,普通类,2_7_0
31,北京大学,2022,河南,2,本科一批,公共管理类,,650.0,651.0,651.0,15.0,2.0,普通类,2_7_0
31,北京大学,2022,河南,2,本科一批,经济学类,,648.0,649.0,649.0,21.0,2.0,普通类,2_7_0
31,北京大学,2022,河南,2,本科一批,国际政治,,647.0,652.0,649.0,28.0,4.0,普通类,2_7_0
31,北京大学,2022,河南,2,本科一批,社会学类,,647.0,647.0,647.0,28.0,2.0,普通类,2_7_0
31,北京大学,2022,河南,2,本科一批,新闻传播学类,,645.0,645.0,645.0,33.0,1.0,普通类,2_7_0
31,北京大学,2022,河南,2,本科一批,中国语言文学类,,644.0,651.0,647.0,35.0,4.0,普通类,2_7_0
31,北京大学,2022,河南,2,本科一批,城乡规划,,643.0,646.0,645.0,39.0,3.0,普通类,2_7_0
31,北京大学,2022,河南,2,本科一批,历史学类,,641.0,648.0,645.0,46.0,3.0,普通类,2_7_0
31,北京大学,2022,河南,2,本科一批,英语,,640.0,644.0,642.0,54.0,2.0,普通类,2_7_0
31,北京大学,2022,河南,2,本科一批,信息管理与信息系统,,640.0,640.0,640.0,54.0,1.0,普通类,2_7_0
31,北京大学,2022,河南,2,本科一批,考古学,,639.0,639.0,639.0,59.0,1.0,普通类,2_7_0
31,北京大学,2022,河南,1,本科一批,工商管理类,,694.0,694.0,694.0,14.0,1.0,普通类,1_7_0
31,北京大学,2022,河南,1,本科一批,理科试验班类,,692.0,705.0,699.0,24.0,2.0,普通类,1_7_0
31,北京大学,2022,河南,1,本科一批,物理学类,,687.0,688.0,688.0,56.0,2.0,普通类,1_7_0
31,北京大学,2022,河南,1,本科一批,计算机类,,686.0,696.0,690.0,68.0,6.0,普通类,1_7_0
31,北京大学,2022,河南,1,本科一批,化学类,,686.0,686.0,686.0,68.0,1.0,普通类,1_7_0
31,北京大学,2022,河南,1,本科一批,数学类,,683.0,703.0,692.0,95.0,3.0,普通类,1_7_0
31,北京大学,2022,河南,1,本科一批,经济学类,,683.0,692.0,688.0,95.0,2.0,普通类,1_7_0
31,北京大学,2022,河南,1,本科一批,电子信息类,,683.0,690.0,685.0,95.0,5.0,普通类,1_7_0
31,北京大学,2022,河南,1,本科一批,法学,,683.0,683.0,683.0,95.0,1.0,普通类,1_7_0
31,北京大学,2022,河南,1,本科一批,工科试验班类,,683.0,683.0,683.0,95.0,3.0,普通类,1_7_0
31,北京大学,2022,广东,2074,本科提前批,法语,（101）,650.0,650.0,0.0,30.0,1.0,普通类,2074_6_56768
31,北京大学,2022,广东,2074,本科提前批,俄语,（101）,649.0,649.0,0.0,35.0,1.0,普通类,2074_6_56768
31,北京大学,2022,广东,2074,本科提前批,德语,（101）,649.0,649.0,0.0,35.0,1.0,普通类,2074_6_56768
31,北京大学,2022,广东,2074,本科提前批,西班牙语,（101）,649.0,649.0,0.0,35.0,1.0,普通类,2074_6_56768
31,北京大学,2022,广东,2074,本科提前批,阿拉伯语,（101）,646.0,646.0,0.0,42.0,1.0,普通类,2074_6_56768
31,北京大学,2022,广东,2074,本科提前批,朝鲜语,（101）,645.0,645.0,0.0,48.0,1.0,普通类,2074_6_56768
31,北京大学,2022,广东,2074,本科提前批,泰语,（101）,645.0,645.0,0.0,48.0,1.0,普通类,2074_6_56768
31,北京大学,2022,广东,2074,本科提前批,印度尼西亚语,（101）,644.0,644.0,0.0,53.0,1.0,普通类,2074_6_56768
31,北京大学,2022,广东,2074,本科提前批,法语,（101）,650.0,650.0,0.0,30.0,1.0,普通类,2074_6_0
31,北京大学,2022,广东,2074,本科提前批,俄语,（101）,649.0,649.0,0.0,35.0,1.0,普通类,2074_6_0
31,北京大学,2022,广东,2074,本科提前批,德语,（101）,649.0,649.0,0.0,35.0,1.0,普通类,2074_6_0
31,北京大学,2022,广东,2074,本科提前批,西班牙语,（101）,649.0,649.0,0.0,35.0,1.0,普通类,2074_6_0
31,北京大学,2022,广东,2074,本科提前批,阿拉伯语,（101）,646.0,646.0,0.0,42.0,1.0,普通类,2074_6_0
31,北京大学,2022,广东,2074,本科提前批,朝鲜语,（101）,645.0,645.0,0.0,48.0,1.0,普通类,2074_6_0
31,北京大学,2022,广东,2074,本科提前批,泰语,（101）,645.0,645.0,0.0,48.0,1.0,普通类,2074_6_0
31,北京大学,2022,广东,2074,本科提前批,印度尼西亚语,（101）,644.0,644.0,0.0,53.0,1.0,普通类,2074_6_0
31,北京大学,2022,广东,2073,本科提前批,德语,（102）,681.0,681.0,0.0,125.0,1.0,普通类,2073_6_56769
31,北京大学,2022,广东,2073,本科提前批,法语,（102）,680.0,680.0,0.0,136.0,1.0,普通类,2073_6_56769
31,北京大学,2022,广东,2073,本科提前批,日语,（102）,679.0,679.0,0.0,153.0,1.0,普通类,2073_6_56769
31,北京大学,2022,广东,2073,本科提前批,阿拉伯语,（102）,676.0,676.0,0.0,224.0,1.0,普通类,2073_6_56769
31,北京大学,2022,广东,2073,本科提前批,德语,（102）,681.0,681.0,0.0,125.0,1.0,普通类,2073_6_0
31,北京大学,2022,广东,2073,本科提前批,法语,（102）,680.0,680.0,0.0,136.0,1.0,普通类,2073_6_0
31,北京大学,2022,广东,2073,本科提前批,日语,（102）,679.0,679.0,0.0,153.0,1.0,普通类,2073_6_0
31,北京大学,2022,广东,2073,本科提前批,阿拉伯语,（102）,676.0,676.0,0.0,224.0,1.0,普通类,2073_6_0
31,北京大学,2022,广东,2074,本科批,英语,（201）,651.0,654.0,0.0,28.0,2.0,普通类,2074_14_52653
31,北京大学,2022,广东,2074,本科批,文科试验班类,（202）,662.0,671.0,0.0,,2.0,普通类,2074_14_0
31,北京大学,2022,广东,2074,本科批,工商管理类,（202）,660.0,660.0,0.0,,1.0,普通类,2074_14_0
31,北京大学,2022,广东,2074,本科批,历史学类,（202）,658.0,658.0,0.0,6.0,1.0,普通类,2074_14_0
31,北京大学,2022,广东,2074,本科批,法学,（202）,656.0,665.0,0.0,8.0,2.0,普通类,2074_14_0
31,北京大学,2022,广东,2074,本科批,中国语言文学类,（202）,655.0,661.0,0.0,13.0,2.0,普通类,2074_14_0
31,北京大学,2022,广东,2074,本科批,经济学类,（202）,655.0,655.0,0.0,13.0,2.0,普通类,2074_14_0
31,北京大学,2022,广东,2074,本科批,社会学类,（202）,653.0,653.0,0.0,21.0,2.0,普通类,2074_14_0
31,北京大学,2022,广东,2074,本科批,公共管理类,（202）,653.0,653.0,0.0,21.0,2.0,普通类,2074_14_0
31,北京大学,2022,广东,2074,本科批,新闻传播学类,（202）,653.0,653.0,0.0,21.0,1.0,普通类,2074_14_0
31,北京大学,2022,广东,2074,本科批,哲学类,（202）,652.0,652.0,0.0,22.0,1.0,普通类,2074_14_0
31,北京大学,2022,广东,2074,本科批,考古学,（202）,651.0,651.0,0.0,28.0,1.0,普通类,2074_14_0
31,北京大学,2022,广东,2074,本科批,城乡规划,（202）,651.0,651.0,0.0,28.0,2.0,普通类,2074_14_0
31,北京大学,2022,广东,2074,本科批,信息管理与信息系统,（202）,651.0,651.0,0.0,28.0,1.0,普通类,2074_14_0
31,北京大学,2022,广东,2074,本科批,英语,（201）,651.0,654.0,0.0,28.0,2.0,普通类,2074_14_0
31,北京大学,2022,广东,2074,本科批,人文科学试验班,（202）,651.0,654.0,0.0,28.0,2.0,普通类,2074_14_0
31,北京大学,2022,广东,2074,本科批,文科试验班类,（202）,662.0,671.0,0.0,,2.0,普通类,2074_14_52654
31,北京大学,2022,广东,2074,本科批,工商管理类,（202）,660.0,660.0,0.0,,1.0,普通类,2074_14_52654
31,北京大学,2022,广东,2074,本科批,历史学类,（202）,658.0,658.0,0.0,6.0,1.0,普通类,2074_14_52654
31,北京大学,2022,广东,2074,本科批,法学,（202）,656.0,665.0,0.0,8.0,2.0,普通类,2074_14_52654
31,北京大学,2022,广东,2074,本科批,中国语言文学类,（202）,655.0,661.0,0.0,13.0,2.0,普通类,2074_14_52654
31,北京大学,2022,广东,2074,本科批,经济学类,（202）,655.0,655.0,0.0,13.0,2.0,普通类,2074_14_52654
31,北京大学,2022,广东,2074,本科批,社会学类,（202）,653.0,653.0,0.0,21.0,2.0,普通类,2074_14_52654
31,北京大学,2022,广东,2074,本科批,公共管理类,（202）,653.0,653.0,0.0,21.0,2.0,普通类,2074_14_52654
31,北京大学,2022,广东,2074,本科批,新闻传播学类,（202）,653.0,653.0,0.0,21.0,1.0,普通类,2074_14_52654
31,北京大学,2022,广东,2074,本科批,哲学类,（202）,652.0,652.0,0.0,22.0,1.0,普通类,2074_14_52654
31,北京大学,2022,广东,2074,本科批,考古学,（202）,651.0,651.0,0.0,28.0,1.0,普通类,2074_14_52654
31,北京大学,2022,广东,2074,本科批,城乡规划,（202）,651.0,651.0,0.0,28.0,2.0,普通类,2074_14_52654
31,北京大学,2022,广东,2074,本科批,信息管理与信息系统,（202）,651.0,651.0,0.0,28.0,1.0,普通类,2074_14_52654
31,北京大学,2022,广东,2074,本科批,人文科学试验班,（202）,651.0,654.0,0.0,28.0,2.0,普通类,2074_14_52654
31,北京大学,2022,广东,2073,本科批,数学类,（203）,696.0,699.0,0.0,13.0,1.0,普通类,2073_14_52655
31,北京大学,2022,广东,2073,本科批,理科试验班类,（203）,689.0,697.0,0.0,41.0,1.0,普通类,2073_14_52655
31,北京大学,2022,广东,2073,本科批,心理学类,（203）,687.0,687.0,0.0,53.0,2.0,普通类,2073_14_52655
31,北京大学,2022,广东,2073,本科批,工商管理类,（203）,686.0,693.0,0.0,63.0,1.0,普通类,2073_14_52655
31,北京大学,2022,广东,2073,本科批,物理学类,（203）,686.0,690.0,0.0,63.0,2.0,普通类,2073_14_52655
31,北京大学,2022,广东,2073,本科批,法学,（203）,685.0,686.0,0.0,73.0,1.0,普通类,2073_14_52655
31,北京大学,2022,广东,2073,本科批,计算机类,（203）,685.0,690.0,0.0,73.0,1.0,普通类,2073_14_52655
31,北京大学,2022,广东,2073,本科批,电子信息类,（203）,684.0,684.0,0.0,86.0,2.0,普通类,2073_14_52655
31,北京大学,2022,广东,2073,本科批,经济学类,（203）,684.0,684.0,0.0,86.0,1.0,普通类,2073_14_52655
31,北京大学,2022,广东,2073,本科批,地球物理学类,（203）,683.0,683.0,0.0,97.0,2.0,普通类,2073_14_52655
31,北京大学,2022,广东,2073,本科批,工科试验班类,（203）,683.0,683.0,0.0,97.0,2.0,普通类,2073_14_52655
31,北京大学,2022,广东,2073,本科批,数学类,（203）,696.0,699.0,0.0,13.0,1.0,普通类,2073_14_0
31,北京大学,2022,广东,2073,本科批,理科试验班类,（203）,689.0,697.0,0.0,41.0,1.0,普通类,2073_14_0
31,北京大学,2022,广东,2073,本科批,心理学类,（203）,687.0,687.0,0.0,53.0,2.0,普通类,2073_14_0
31,北京大学,2022,广东,2073,本科批,工商管理类,（203）,686.0,693.0,0.0,63.0,1.0,普通类,2073_14_0
31,北京大学,2022,广东,2073,本科批,物理学类,（203）,686.0,690.0,0.0,63.0,2.0,普通类,2073_14_0
31,北京大学,2022,广东,2073,本科批,法学,（203）,685.0,686.0,0.0,73.0,1.0,普通类,2073_14_0
31,北京大学,2022,广东,2073,本科批,计算机类,（203）,685.0,690.0,0.0,73.0,1.0,普通类,2073_14_0
31,北京大学,2022,广东,2073,本科批,电子信息类,（203）,684.0,684.0,0.0,86.0,2.0,普通类,2073_14_0
31,北京大学,2022,广东,2073,本科批,经济学类,（203）,684.0,684.0,0.0,86.0,1.0,普通类,2073_14_0
31,北京大学,2022,广东,2073,本科批,地球物理学类,（203）,683.0,683.0,0.0,97.0,2.0,普通类,2073_14_0
31,北京大学,2022,广东,2073,本科批,工科试验班类,（203）,683.0,683.0,0.0,97.0,2.0,普通类,2073_14_0
31,北京大学,2022,广西,1,本科一批,数学类,,701.0,713.0,0.0,,2.0,普通类,1_7_0
31,北京大学,2022,广西,1,本科一批,工商管理类,,699.0,699.0,0.0,,1.0,普通类,1_7_0
31,北京大学,2022,广西,1,本科一批,理科试验班类,,697.0,697.0,0.0,13.0,1.0,普通类,1_7_0
31,北京大学,2022,广西,1,本科一批,物理学类,,689.0,708.0,0.0,26.0,3.0,普通类,1_7_0
31,北京大学,2022,广西,1,本科一批,生物科学类,,688.0,696.0,0.0,29.0,2.0,普通类,1_7_0
31,北京大学,2022,广西,1,本科一批,计算机类,,686.0,690.0,0.0,33.0,4.0,普通类,1_7_0
31,北京大学,2022,广西,1,本科一批,经济学类,,685.0,685.0,0.0,37.0,1.0,普通类,1_7_0
31,北京大学,2022,广西,1,本科一批,心理学类,,685.0,685.0,0.0,37.0,1.0,普通类,1_7_0
31,北京大学,2022,广西,2,本科一批,文科试验班类,,706.0,706.0,0.0,,1.0,普通类,2_7_0
31,北京大学,2022,广西,2,本科一批,工商管理类,,678.0,678.0,0.0,,1.0,普通类,2_7_0
31,北京大学,2022,广西,2,本科一批,新闻传播学类,,678.0,678.0,0.0,,1.0,普通类,2_7_0
31,北京大学,2022,广西,2,本科一批,经济学类,,676.0,676.0,0.0,,1.0,普通类,2_7_0
31,北京大学,2022,广西,2,本科一批,中国语言文学类,,673.0,673.0,0.0,,1.0,普通类,2_7_0
31,北京大学,2022,广西,2,本科一批,法学,,672.0,672.0,0.0,,1.0,普通类,2_7_0
31,北京大学,2022,广西,2,本科一批,社会学类,,671.0,671.0,0.0,,1.0,普通类,2_7_0
31,北京大学,2022,广西,2,本科一批,信息管理与信息系统,,670.0,670.0,0.0,11.0,1.0,普通类,2_7_0
31,北京大学,2022,广西,2,本科一批,考古学,,668.0,668.0,0.0,13.0,1.0,普通类,2_7_0
31,北京大学,2022,广西,2,本科一批,公共管理类,,668.0,668.0,0.0,13.0,1.0,普通类,2_7_0
31,北京大学,2022,广西,2,本科一批,城乡规划,,666.0,666.0,0.0,19.0,1.0,普通类,2_7_0
31,北京大学,2022,广西,2,本科一批,英语,,666.0,666.0,0.0,19.0,1.0,普通类,2_7_0
31,北京大学,2022,广西,2,本科一批,历史学类,,666.0,666.0,0.0,19.0,1.0,普通类,2_7_0
31,北京大学,2022,广西,2,本科一批,哲学类,,666.0,666.0,0.0,19.0,1.0,普通类,2_7_0
31,北京大学,2022,广西,2,本科一批,人文科学试验班,,666.0,666.0,0.0,19.0,1.0,普通类,2_7_0
31,北京大学,2022,广西,2,本科一批,国际政治,,666.0,666.0,0.0,19.0,1.0,普通类,2_7_0
31,北京大学,2022,海南,3,本科批,工商管理类,（14）,858.0,0.0,0.0,12.0,1.0,普通类,3_14_81982
31,北京大学,2022,海南,3,本科批,经济学类,（14）,852.0,0.0,0.0,15.0,1.0,普通类,3_14_81982
31,北京大学,2022,海南,3,本科批,法学,（14）,849.0,0.0,0.0,17.0,1.0,普通类,3_14_81982
31,北京大学,2022,海南,3,本科批,文科试验班类,（14）,847.0,0.0,0.0,18.0,1.0,普通类,3_14_81982
31,北京大学,2022,海南,3,本科批,物理学类,（15）,900.0,0.0,0.0,3.0,1.0,普通类,3_14_0
31,北京大学,2022,海南,3,本科批,数学类,（15）,891.0,0.0,0.0,4.0,1.0,普通类,3_14_0
31,北京大学,2022,海南,3,本科批,计算机类,（15）,870.0,0.0,0.0,8.0,1.0,普通类,3_14_0
31,北京大学,2022,海南,3,本科批,工商管理类,（14）,858.0,0.0,0.0,12.0,1.0,普通类,3_14_0
31,北京大学,2022,海南,3,本科批,经济学类,（14）,852.0,0.0,0.0,15.0,1.0,普通类,3_14_0
31,北京大学,2022,海南,3,本科批,法学,（14）,849.0,0.0,0.0,17.0,1.0,普通类,3_14_0
31,北京大学,2022,海南,3,本科批,文科试验班类,（14）,847.0,0.0,0.0,18.0,1.0,普通类,3_14_0
31,北京大学,2022,海南,3,本科批,化学类,（16）,845.0,0.0,0.0,19.0,1.0,普通类,3_14_0
31,北京大学,2022,海南,3,本科批,环境科学与工程类,（16）,838.0,0.0,0.0,25.0,1.0,普通类,3_14_0
31,北京大学,2022,海南,3,本科批,物理学类,（15）,900.0,0.0,0.0,3.0,1.0,普通类,3_14_81977
31,北京大学,2022,海南,3,本科批,数学类,（15）,891.0,0.0,0.0,4.0,1.0,普通类,3_14_81977
31,北京大学,2022,海南,3,本科批,计算机类,（15）,870.0,0.0,0.0,8.0,1.0,普通类,3_14_81977
31,北京大学,2022,海南,3,本科批,化学类,（16）,845.0,0.0,0.0,19.0,1.0,普通类,3_14_81972
31,北京大学,2022,海南,3,本科批,环境科学与工程类,（16）,838.0,0.0,0.0,25.0,1.0,普通类,3_14_81972
31,北京大学,2022,重庆,2073,本科批,理科试验班类,,679.0,0.0,0.0,145.0,13.0,普通类,2073_14_0
31,北京大学,2022,重庆,2074,本科批,文科试验班类,,655.0,0.0,0.0,59.0,16.0,普通类,2074_14_0
31,北京大学,2022,四川,1,本科一批,电子信息类,,694.0,699.0,695.0,65.0,,普通类,1_7_0
31,北京大学,2022,贵州,2,本科一批,工商管理类,,685.0,685.0,0.0,1.0,1.0,普通类,2_7_0
31,北京大学,2022,贵州,2,本科一批,文科试验班类,,683.0,683.0,0.0,3.0,1.0,普通类,2_7_0
31,北京大学,2022,贵州,2,本科一批,哲学类,,682.0,682.0,0.0,4.0,1.0,普通类,2_7_0
31,北京大学,2022,贵州,2,本科一批,法学,,677.0,680.0,0.0,10.0,2.0,普通类,2_7_0
31,北京大学,2022,贵州,2,本科一批,中国语言文学类,,676.0,676.0,0.0,11.0,1.0,普通类,2_7_0
31,北京大学,2022,贵州,2,本科一批,公共管理类,,675.0,675.0,0.0,12.0,1.0,普通类,2_7_0
31,北京大学,2022,贵州,2,本科一批,历史学类,,674.0,674.0,0.0,15.0,1.0,普通类,2_7_0
31,北京大学,2022,贵州,2,本科一批,经济学类,,674.0,674.0,0.0,14.0,1.0,普通类,2_7_0
31,北京大学,2022,贵州,2,本科一批,考古学,,673.0,673.0,0.0,16.0,1.0,普通类,2_7_0
31,北京大学,2022,贵州,2,本科一批,社会学类,,673.0,675.0,0.0,18.0,2.0,普通类,2_7_0
31,北京大学,2022,贵州,2,本科一批,国际政治,,673.0,673.0,0.0,19.0,2.0,普通类,2_7_0
31,北京大学,2022,贵州,2,本科一批,英语,,671.0,671.0,0.0,22.0,1.0,普通类,2_7_0
31,北京大学,2022,贵州,2,本科一批,新闻传播学类,,671.0,671.0,0.0,21.0,1.0,普通类,2_7_0
31,北京大学,2022,贵州,2,本科一批,人文科学试验班,,668.0,670.0,0.0,27.0,2.0,普通类,2_7_0
31,北京大学,2022,贵州,1,本科一批,理科试验班类,,682.0,699.0,0.0,5.0,3.0,普通类,1_7_0
31,北京大学,2022,贵州,1,本科一批,工商管理类,,676.0,685.0,0.0,10.0,2.0,普通类,1_7_0
31,北京大学,2022,贵州,1,本科一批,计算机类,,670.0,670.0,0.0,18.0,1.0,普通类,1_7_0
31,北京大学,2022,贵州,1,本科一批,数学类,,665.0,665.0,0.0,36.0,1.0,普通类,1_7_0
31,北京大学,2022,贵州,1,本科一批,法学,,664.0,667.0,0.0,44.0,2.0,普通类,1_7_0
31,北京大学,2022,贵州,1,本科一批,电子信息类,,664.0,674.0,0.0,43.0,3.0,普通类,1_7_0
31,北京大学,2022,贵州,1,本科一批,物理学类,,663.0,665.0,0.0,46.0,2.0,普通类,1_7_0
31,北京大学,2022,贵州,1,本科一批,心理学类,,663.0,665.0,0.0,45.0,2.0,普通类,1_7_0
31,北京大学,2022,云南,2,本科一批,工商管理类,,706.0,0.0,0.0,51.0,,普通类,2_7_0
31,北京大学,2022,云南,2,本科一批,中国语言文学类,,703.0,0.0,0.0,51.0,,普通类,2_7_0
31,北京大学,2022,云南,2,本科一批,文科试验班类,,700.0,0.0,0.0,51.0,,普通类,2_7_0
31,北京大学,2022,云南,2,本科一批,法学,,698.0,0.0,0.0,51.0,,普通类,2_7_0
31,北京大学,2022,云南,2,本科一批,经济学类,,697.0,0.0,0.0,51.0,,普通类,2_7_0
31,北京大学,2022,云南,2,本科一批,国际政治,,696.0,0.0,0.0,51.0,,普通类,2_7_0
31,北京大学,2022,云南,2,本科一批,新闻传播学类,,695.0,0.0,0.0,51.0,,普通类,2_7_0
31,北京大学,2022,云南,2,本科一批,社会学类,,693.0,0.0,0.0,51.0,,普通类,2_7_0
31,北京大学,2022,云南,2,本科一批,公共管理类,,692.0,0.0,0.0,51.0,,普通类,2_7_0
31,北京大学,2022,云南,1,本科一批,理科试验班类,,729.0,0.0,0.0,55.0,,普通类,1_7_0
31,北京大学,2022,云南,1,本科一批,数学类,,717.0,0.0,0.0,55.0,,普通类,1_7_0
31,北京大学,2022,云南,1,本科一批,物理学类,,711.0,0.0,0.0,55.0,,普通类,1_7_0
31,北京大学,2022,云南,1,本科一批,工商管理类,,711.0,0.0,0.0,55.0,,普通类,1_7_0
31,北京大学,2022,陕西,1,本科一批,物理学类,,698.0,723.0,711.0,14.0,2.0,普通类,1_7_0
31,北京大学,2022,陕西,1,本科一批,理科试验班类,,698.0,712.0,704.0,12.0,5.0,普通类,1_7_0
31,北京大学,2022,陕西,1,本科一批,工商管理类,,696.0,703.0,699.0,18.0,3.0,普通类,1_7_0
31,北京大学,2022,陕西,1,本科一批,计算机类,,692.0,696.0,695.0,38.0,4.0,普通类,1_7_0
31,北京大学,2022,陕西,1,本科一批,数学类,,691.0,695.0,693.0,46.0,4.0,普通类,1_7_0
31,北京大学,2022,陕西,1,本科一批,化学类,,691.0,691.0,691.0,44.0,1.0,普通类,1_7_0
31,北京大学,2022,陕西,1,本科一批,电子信息类,,689.0,692.0,690.0,53.0,3.0,普通类,1_7_0
31,北京大学,2022,陕西,2,本科一批,文科试验班类,,660.0,673.0,667.0,3.0,2.0,普通类,2_7_0
31,北京大学,2022,陕西,2,本科一批,工商管理类,,656.0,656.0,656.0,5.0,2.0,普通类,2_7_0
31,北京大学,2022,陕西,2,本科一批,经济学类,,655.0,655.0,655.0,8.0,1.0,普通类,2_7_0
31,北京大学,2022,陕西,2,本科一批,法学,,652.0,655.0,654.0,10.0,3.0,普通类,2_7_0
31,北京大学,2022,陕西,2,本科一批,国际政治,,651.0,651.0,651.0,12.0,2.0,普通类,2_7_0
31,北京大学,2022,陕西,2,本科一批,社会学类,,648.0,648.0,648.0,15.0,1.0,普通类,2_7_0
31,北京大学,2022,陕西,2,本科一批,人文科学试验班,,648.0,648.0,648.0,14.0,1.0,普通类,2_7_0
31,北京大学,2022,陕西,2,本科一批,公共管理类,,648.0,648.0,648.0,13.0,1.0,普通类,2_7_0
31,北京大学,2022,陕西,2,本科一批,中国语言文学类,,647.0,647.0,647.0,16.0,1.0,普通类,2_7_0
31,北京大学,2022,陕西,2,本科一批,哲学类,,646.0,646.0,646.0,17.0,1.0,普通类,2_7_0
31,北京大学,2022,陕西,2,本科一批,考古学,,645.0,645.0,645.0,18.0,1.0,普通类,2_7_0
31,北京大学,2022,陕西,2,本科一批,历史学类,,644.0,644.0,644.0,19.0,1.0,普通类,2_7_0
31,北京大学,2022,陕西,2,本科一批,新闻传播学类,,643.0,643.0,643.0,20.0,1.0,普通类,2_7_0
31,北京大学,2022,陕西,2,本科一批,英语,,642.0,642.0,642.0,22.0,1.0,普通类,2_7_0
31,北京大学,2022,陕西,2,本科一批,城乡规划,,641.0,643.0,642.0,24.0,2.0,普通类,2_7_0
31,北京大学,2022,陕西,2,本科一批,信息管理与信息系统,,641.0,641.0,641.0,23.0,1.0,普通类,2_7_0
31,北京大学,2022,陕西,1,国家专项计划本科批,工科试验班类,,666.0,666.0,666.0,313.0,,普通类,1_12_0
31,北京大学,2022,陕西,1,国家专项计划本科批,环境科学与工程类,,664.0,664.0,664.0,337.0,,普通类,1_12_0
31,北京大学,2022,陕西,1,国家专项计划本科批,考古学,,664.0,664.0,664.0,351.0,,普通类,1_12_0
31,北京大学,2022,陕西,1,国家专项计划本科批,法学,,663.0,663.0,663.0,358.0,,普通类,1_12_0
31,北京大学,2022,陕西,1,国家专项计划本科批,城乡规划,,663.0,663.0,663.0,362.0,,普通类,1_12_0
31,北京大学,2022,陕西,2,国家专项计划本科批,法学,,640.0,640.0,640.0,25.0,,普通类,2_12_0
31,北京大学,2022,陕西,2,国家专项计划本科批,社会学类,,638.0,638.0,638.0,28.0,,普通类,2_12_0
31,北京大学,2022,陕西,2,国家专项计划本科批,国际政治,,638.0,638.0,638.0,27.0,,普通类,2_12_0
31,北京大学,2022,陕西,2,国家专项计划本科批,公共管理类,,632.0,632.0,632.0,53.0,,普通类,2_12_0
31,北京大学,2022,陕西,2,国家专项计划本科批,新闻传播学类,,628.0,628.0,628.0,79.0,,普通类,2_12_0
31,北京大学,2022,甘肃,2,本科一批I段,文科试验班类,,637.0,637.0,637.0,,1.0,普通类,2_111_0
31,北京大学,2022,甘肃,2,本科一批I段,中国语言文学类,,624.0,631.0,628.0,,1.0,普通类,2_111_0
31,北京大学,2022,甘肃,2,本科一批I段,法学,,624.0,624.0,624.0,,1.0,普通类,2_111_0
31,北京大学,2022,甘肃,2,本科一批I段,国际政治,,624.0,624.0,624.0,,1.0,普通类,2_111_0
31,北京大学,2022,甘肃,2,本科一批I段,历史学类,,623.0,623.0,623.0,,1.0,普通类,2_111_0
31,北京大学,2022,甘肃,2,本科一批I段,经济学类,,620.0,620.0,620.0,,1.0,普通类,2_111_0
31,北京大学,2022,甘肃,2,本科一批I段,公共管理类,,617.0,617.0,617.0,,1.0,普通类,2_111_0
31,北京大学,2022,甘肃,2,本科一批I段,新闻传播学类,,617.0,617.0,617.0,,1.0,普通类,2_111_0
31,北京大学,2022,甘肃,2,本科一批I段,城乡规划,,615.0,615.0,615.0,,1.0,普通类,2_111_0
31,北京大学,2022,甘肃,2,本科一批I段,英语,,615.0,615.0,615.0,,1.0,普通类,2_111_0
31,北京大学,2022,甘肃,1,本科一批I段,理科试验班类,,660.0,667.0,664.0,,1.0,普通类,1_111_0
31,北京大学,2022,甘肃,1,本科一批I段,工商管理类,,651.0,664.0,657.0,,1.0,普通类,1_111_0
31,北京大学,2022,甘肃,1,本科一批I段,生物科学类,,651.0,651.0,651.0,,1.0,普通类,1_111_0
31,北京大学,2022,甘肃,1,本科一批I段,计算机类,,650.0,659.0,656.0,,1.0,普通类,1_111_0
31,北京大学,2022,青海,1,本科一段,理科试验班类,,661.0,0.0,661.0,10.0,1.0,普通类,1_1564_0
31,北京大学,2022,青海,1,本科一段,工商管理类,,631.0,0.0,631.0,20.0,1.0,普通类,1_1564_0
31,北京大学,2022,青海,1,本科一段,物理学类,,629.0,0.0,629.0,20.0,1.0,普通类,1_1564_0
31,北京大学,2022,青海,1,本科一段,计算机类,,625.0,0.0,625.0,20.0,1.0,普通类,1_1564_0
31,北京大学,2022,青海,1,本科一段,生物科学类,,621.0,0.0,622.0,23.0,2.0,普通类,1_1564_0
31,北京大学,2022,青海,1,本科一段,经济学类,,621.0,0.0,621.0,23.0,1.0,普通类,1_1564_0
31,北京大学,2022,新疆,2,本科一批,文科试验班类,,619.0,619.0,0.0,,1.0,普通类,2_7_0
31,北京大学,2022,新疆,2,本科一批,工商管理类,,617.0,617.0,0.0,,1.0,普通类,2_7_0
31,北京大学,2022,新疆,2,本科一批,法学,,612.0,614.0,0.0,,2.0,普通类,2_7_0
31,北京大学,2022,新疆,2,本科一批,经济学类,,599.0,615.0,0.0,,1.0,普通类,2_7_0
31,北京大学,2022,新疆,2,本科一批,社会学类,,599.0,605.0,0.0,,1.0,普通类,2_7_0
31,北京大学,2022,新疆,2,本科一批,中国语言文学类,,597.0,597.0,0.0,,1.0,普通类,2_7_0
31,北京大学,2022,新疆,2,本科一批,公共管理类,,596.0,596.0,0.0,,1.0,普通类,2_7_0
31,北京大学,2022,新疆,2,本科一批,城乡规划,,595.0,595.0,0.0,,2.0,普通类,2_7_0
31,北京大学,2022,新疆,2,本科一批,国际政治,,595.0,601.0,0.0,,2.0,普通类,2_7_0
31,北京大学,2022,新疆,2,本科一批,新闻传播学类,,594.0,594.0,0.0,,1.0,普通类,2_7_0
31,北京大学,2022,新疆,1,本科一批,数学类,,674.0,674.0,0.0,,1.0,普通类,1_7_0
31,北京大学,2022,新疆,1,本科一批,理科试验班类,,651.0,668.0,0.0,,1.0,普通类,1_7_0
31,北京大学,2022,新疆,1,本科一批,计算机类,,646.0,669.0,0.0,,1.0,普通类,1_7_0
31,北京大学,2022,新疆,1,本科一批,电子信息类,,644.0,647.0,0.0,,1.0,普通类,1_7_0
31,北京大学,2022,新疆,1,本科一批,工商管理类,,644.0,651.0,0.0,,1.0,普通类,1_7_0
31,北京大学,2022,新疆,1,本科一批,物理学类,,644.0,655.0,0.0,,1.0,普通类,1_7_0
31,北京大学,2023,北京,3,本科批,考古学,（01）,690.0,0.0,0.0,221.0,,普通类,3_14_109165
31,北京大学,2023,北京,3,本科批,法学,（01）,683.0,0.0,0.0,442.0,,普通类,3_14_109165
31,北京大学,2023,北京,3,本科批,国际政治,（01）,683.0,0.0,0.0,442.0,,普通类,3_14_109165
31,北京大学,2023,北京,3,本科批,信息管理与信息系统,（01）,683.0,0.0,0.0,442.0,,普通类,3_14_109165
31,北京大学,2023,北京,3,本科批,中国语言文学类,（01）,683.0,0.0,0.0,442.0,,普通类,3_14_109165
31,北京大学,2023,北京,3,本科批,历史学类,（01）,683.0,0.0,0.0,442.0,,普通类,3_14_109165
31,北京大学,2023,北京,3,本科批,哲学类,（01）,683.0,0.0,0.0,442.0,,普通类,3_14_109165
31,北京大学,2023,北京,3,本科批,经济学类,（01）,683.0,0.0,0.0,442.0,,普通类,3_14_109165
31,北京大学,2023,北京,3,本科批,社会学类,（01）,683.0,0.0,0.0,442.0,,普通类,3_14_109165
31,北京大学,2023,北京,3,本科批,公共管理类,（01）,683.0,0.0,0.0,442.0,,普通类,3_14_109165
31,北京大学,2023,北京,3,本科批,新闻传播学类,（01）,683.0,0.0,0.0,442.0,,普通类,3_14_109165
31,北京大学,2023,北京,3,本科批,应用心理学,（01）,683.0,0.0,0.0,442.0,,普通类,3_14_109165
31,北京大学,2023,北京,3,本科批,工商管理类,（02）,691.0,0.0,0.0,192.0,,普通类,3_14_0
31,北京大学,2023,北京,3,本科批,文科试验班类,（02）,691.0,0.0,0.0,192.0,,普通类,3_14_0
31,北京大学,2023,北京,3,本科批,考古学,（01）,690.0,0.0,0.0,221.0,,普通类,3_14_0
31,北京大学,2023,北京,3,本科批,理科试验班类,（03）,690.0,0.0,0.0,221.0,,普通类,3_14_0
31,北京大学,2023,北京,3,本科批,化学类,（04）,687.0,0.0,0.0,313.0,,普通类,3_14_0
31,北京大学,2023,北京,3,本科批,生物科学类,（04）,687.0,0.0,0.0,313.0,,普通类,3_14_0
31,北京大学,2023,北京,3,本科批,天文学,（03）,684.0,0.0,0.0,402.0,,普通类,3_14_0
31,北京大学,2023,北京,3,本科批,数学类,（03）,684.0,0.0,0.0,402.0,,普通类,3_14_0
31,北京大学,2023,北京,3,本科批,电子信息类,（03）,684.0,0.0,0.0,402.0,,普通类,3_14_0
31,北京大学,2023,北京,3,本科批,物理学类,（03）,684.0,0.0,0.0,402.0,,普通类,3_14_0
31,北京大学,2023,北京,3,本科批,计算机类,（03）,684.0,0.0,0.0,402.0,,普通类,3_14_0
31,北京大学,2023,北京,3,本科批,工科试验班类,（03）,684.0,0.0,0.0,402.0,,普通类,3_14_0
31,北京大学,2023,北京,3,本科批,法学,（01）,683.0,0.0,0.0,442.0,,普通类,3_14_0
31,北京大学,2023,北京,3,本科批,国际政治,（01）,683.0,0.0,0.0,442.0,,普通类,3_14_0
31,北京大学,2023,北京,3,本科批,信息管理与信息系统,（01）,683.0,0.0,0.0,442.0,,普通类,3_14_0
31,北京大学,2023,北京,3,本科批,中国语言文学类,（01）,683.0,0.0,0.0,442.0,,普通类,3_14_0
31,北京大学,2023,北京,3,本科批,历史学类,（01）,683.0,0.0,0.0,442.0,,普通类,3_14_0
31,北京大学,2023,北京,3,本科批,哲学类,（01）,683.0,0.0,0.0,442.0,,普通类,3_14_0
31,北京大学,2023,北京,3,本科批,经济学类,（01）,683.0,0.0,0.0,442.0,,普通类,3_14_0
31,北京大学,2023,北京,3,本科批,社会学类,（01）,683.0,0.0,0.0,442.0,,普通类,3_14_0
31,北京大学,2023,北京,3,本科批,公共管理类,（01）,683.0,0.0,0.0,442.0,,普通类,3_14_0
31,北京大学,2023,北京,3,本科批,新闻传播学类,（01）,683.0,0.0,0.0,442.0,,普通类,3_14_0
31,北京大学,2023,北京,3,本科批,应用心理学,（01）,683.0,0.0,0.0,442.0,,普通类,3_14_0
31,北京大学,2023,北京,3,本科批,理科试验班类,（03）,690.0,0.0,0.0,221.0,,普通类,3_14_109163
31,北京大学,2023,北京,3,本科批,天文学,（03）,684.0,0.0,0.0,402.0,,普通类,3_14_109163
31,北京大学,2023,北京,3,本科批,数学类,（03）,684.0,0.0,0.0,402.0,,普通类,3_14_109163
31,北京大学,2023,北京,3,本科批,电子信息类,（03）,684.0,0.0,0.0,402.0,,普通类,3_14_109163
31,北京大学,2023,北京,3,本科批,物理学类,（03）,684.0,0.0,0.0,402.0,,普通类,3_14_109163
31,北京大学,2023,北京,3,本科批,计算机类,（03）,684.0,0.0,0.0,402.0,,普通类,3_14_109163
31,北京大学,2023,北京,3,本科批,工科试验班类,（03）,684.0,0.0,0.0,402.0,,普通类,3_14_109163
31,北京大学,2023,北京,3,本科批,化学类,（04）,687.0,0.0,0.0,313.0,,普通类,3_14_109162
31,北京大学,2023,北京,3,本科批,生物科学类,（04）,687.0,0.0,0.0,313.0,,普通类,3_14_109162
31,北京大学,2023,北京,3,本科批,工商管理类,（02）,691.0,0.0,0.0,192.0,,普通类,3_14_109164
31,北京大学,2023,北京,3,本科批,文科试验班类,（02）,691.0,0.0,0.0,192.0,,普通类,3_14_109164
31,北京大学,2023,天津,3,本科批A段,工商管理类,（1）,701.0,0.0,0.0,,5.0,普通类,3_46_131185
31,北京大学,2023,天津,3,本科批A段,法学,（1）,699.0,0.0,0.0,,3.0,普通类,3_46_131185
31,北京大学,2023,天津,3,本科批A段,经济学类,（1）,699.0,0.0,0.0,,3.0,普通类,3_46_131185
31,北京大学,2023,天津,3,本科批A段,信息管理与信息系统,（1）,698.0,0.0,0.0,,2.0,普通类,3_46_131185
31,北京大学,2023,天津,3,本科批A段,哲学类,（1）,698.0,0.0,0.0,,1.0,普通类,3_46_131185
31,北京大学,2023,天津,3,本科批A段,社会学类,（1）,698.0,0.0,0.0,,1.0,普通类,3_46_131185
31,北京大学,2023,天津,3,本科批A段,新闻传播学类,（1）,698.0,0.0,0.0,,1.0,普通类,3_46_131185
31,北京大学,2023,天津,3,本科批A段,数学类,（2）,707.0,0.0,0.0,,2.0,普通类,3_46_0
31,北京大学,2023,天津,3,本科批A段,理科试验班类,（2）,707.0,0.0,0.0,,2.0,普通类,3_46_0
31,北京大学,2023,天津,3,本科批A段,物理学类,（2）,704.0,0.0,0.0,,2.0,普通类,3_46_0
31,北京大学,2023,天津,3,本科批A段,计算机类,（2）,702.0,0.0,0.0,,3.0,普通类,3_46_0
31,北京大学,2023,天津,3,本科批A段,工商管理类,（1）,701.0,0.0,0.0,,5.0,普通类,3_46_0
31,北京大学,2023,天津,3,本科批A段,电子信息类,（2）,700.0,0.0,0.0,,4.0,普通类,3_46_0
31,北京大学,2023,天津,3,本科批A段,生物科学类,（3）,700.0,0.0,0.0,,2.0,普通类,3_46_0
31,北京大学,2023,天津,3,本科批A段,工科试验班类,（2）,700.0,0.0,0.0,,3.0,普通类,3_46_0
31,北京大学,2023,天津,3,本科批A段,法学,（1）,699.0,0.0,0.0,,3.0,普通类,3_46_0
31,北京大学,2023,天津,3,本科批A段,化学类,（3）,699.0,0.0,0.0,,1.0,普通类,3_46_0
31,北京大学,2023,天津,3,本科批A段,环境科学与工程类,（3）,699.0,0.0,0.0,,1.0,普通类,3_46_0
31,北京大学,2023,天津,3,本科批A段,经济学类,（1）,699.0,0.0,0.0,,3.0,普通类,3_46_0
31,北京大学,2023,天津,3,本科批A段,信息管理与信息系统,（1）,698.0,0.0,0.0,,2.0,普通类,3_46_0
31,北京大学,2023,天津,3,本科批A段,哲学类,（1）,698.0,0.0,0.0,,1.0,普通类,3_46_0
31,北京大学,2023,天津,3,本科批A段,社会学类,（1）,698.0,0.0,0.0,,1.0,普通类,3_46_0
31,北京大学,2023,天津,3,本科批A段,新闻传播学类,（1）,698.0,0.0,0.0,,1.0,普通类,3_46_0
31,北京大学,2023,天津,3,本科批A段,数学类,（2）,707.0,0.0,0.0,,2.0,普通类,3_46_130464
31,北京大学,2023,天津,3,本科批A段,理科试验班类,（2）,707.0,0.0,0.0,,2.0,普通类,3_46_130464
31,北京大学,2023,天津,3,本科批A段,物理学类,（2）,704.0,0.0,0.0,,2.0,普通类,3_46_130464
31,北京大学,2023,天津,3,本科批A段,计算机类,（2）,702.0,0.0,0.0,,3.0,普通类,3_46_130464
31,北京大学,2023,天津,3,本科批A段,电子信息类,（2）,700.0,0.0,0.0,,4.0,普通类,3_46_130464
31,北京大学,2023,天津,3,本科批A段,工科试验班类,（2）,700.0,0.0,0.0,,3.0,普通类,3_46_130464
31,北京大学,2023,天津,3,本科批A段,生物科学类,（3）,700.0,0.0,0.0,,2.0,普通类,3_46_129850
31,北京大学,2023,天津,3,本科批A段,化学类,（3）,699.0,0.0,0.0,,1.0,普通类,3_46_129850
31,北京大学,2023,天津,3,本科批A段,环境科学与工程类,（3）,699.0,0.0,0.0,,1.0,普通类,3_46_129850
31,北京大学,2023,河北,2073,本科批,理科试验班类,,688.0,0.0,0.0,55.0,,普通类,2073_14_0
31,北京大学,2023,河北,2074,本科批,文科试验班类,,664.0,0.0,0.0,30.0,,普通类,2074_14_0
31,北京大学,2023,河北,2074,本科提前批B段,法学,,656.0,0.0,0.0,88.0,1.0,普通类,2074_37_0
31,北京大学,2023,河北,2074,本科提前批B段,社会学类,,651.0,0.0,0.0,147.0,1.0,普通类,2074_37_0
31,北京大学,2023,河北,2074,本科提前批B段,信息管理与信息系统,,648.0,0.0,0.0,188.0,,普通类,2074_37_0
31,北京大学,2023,河北,2074,本科提前批B段,公共管理类,,648.0,0.0,0.0,188.0,1.0,普通类,2074_37_0
31,北京大学,2023,河北,2073,本科提前批B段,法学,,678.0,0.0,0.0,212.0,1.0,普通类,2073_37_0
31,北京大学,2023,河北,2073,本科提前批B段,工科试验班类,,675.0,0.0,0.0,294.0,1.0,普通类,2073_37_0
31,北京大学,2023,河北,2073,本科提前批B段,地球物理学类,,673.0,0.0,0.0,356.0,1.0,普通类,2073_37_0
31,北京大学,2023,河北,2073,本科提前批B段,心理学类,,666.0,0.0,0.0,666.0,1.0,普通类,2073_37_0
31,北京大学,2023,河北,2074,本科提前批A段,德语,,664.0,664.0,664.0,30.0,1.0,普通类,2074_36_0
31,北京大学,2023,河北,2074,本科提前批A段,西班牙语,,662.0,662.0,662.0,39.0,1.0,普通类,2074_36_0
31,北京大学,2023,河北,2074,本科提前批A段,俄语,,661.0,661.0,661.0,43.0,1.0,普通类,2074_36_0
31,北京大学,2023,河北,2074,本科提前批A段,越南语,,659.0,659.0,659.0,56.0,1.0,普通类,2074_36_0
31,北京大学,2023,山西,2,本科一批A段,文科试验班类,,649.0,0.0,0.0,,2.0,普通类,2_51_0
31,北京大学,2023,山西,2,本科一批A段,工商管理类,,637.0,0.0,0.0,,1.0,普通类,2_51_0
31,北京大学,2023,山西,2,本科一批A段,法学,,635.0,0.0,0.0,,2.0,普通类,2_51_0
31,北京大学,2023,山西,2,本科一批A段,信息管理与信息系统,,633.0,0.0,0.0,,1.0,普通类,2_51_0
31,北京大学,2023,山西,2,本科一批A段,中国语言文学类,,633.0,0.0,0.0,,1.0,普通类,2_51_0
31,北京大学,2023,山西,2,本科一批A段,经济学类,,633.0,0.0,0.0,,1.0,普通类,2_51_0
31,北京大学,2023,山西,2,本科一批A段,国际政治,,632.0,0.0,0.0,16.0,2.0,普通类,2_51_0
31,北京大学,2023,山西,2,本科一批A段,公共管理类,,632.0,0.0,0.0,16.0,1.0,普通类,2_51_0
31,北京大学,2023,山西,2,本科一批A段,哲学类,,631.0,0.0,0.0,17.0,1.0,普通类,2_51_0
31,北京大学,2023,山西,2,本科一批A段,历史学类,,630.0,0.0,0.0,18.0,1.0,普通类,2_51_0
31,北京大学,2023,山西,2,本科一批A段,社会学类,,629.0,0.0,0.0,19.0,3.0,普通类,2_51_0
31,北京大学,2023,山西,2,本科一批A段,英语,,628.0,0.0,0.0,23.0,2.0,普通类,2_51_0
31,北京大学,2023,山西,2,本科一批A段,新闻传播学类,,628.0,0.0,0.0,23.0,1.0,普通类,2_51_0
31,北京大学,2023,山西,2,本科一批A段,城乡规划,,624.0,0.0,0.0,26.0,1.0,普通类,2_51_0
31,北京大学,2023,山西,1,本科一批A段,理科试验班类,,689.0,0.0,0.0,12.0,2.0,普通类,1_51_0
31,北京大学,2023,山西,1,本科一批A段,数学类,,681.0,0.0,0.0,47.0,2.0,普通类,1_51_0
31,北京大学,2023,山西,1,本科一批A段,电子信息类,,681.0,0.0,0.0,47.0,2.0,普通类,1_51_0
31,北京大学,2023,山西,1,本科一批A段,工商管理类,,681.0,0.0,0.0,47.0,6.0,普通类,1_51_0
31,北京大学,2023,山西,1,本科一批A段,计算机类,,680.0,0.0,0.0,53.0,8.0,普通类,1_51_0
31,北京大学,2023,山西,1,本科一批A段,物理学类,,679.0,0.0,0.0,55.0,3.0,普通类,1_51_0
31,北京大学,2023,内蒙古,2,本科提前批B段,法学,,620.0,620.0,0.0,,,普通类,2_37_0
31,北京大学,2023,内蒙古,2,本科提前批B段,社会学类,,597.0,597.0,0.0,155.0,,普通类,2_37_0
31,北京大学,2023,内蒙古,2,本科提前批B段,国际政治,,593.0,593.0,0.0,197.0,,普通类,2_37_0
31,北京大学,2023,内蒙古,2,本科提前批B段,新闻传播学类,,590.0,590.0,0.0,225.0,,普通类,2_37_0
31,北京大学,2023,内蒙古,1,本科提前批B段,工科试验班类,,668.0,668.0,0.0,,,普通类,1_37_0
31,北京大学,2023,内蒙古,1,本科提前批B段,环境科学与工程类,,657.0,657.0,0.0,154.0,,普通类,1_37_0
31,北京大学,2023,内蒙古,1,本科提前批B段,环境科学,,655.0,655.0,0.0,177.0,,普通类,1_37_0
31,北京大学,2023,内蒙古,1,本科提前批B段,心理学类,,655.0,655.0,0.0,177.0,,普通类,1_37_0
31,北京大学,2023,内蒙古,2,本科一批,文科试验班类,,649.0,649.0,0.0,,1.0,普通类,2_7_0
31,北京大学,2023,内蒙古,2,本科一批,工商管理类,,648.0,648.0,0.0,,1.0,普通类,2_7_0
31,北京大学,2023,内蒙古,2,本科一批,中国语言文学类,,647.0,647.0,0.0,,1.0,普通类,2_7_0
31,北京大学,2023,内蒙古,2,本科一批,法学,,646.0,665.0,0.0,,2.0,普通类,2_7_0
31,北京大学,2023,内蒙古,2,本科一批,城乡规划,,643.0,643.0,0.0,,1.0,普通类,2_7_0
31,北京大学,2023,内蒙古,2,本科一批,国际政治,,640.0,640.0,0.0,,1.0,普通类,2_7_0
31,北京大学,2023,内蒙古,2,本科一批,经济学类,,638.0,644.0,0.0,,2.0,普通类,2_7_0
31,北京大学,2023,内蒙古,2,本科一批,公共管理类,,637.0,637.0,0.0,,1.0,普通类,2_7_0
31,北京大学,2023,内蒙古,1,本科一批,理科试验班类,,706.0,706.0,0.0,,1.0,普通类,1_7_0
31,北京大学,2023,内蒙古,1,本科一批,工科试验班类,,687.0,687.0,0.0,,1.0,普通类,1_7_0
31,北京大学,2023,内蒙古,1,本科一批,工商管理类,,686.0,688.0,0.0,,2.0,普通类,1_7_0
31,北京大学,2023,内蒙古,1,本科一批,化学类,,679.0,692.0,0.0,,2.0,普通类,1_7_0
31,北京大学,2023,内蒙古,1,本科一批,电子信息类,,678.0,691.0,0.0,,2.0,普通类,1_7_0
31,北京大学,2023,内蒙古,1,本科一批,物理学类,,678.0,700.0,0.0,,2.0,普通类,1_7_0
31,北京大学,2023,内蒙古,1,本科一批,计算机类,,678.0,702.0,0.0,,3.0,普通类,1_7_0
31,北京大学,2023,辽宁,2074,本科批,文科试验班类,,666.0,0.0,0.0,26.0,,普通类,2074_14_0
31,北京大学,2023,辽宁,2073,本科批,理科试验班类,,699.0,0.0,0.0,65.0,,普通类,2073_14_0
31,北京大学,2023,吉林,2,本科一批A段,经济学类,,651.0,651.0,0.0,,1.0,普通类,2_51_0
31,北京大学,2023,吉林,2,本科一批A段,文科试验班类,,645.0,645.0,0.0,,1.0,普通类,2_51_0
31,北京大学,2023,吉林,2,本科一批A段,法学,,637.0,656.0,0.0,,3.0,普通类,2_51_0
31,北京大学,2023,吉林,2,本科一批A段,工商管理类,,636.0,636.0,0.0,,1.0,普通类,2_51_0
31,北京大学,2023,吉林,2,本科一批A段,历史学类,,634.0,634.0,0.0,,1.0,普通类,2_51_0
31,北京大学,2023,吉林,2,本科一批A段,中国语言文学类,,632.0,642.0,0.0,,2.0,普通类,2_51_0
31,北京大学,2023,吉林,2,本科一批A段,公共管理类,,630.0,630.0,0.0,,1.0,普通类,2_51_0
31,北京大学,2023,吉林,2,本科一批A段,国际政治,,629.0,632.0,0.0,,2.0,普通类,2_51_0
31,北京大学,2023,吉林,2,本科一批A段,新闻传播学类,,628.0,628.0,0.0,,1.0,普通类,2_51_0
31,北京大学,2023,吉林,2,本科一批A段,信息管理与信息系统,,627.0,627.0,0.0,,1.0,普通类,2_51_0
31,北京大学,2023,吉林,2,本科一批A段,哲学类,,627.0,627.0,0.0,,1.0,普通类,2_51_0
31,北京大学,2023,吉林,2,本科一批A段,社会学类,,627.0,632.0,0.0,,2.0,普通类,2_51_0
31,北京大学,2023,吉林,2,本科一批A段,英语,,623.0,625.0,0.0,,3.0,普通类,2_51_0
31,北京大学,2023,吉林,2,本科一批A段,考古学,,622.0,622.0,0.0,,1.0,普通类,2_51_0
31,北京大学,2023,吉林,2,本科一批A段,城乡规划,,622.0,624.0,0.0,,2.0,普通类,2_51_0
31,北京大学,2023,吉林,2,本科一批A段,人文科学试验班,,619.0,620.0,0.0,,2.0,普通类,2_51_0
31,北京大学,2023,吉林,1,本科一批A段,计算机类,,677.0,686.0,0.0,,5.0,普通类,1_51_0
31,北京大学,2023,吉林,1,本科一批A段,工商管理类,,676.0,676.0,0.0,,1.0,普通类,1_51_0
31,北京大学,2023,吉林,1,本科一批A段,物理学类,,676.0,680.0,0.0,,2.0,普通类,1_51_0
31,北京大学,2023,吉林,1,本科一批A段,数学类,,675.0,688.0,0.0,,2.0,普通类,1_51_0
31,北京大学,2023,吉林,1,本科一批A段,工科试验班类,,675.0,675.0,0.0,,1.0,普通类,1_51_0
31,北京大学,2023,吉林,1,本科一批A段,电子信息类,,674.0,674.0,0.0,,2.0,普通类,1_51_0
31,北京大学,2023,黑龙江,2,本科一批A段,工商管理类,,648.0,648.0,0.0,,,普通类,2_51_0
31,北京大学,2023,黑龙江,2,本科一批A段,文科试验班类,,638.0,638.0,0.0,,,普通类,2_51_0
31,北京大学,2023,黑龙江,2,本科一批A段,经济学类,,630.0,630.0,0.0,,,普通类,2_51_0
31,北京大学,2023,黑龙江,2,本科一批A段,法学,,622.0,622.0,0.0,,,普通类,2_51_0
31,北京大学,2023,黑龙江,2,本科一批A段,中国语言文学类,,622.0,622.0,0.0,,,普通类,2_51_0
31,北京大学,2023,黑龙江,2,本科一批A段,历史学类,,619.0,619.0,0.0,,,普通类,2_51_0
31,北京大学,2023,黑龙江,2,本科一批A段,哲学类,,618.0,618.0,0.0,,,普通类,2_51_0
31,北京大学,2023,黑龙江,2,本科一批A段,国际政治,,617.0,617.0,0.0,,,普通类,2_51_0
31,北京大学,2023,黑龙江,2,本科一批A段,信息管理与信息系统,,615.0,615.0,0.0,,,普通类,2_51_0
31,北京大学,2023,黑龙江,2,本科一批A段,社会学类,,613.0,613.0,0.0,,,普通类,2_51_0
31,北京大学,2023,黑龙江,2,本科一批A段,城乡规划,,612.0,612.0,0.0,,,普通类,2_51_0
31,北京大学,2023,黑龙江,2,本科一批A段,新闻传播学类,,611.0,611.0,0.0,,,普通类,2_51_0
31,北京大学,2023,黑龙江,2,本科一批A段,公共管理类,,610.0,613.0,0.0,,,普通类,2_51_0
31,北京大学,2023,黑龙江,1,本科一批A段,理科试验班类,,688.0,688.0,0.0,,,普通类,1_51_0
31,北京大学,2023,黑龙江,1,本科一批A段,数学类,,684.0,684.0,0.0,,,普通类,1_51_0
31,北京大学,2023,黑龙江,1,本科一批A段,工商管理类,,682.0,690.0,0.0,,,普通类,1_51_0
31,北京大学,2023,黑龙江,1,本科一批A段,环境科学,,681.0,681.0,0.0,,,普通类,1_51_0
31,北京大学,2023,黑龙江,1,本科一批A段,计算机类,,680.0,683.0,0.0,,,普通类,1_51_0
31,北京大学,2023,黑龙江,1,本科一批A段,物理学类,,678.0,678.0,0.0,35.0,,普通类,1_51_0
31,北京大学,2023,黑龙江,1,本科一批A段,经济学类,,676.0,676.0,0.0,47.0,,普通类,1_51_0
31,北京大学,2023,黑龙江,1,本科一批A段,电子信息类,,675.0,677.0,0.0,61.0,,普通类,1_51_0
31,北京大学,2023,黑龙江,1,本科一批A段,生物科学类,,675.0,675.0,0.0,61.0,,普通类,1_51_0
31,北京大学,2023,黑龙江,1,本科一批A段,地球物理学类,,675.0,675.0,0.0,61.0,,普通类,1_51_0
31,北京大学,2023,黑龙江,1,本科一批A段,工科试验班类,,675.0,675.0,0.0,61.0,,普通类,1_51_0
31,北京大学,2023,江苏,2074,本科批,法学,（03）,673.0,676.0,0.0,,3.0,普通类,2074_14_114540
31,北京大学,2023,江苏,2074,本科批,工商管理类,（03）,670.0,677.0,0.0,,3.0,普通类,2074_14_114540
31,北京大学,2023,江苏,2074,本科批,社会学类,（03）,668.0,669.0,0.0,,2.0,普通类,2074_14_114540
31,北京大学,2023,江苏,2074,本科批,历史学类,（03）,667.0,667.0,0.0,,1.0,普通类,2074_14_114540
31,北京大学,2023,江苏,2074,本科批,公共管理类,（03）,667.0,667.0,0.0,,2.0,普通类,2074_14_114540
31,北京大学,2023,江苏,2074,本科批,哲学类,（03）,666.0,666.0,0.0,,1.0,普通类,2074_14_114540
31,北京大学,2023,江苏,2074,本科批,信息管理与信息系统,（03）,665.0,665.0,0.0,,1.0,普通类,2074_14_114540
31,北京大学,2023,江苏,2074,本科批,经济学类,（03）,665.0,670.0,0.0,,4.0,普通类,2074_14_114540
31,北京大学,2023,江苏,2074,本科批,考古学,（03）,664.0,664.0,0.0,,1.0,普通类,2074_14_114540
31,北京大学,2023,江苏,2074,本科批,英语,（03）,664.0,664.0,0.0,,1.0,普通类,2074_14_114540
31,北京大学,2023,江苏,2074,本科批,中国语言文学类,（03）,664.0,669.0,0.0,,3.0,普通类,2074_14_114540
31,北京大学,2023,江苏,2074,本科批,城乡规划,（03）,663.0,663.0,0.0,,2.0,普通类,2074_14_114540
31,北京大学,2023,江苏,2074,本科批,新闻传播学类,（03）,663.0,666.0,0.0,,2.0,普通类,2074_14_114540
31,北京大学,2023,江苏,2074,本科批,人文科学试验班,（03）,663.0,664.0,0.0,,2.0,普通类,2074_14_114540
31,北京大学,2023,江苏,2074,本科批,法学,（03）,673.0,676.0,0.0,,3.0,普通类,2074_14_0
31,北京大学,2023,江苏,2074,本科批,工商管理类,（03）,670.0,677.0,0.0,,3.0,普通类,2074_14_0
31,北京大学,2023,江苏,2074,本科批,社会学类,（03）,668.0,669.0,0.0,,2.0,普通类,2074_14_0
31,北京大学,2023,江苏,2074,本科批,历史学类,（03）,667.0,667.0,0.0,,1.0,普通类,2074_14_0
31,北京大学,2023,江苏,2074,本科批,公共管理类,（03）,667.0,667.0,0.0,,2.0,普通类,2074_14_0
31,北京大学,2023,江苏,2074,本科批,哲学类,（03）,666.0,666.0,0.0,,1.0,普通类,2074_14_0
31,北京大学,2023,江苏,2074,本科批,信息管理与信息系统,（03）,665.0,665.0,0.0,,1.0,普通类,2074_14_0
31,北京大学,2023,江苏,2074,本科批,经济学类,（03）,665.0,670.0,0.0,,4.0,普通类,2074_14_0
31,北京大学,2023,江苏,2074,本科批,考古学,（03）,664.0,664.0,0.0,,1.0,普通类,2074_14_0
31,北京大学,2023,江苏,2074,本科批,英语,（03）,664.0,664.0,0.0,,1.0,普通类,2074_14_0
31,北京大学,2023,江苏,2074,本科批,中国语言文学类,（03）,664.0,669.0,0.0,,3.0,普通类,2074_14_0
31,北京大学,2023,江苏,2074,本科批,城乡规划,（03）,663.0,663.0,0.0,,2.0,普通类,2074_14_0
31,北京大学,2023,江苏,2074,本科批,新闻传播学类,（03）,663.0,666.0,0.0,,2.0,普通类,2074_14_0
31,北京大学,2023,江苏,2074,本科批,人文科学试验班,（03）,663.0,664.0,0.0,,2.0,普通类,2074_14_0
31,北京大学,2023,江苏,2073,本科批,理科试验班类,（05）,700.0,703.0,0.0,,3.0,普通类,2073_14_114539
31,北京大学,2023,江苏,2073,本科批,数学类,（05）,698.0,700.0,0.0,,3.0,普通类,2073_14_114539
31,北京大学,2023,江苏,2073,本科批,经济学类,（05）,698.0,698.0,0.0,,1.0,普通类,2073_14_114539
31,北京大学,2023,江苏,2073,本科批,电子信息类,（05）,693.0,694.0,0.0,,2.0,普通类,2073_14_114539
31,北京大学,2023,江苏,2073,本科批,物理学类,（05）,692.0,695.0,0.0,,2.0,普通类,2073_14_114539
31,北京大学,2023,江苏,2073,本科批,工科试验班类,（05）,692.0,693.0,0.0,,2.0,普通类,2073_14_114539
31,北京大学,2023,江苏,2073,本科批,法学,（05）,691.0,691.0,0.0,,1.0,普通类,2073_14_114539
31,北京大学,2023,江苏,2073,本科批,工商管理类,（05）,691.0,692.0,0.0,,3.0,普通类,2073_14_114539
31,北京大学,2023,江苏,2073,本科批,计算机类,（05）,691.0,700.0,0.0,,9.0,普通类,2073_14_114539
31,北京大学,2023,江苏,2073,本科批,理科试验班类,（05）,700.0,703.0,0.0,,3.0,普通类,2073_14_0
31,北京大学,2023,江苏,2073,本科批,数学类,（05）,698.0,700.0,0.0,,3.0,普通类,2073_14_0
31,北京大学,2023,江苏,2073,本科批,经济学类,（05）,698.0,698.0,0.0,,1.0,普通类,2073_14_0
31,北京大学,2023,江苏,2073,本科批,电子信息类,（05）,693.0,694.0,0.0,,2.0,普通类,2073_14_0
31,北京大学,2023,江苏,2073,本科批,物理学类,（05）,692.0,695.0,0.0,,2.0,普通类,2073_14_0
31,北京大学,2023,江苏,2073,本科批,工科试验班类,（05）,692.0,693.0,0.0,,2.0,普通类,2073_14_0
31,北京大学,2023,江苏,2073,本科批,法学,（05）,691.0,691.0,0.0,,1.0,普通类,2073_14_0
31,北京大学,2023,江苏,2073,本科批,工商管理类,（05）,691.0,692.0,0.0,,3.0,普通类,2073_14_0
31,北京大学,2023,江苏,2073,本科批,计算机类,（05）,691.0,700.0,0.0,,9.0,普通类,2073_14_0
31,北京大学,2023,浙江,3,平行录取一段,工商管理类,,717.0,0.0,0.0,1.0,,普通类,3_16_0
31,北京大学,2023,浙江,3,平行录取一段,理科试验班类,,712.0,0.0,0.0,13.0,,普通类,3_16_0
31,北京大学,2023,浙江,3,平行录取一段,文科试验班类,,703.0,0.0,0.0,88.0,,普通类,3_16_0
31,北京大学,2023,浙江,3,平行录取一段,理科试验班类,,703.0,0.0,0.0,94.0,,普通类,3_16_0
31,北京大学,2023,安徽,2,本科一批,文科试验班类,,686.0,686.0,686.0,,1.0,普通类,2_7_0
31,北京大学,2023,安徽,2,本科一批,工商管理类,,665.0,677.0,670.0,,1.0,普通类,2_7_0
31,北京大学,2023,安徽,2,本科一批,经济学类,,661.0,661.0,661.0,,,普通类,2_7_0
31,北京大学,2023,安徽,2,本科一批,法学,,656.0,664.0,660.0,,2.0,普通类,2_7_0
31,北京大学,2023,安徽,2,本科一批,中国语言文学类,,656.0,666.0,660.0,,1.0,普通类,2_7_0
31,北京大学,2023,安徽,2,本科一批,社会学类,,656.0,656.0,656.0,,1.0,普通类,2_7_0
31,北京大学,2023,安徽,2,本科一批,国际政治,,655.0,656.0,655.0,,2.0,普通类,2_7_0
31,北京大学,2023,安徽,2,本科一批,公共管理类,,655.0,655.0,655.0,,1.0,普通类,2_7_0
31,北京大学,2023,安徽,2,本科一批,新闻传播学类,,650.0,650.0,650.0,39.0,1.0,普通类,2_7_0
31,北京大学,2023,安徽,2,本科一批,哲学类,,648.0,648.0,648.0,53.0,1.0,普通类,2_7_0
31,北京大学,2023,安徽,1,本科一批,数学类,,698.0,699.0,699.0,,1.0,普通类,1_7_0
31,北京大学,2023,安徽,1,本科一批,理科试验班类,,696.0,703.0,701.0,,1.0,普通类,1_7_0
31,北京大学,2023,安徽,1,本科一批,生物科学类,,696.0,696.0,696.0,,1.0,普通类,1_7_0
31,北京大学,2023,安徽,1,本科一批,电子信息类,,692.0,695.0,694.0,44.0,1.0,普通类,1_7_0
31,北京大学,2023,安徽,1,本科一批,工商管理类,,692.0,695.0,694.0,44.0,1.0,普通类,1_7_0
31,北京大学,2023,安徽,1,本科一批,物理学类,,691.0,704.0,695.0,49.0,1.0,普通类,1_7_0
31,北京大学,2023,安徽,1,本科一批,化学类,,690.0,693.0,692.0,63.0,1.0,普通类,1_7_0
31,北京大学,2023,安徽,1,本科一批,计算机类,,690.0,695.0,692.0,63.0,1.0,普通类,1_7_0
31,北京大学,2023,安徽,1,本科一批,环境科学与工程类,,690.0,690.0,690.0,63.0,1.0,普通类,1_7_0
31,北京大学,2023,安徽,1,本科一批,经济学类,,690.0,690.0,690.0,63.0,1.0,普通类,1_7_0
31,北京大学,2023,福建,2074,本科批,文科试验班类,（L999）,692.0,693.0,693.0,,2.0,普通类,2074_14_119566
31,北京大学,2023,福建,2074,本科批,工商管理类,（L999）,688.0,688.0,688.0,,1.0,普通类,2074_14_119566
31,北京大学,2023,福建,2074,本科批,法学,（L999）,678.0,690.0,682.0,,5.0,普通类,2074_14_119566
31,北京大学,2023,福建,2074,本科批,中国语言文学类,（L999）,676.0,677.0,677.0,,2.0,普通类,2074_14_119566
31,北京大学,2023,福建,2074,本科批,经济学类,（L999）,672.0,687.0,680.0,20.0,2.0,普通类,2074_14_119566
31,北京大学,2023,福建,2074,本科批,历史学类,（L999）,672.0,672.0,672.0,20.0,1.0,普通类,2074_14_119566
31,北京大学,2023,福建,2074,本科批,社会学类,（L999）,672.0,672.0,672.0,20.0,2.0,普通类,2074_14_119566
31,北京大学,2023,福建,2074,本科批,公共管理类,（L999）,671.0,679.0,675.0,22.0,2.0,普通类,2074_14_119566
31,北京大学,2023,福建,2074,本科批,人文科学试验班,（L999）,671.0,671.0,671.0,22.0,1.0,普通类,2074_14_119566
31,北京大学,2023,福建,2074,本科批,考古学,（L999）,670.0,670.0,670.0,26.0,1.0,普通类,2074_14_119566
31,北京大学,2023,福建,2074,本科批,英语,（L999）,670.0,670.0,670.0,26.0,1.0,普通类,2074_14_119566
31,北京大学,2023,福建,2074,本科批,哲学类,（L999）,667.0,667.0,667.0,40.0,1.0,普通类,2074_14_119566
31,北京大学,2023,福建,2074,本科批,文科试验班类,（L999）,692.0,693.0,693.0,,2.0,普通类,2074_14_0
31,北京大学,2023,福建,2074,本科批,工商管理类,（L999）,688.0,688.0,688.0,,1.0,普通类,2074_14_0
31,北京大学,2023,福建,2074,本科批,法学,（L999）,678.0,690.0,682.0,,5.0,普通类,2074_14_0
31,北京大学,2023,福建,2074,本科批,中国语言文学类,（L999）,676.0,677.0,677.0,,2.0,普通类,2074_14_0
31,北京大学,2023,福建,2074,本科批,经济学类,（L999）,672.0,687.0,680.0,20.0,2.0,普通类,2074_14_0
31,北京大学,2023,福建,2074,本科批,历史学类,（L999）,672.0,672.0,672.0,20.0,1.0,普通类,2074_14_0
31,北京大学,2023,福建,2074,本科批,社会学类,（L999）,672.0,672.0,672.0,20.0,2.0,普通类,2074_14_0
31,北京大学,2023,福建,2074,本科批,公共管理类,（L999）,671.0,679.0,675.0,22.0,2.0,普通类,2074_14_0
31,北京大学,2023,福建,2074,本科批,人文科学试验班,（L999）,671.0,671.0,671.0,22.0,1.0,普通类,2074_14_0
31,北京大学,2023,福建,2074,本科批,考古学,（L999）,670.0,670.0,670.0,26.0,1.0,普通类,2074_14_0
31,北京大学,2023,福建,2074,本科批,英语,（L999）,670.0,670.0,670.0,26.0,1.0,普通类,2074_14_0
31,北京大学,2023,福建,2074,本科批,哲学类,（L999）,667.0,667.0,667.0,40.0,1.0,普通类,2074_14_0
31,北京大学,2023,福建,2073,本科批,中国语言文学类,2294（W999）,707.0,707.0,707.0,,1.0,普通类,2073_14_119567
31,北京大学,2023,福建,2073,本科批,理科试验班类,2294（W999）,700.0,710.0,704.0,,5.0,普通类,2073_14_119567
31,北京大学,2023,福建,2073,本科批,工商管理类,2294（W999）,694.0,699.0,696.0,,4.0,普通类,2073_14_119567
31,北京大学,2023,福建,2073,本科批,数学类,2294（W999）,693.0,705.0,698.0,,4.0,普通类,2073_14_119567
31,北京大学,2023,福建,2073,本科批,计算机类,2294（W999）,693.0,697.0,695.0,,3.0,普通类,2073_14_119567
31,北京大学,2023,福建,2073,本科批,天文学,2294（W999）,692.0,692.0,692.0,52.0,1.0,普通类,2073_14_119567
31,北京大学,2023,福建,2073,本科批,工科试验班类,2294（W999）,692.0,692.0,692.0,52.0,1.0,普通类,2073_14_119567
31,北京大学,2023,福建,2073,本科批,物理学类,2294（W999）,691.0,700.0,695.0,66.0,4.0,普通类,2073_14_119567
31,北京大学,2023,福建,2073,本科批,电子信息类,2294（W999）,691.0,692.0,692.0,66.0,4.0,普通类,2073_14_119567
31,北京大学,2023,福建,2073,本科批,经济学类,2294（W999）,691.0,691.0,691.0,66.0,1.0,普通类,2073_14_119567
31,北京大学,2023,福建,2073,本科批,中国语言文学类,2294（W999）,707.0,707.0,707.0,,1.0,普通类,2073_14_0
31,北京大学,2023,福建,2073,本科批,理科试验班类,2294（W999）,700.0,710.0,704.0,,5.0,普通类,2073_14_0
31,北京大学,2023,福建,2073,本科批,工商管理类,2294（W999）,694.0,699.0,696.0,,4.0,普通类,2073_14_0
31,北京大学,2023,福建,2073,本科批,数学类,2294（W999）,693.0,705.0,698.0,,4.0,普通类,2073_14_0
31,北京大学,2023,福建,2073,本科批,计算机类,2294（W999）,693.0,697.0,695.0,,3.0,普通类,2073_14_0
31,北京大学,2023,福建,2073,本科批,天文学,2294（W999）,692.0,692.0,692.0,52.0,1.0,普通类,2073_14_0
31,北京大学,2023,福建,2073,本科批,工科试验班类,2294（W999）,692.0,692.0,692.0,52.0,1.0,普通类,2073_14_0
31,北京大学,2023,福建,2073,本科批,物理学类,2294（W999）,691.0,700.0,695.0,66.0,4.0,普通类,2073_14_0
31,北京大学,2023,福建,2073,本科批,电子信息类,2294（W999）,691.0,692.0,692.0,66.0,4.0,普通类,2073_14_0
31,北京大学,2023,福建,2073,本科批,经济学类,2294（W999）,691.0,691.0,691.0,66.0,1.0,普通类,2073_14_0
31,北京大学,2023,江西,1,本科一批,计算机类,,698.0,0.0,0.0,13.0,1.0,普通类,1_7_0
31,北京大学,2023,江西,1,本科一批,理科试验班类,,696.0,0.0,0.0,17.0,4.0,普通类,1_7_0
31,北京大学,2023,江西,1,本科一批,经济学类,,692.0,0.0,0.0,29.0,1.0,普通类,1_7_0
31,北京大学,2023,江西,1,本科一批,化学类,,690.0,0.0,0.0,34.0,2.0,普通类,1_7_0
31,北京大学,2023,江西,1,本科一批,数学类,,689.0,0.0,0.0,39.0,2.0,普通类,1_7_0
31,北京大学,2023,江西,1,本科一批,工商管理类,,689.0,0.0,0.0,38.0,2.0,普通类,1_7_0
31,北京大学,2023,江西,1,本科一批,电子信息类,,688.0,0.0,0.0,42.0,3.0,普通类,1_7_0
31,北京大学,2023,江西,1,本科一批,物理学类,,688.0,0.0,0.0,43.0,2.0,普通类,1_7_0
31,北京大学,2023,江西,1,国家专项计划本科批,环境科学与工程类,,679.0,0.0,0.0,150.0,,普通类,1_12_0
31,北京大学,2023,江西,1,国家专项计划本科批,公共管理类,,679.0,0.0,0.0,141.0,,普通类,1_12_0
31,北京大学,2023,江西,1,国家专项计划本科批,工科试验班类,,679.0,0.0,0.0,138.0,,普通类,1_12_0
31,北京大学,2023,江西,1,国家专项计划本科批,地质学类,,677.0,0.0,0.0,171.0,,普通类,1_12_0
31,北京大学,2023,江西,1,国家专项计划本科批,城乡规划,,676.0,0.0,0.0,190.0,,普通类,1_12_0
31,北京大学,2023,江西,2,本科提前批,马克思主义理论类,,657.0,0.0,0.0,25.0,,普通类,2_6_0
31,北京大学,2023,江西,2,本科提前批,德语,,656.0,0.0,0.0,26.0,,普通类,2_6_0
31,北京大学,2023,江西,2,本科提前批,日语,,655.0,0.0,0.0,29.0,,普通类,2_6_0
31,北京大学,2023,江西,2,本科提前批,阿拉伯语,,649.0,0.0,0.0,56.0,,普通类,2_6_0
31,北京大学,2023,江西,2,本科一批,工商管理类,,668.0,0.0,0.0,5.0,3.0,普通类,2_7_0
31,北京大学,2023,江西,2,本科一批,文科试验班类,,668.0,0.0,0.0,3.0,1.0,普通类,2_7_0
31,北京大学,2023,江西,2,本科一批,经济学类,,667.0,0.0,0.0,6.0,1.0,普通类,2_7_0
31,北京大学,2023,江西,2,本科一批,法学,,664.0,0.0,0.0,9.0,3.0,普通类,2_7_0
31,北京大学,2023,江西,2,本科一批,国际政治,,660.0,0.0,0.0,14.0,2.0,普通类,2_7_0
31,北京大学,2023,江西,2,本科一批,中国语言文学类,,659.0,0.0,0.0,16.0,1.0,普通类,2_7_0
31,北京大学,2023,江西,2,本科一批,社会学类,,659.0,0.0,0.0,18.0,2.0,普通类,2_7_0
31,北京大学,2023,江西,2,本科一批,信息管理与信息系统,,658.0,0.0,0.0,23.0,1.0,普通类,2_7_0
31,北京大学,2023,江西,2,本科一批,哲学类,,658.0,0.0,0.0,22.0,1.0,普通类,2_7_0
31,北京大学,2023,江西,2,本科一批,新闻传播学类,,658.0,0.0,0.0,20.0,1.0,普通类,2_7_0
31,北京大学,2023,江西,2,国家专项计划本科批,法学,,662.0,0.0,0.0,11.0,,普通类,2_12_0
31,北京大学,2023,江西,2,国家专项计划本科批,国际政治,,659.0,0.0,0.0,19.0,,普通类,2_12_0
31,北京大学,2023,江西,2,国家专项计划本科批,社会学类,,655.0,0.0,0.0,28.0,,普通类,2_12_0
31,北京大学,2023,江西,2,国家专项计划本科批,信息管理与信息系统,,654.0,0.0,0.0,33.0,,普通类,2_12_0
31,北京大学,2023,山东,3,普通类一段,理科试验班类,,693.0,0.0,0.0,110.0,44.0,普通类,3_1570_0
31,北京大学,2023,山东,3,普通类一段,文科试验班类,,689.0,0.0,0.0,181.0,25.0,普通类,3_1570_0
31,北京大学,2023,河南,2,本科一批,文科试验班类,,688.0,688.0,688.0,,1.0,普通类,2_7_0
31,北京大学,2023,河南,2,本科一批,工商管理类,,686.0,686.0,686.0,,1.0,普通类,2_7_0
31,北京大学,2023,河南,2,本科一批,经济学类,,679.0,681.0,680.0,19.0,5.0,普通类,2_7_0
31,北京大学,2023,河南,2,本科一批,考古学,,679.0,679.0,679.0,19.0,1.0,普通类,2_7_0
31,北京大学,2023,河南,2,本科一批,法学,,678.0,690.0,684.0,21.0,3.0,普通类,2_7_0
31,北京大学,2023,河南,2,本科一批,公共管理类,,678.0,681.0,680.0,21.0,2.0,普通类,2_7_0
31,北京大学,2023,河南,2,本科一批,哲学类,,677.0,677.0,677.0,24.0,1.0,普通类,2_7_0
31,北京大学,2023,河南,2,本科一批,国际政治,,676.0,677.0,676.0,26.0,3.0,普通类,2_7_0
31,北京大学,2023,河南,2,本科一批,中国语言文学类,,675.0,677.0,676.0,32.0,3.0,普通类,2_7_0
31,北京大学,2023,河南,2,本科一批,历史学类,,674.0,674.0,674.0,35.0,1.0,普通类,2_7_0
31,北京大学,2023,河南,2,本科一批,社会学类,,673.0,675.0,674.0,41.0,3.0,普通类,2_7_0
31,北京大学,2023,河南,2,本科一批,英语,,673.0,673.0,673.0,41.0,1.0,普通类,2_7_0
31,北京大学,2023,河南,2,本科一批,城乡规划,,672.0,675.0,674.0,46.0,2.0,普通类,2_7_0
31,北京大学,2023,河南,2,本科一批,信息管理与信息系统,,672.0,674.0,673.0,46.0,4.0,普通类,2_7_0
31,北京大学,2023,河南,2,本科一批,新闻传播学类,,672.0,672.0,672.0,46.0,1.0,普通类,2_7_0
31,北京大学,2023,河南,1,本科一批,理科试验班类,,707.0,718.0,711.0,21.0,5.0,普通类,1_7_0
31,北京大学,2023,河南,1,本科一批,化学类,,707.0,707.0,707.0,21.0,1.0,普通类,1_7_0
31,北京大学,2023,河南,1,本科一批,工商管理类,,706.0,706.0,706.0,28.0,2.0,普通类,1_7_0
31,北京大学,2023,河南,1,本科一批,计算机类,,701.0,706.0,703.0,63.0,6.0,普通类,1_7_0
31,北京大学,2023,河南,1,本科一批,电子信息类,,701.0,701.0,701.0,63.0,2.0,普通类,1_7_0
31,北京大学,2023,河南,1,本科一批,物理学类,,701.0,701.0,701.0,63.0,1.0,普通类,1_7_0
31,北京大学,2023,河南,1,本科一批,数学类,,700.0,702.0,701.0,74.0,2.0,普通类,1_7_0
31,北京大学,2023,河南,1,本科一批,经济学类,,700.0,700.0,700.0,74.0,1.0,普通类,1_7_0
31,北京大学,2023,河南,1,本科一批,生物科学类,,697.0,707.0,701.0,98.0,3.0,普通类,1_7_0
31,北京大学,2023,河南,1,本科一批,工科试验班类,,696.0,698.0,697.0,109.0,3.0,普通类,1_7_0
31,北京大学,2023,广东,2074,本科批,工商管理类,（202）,695.0,695.0,0.0,,1.0,普通类,2074_14_95745
31,北京大学,2023,广东,2074,本科批,法学,（202）,675.0,684.0,0.0,,2.0,普通类,2074_14_95745
31,北京大学,2023,广东,2074,本科批,文科试验班类,（202）,675.0,689.0,0.0,,2.0,普通类,2074_14_95745
31,北京大学,2023,广东,2074,本科批,历史学类,（202）,674.0,674.0,0.0,,1.0,普通类,2074_14_95745
31,北京大学,2023,广东,2074,本科批,社会学类,（202）,674.0,674.0,0.0,,2.0,普通类,2074_14_95745
31,北京大学,2023,广东,2074,本科批,中国语言文学类,（202）,673.0,674.0,0.0,,2.0,普通类,2074_14_95745
31,北京大学,2023,广东,2074,本科批,经济学类,（202）,673.0,682.0,0.0,,2.0,普通类,2074_14_95745
31,北京大学,2023,广东,2074,本科批,考古学,（202）,672.0,672.0,0.0,,1.0,普通类,2074_14_95745
31,北京大学,2023,广东,2074,本科批,哲学类,（202）,672.0,672.0,0.0,,2.0,普通类,2074_14_95745
31,北京大学,2023,广东,2074,本科批,城乡规划,（202）,671.0,671.0,0.0,,2.0,普通类,2074_14_95745
31,北京大学,2023,广东,2074,本科批,信息管理与信息系统,（202）,671.0,671.0,0.0,,1.0,普通类,2074_14_95745
31,北京大学,2023,广东,2074,本科批,英语,（202）,671.0,671.0,0.0,,2.0,普通类,2074_14_95745
31,北京大学,2023,广东,2074,本科批,公共管理类,（202）,671.0,672.0,0.0,,2.0,普通类,2074_14_95745
31,北京大学,2023,广东,2074,本科批,新闻传播学类,（202）,670.0,670.0,0.0,,1.0,普通类,2074_14_95745
31,北京大学,2023,广东,2074,本科批,人文科学试验班,（202）,670.0,670.0,0.0,,1.0,普通类,2074_14_95745
31,北京大学,2023,广东,2074,本科批,工商管理类,（202）,695.0,695.0,0.0,,1.0,普通类,2074_14_0
31,北京大学,2023,广东,2074,本科批,法学,（202）,675.0,684.0,0.0,,2.0,普通类,2074_14_0
31,北京大学,2023,广东,2074,本科批,文科试验班类,（202）,675.0,689.0,0.0,,2.0,普通类,2074_14_0
31,北京大学,2023,广东,2074,本科批,历史学类,（202）,674.0,674.0,0.0,,1.0,普通类,2074_14_0
31,北京大学,2023,广东,2074,本科批,社会学类,（202）,674.0,674.0,0.0,,2.0,普通类,2074_14_0
31,北京大学,2023,广东,2074,本科批,中国语言文学类,（202）,673.0,674.0,0.0,,2.0,普通类,2074_14_0
31,北京大学,2023,广东,2074,本科批,经济学类,（202）,673.0,682.0,0.0,,2.0,普通类,2074_14_0
31,北京大学,2023,广东,2074,本科批,考古学,（202）,672.0,672.0,0.0,,1.0,普通类,2074_14_0
31,北京大学,2023,广东,2074,本科批,哲学类,（202）,672.0,672.0,0.0,,2.0,普通类,2074_14_0
31,北京大学,2023,广东,2074,本科批,城乡规划,（202）,671.0,671.0,0.0,,2.0,普通类,2074_14_0
31,北京大学,2023,广东,2074,本科批,信息管理与信息系统,（202）,671.0,671.0,0.0,,1.0,普通类,2074_14_0
31,北京大学,2023,广东,2074,本科批,英语,（202）,671.0,671.0,0.0,,2.0,普通类,2074_14_0
31,北京大学,2023,广东,2074,本科批,公共管理类,（202）,671.0,672.0,0.0,,2.0,普通类,2074_14_0
31,北京大学,2023,广东,2074,本科批,新闻传播学类,（202）,670.0,670.0,0.0,,1.0,普通类,2074_14_0
31,北京大学,2023,广东,2074,本科批,人文科学试验班,（202）,670.0,670.0,0.0,,1.0,普通类,2074_14_0
31,北京大学,2023,广东,2073,本科批,理科试验班类,（203）,708.0,710.0,0.0,,2.0,普通类,2073_14_97254
31,北京大学,2023,广东,2073,本科批,地球物理学类,（203）,704.0,704.0,0.0,,1.0,普通类,2073_14_97254
31,北京大学,2023,广东,2073,本科批,工商管理类,（203）,699.0,702.0,0.0,35.0,5.0,普通类,2073_14_97254
31,北京大学,2023,广东,2073,本科批,信息管理与信息系统,（203）,696.0,696.0,0.0,57.0,1.0,普通类,2073_14_97254
31,北京大学,2023,广东,2073,本科批,经济学类,（203）,696.0,696.0,0.0,57.0,1.0,普通类,2073_14_97254
31,北京大学,2023,广东,2073,本科批,心理学类,（203）,696.0,696.0,0.0,57.0,2.0,普通类,2073_14_97254
31,北京大学,2023,广东,2073,本科批,物理学类,（203）,695.0,705.0,0.0,71.0,6.0,普通类,2073_14_97254
31,北京大学,2023,广东,2073,本科批,法学,（203）,694.0,697.0,0.0,85.0,3.0,普通类,2073_14_97254
31,北京大学,2023,广东,2073,本科批,文物保护技术,（203）,694.0,0.0,0.0,85.0,,普通类,2073_14_97254
31,北京大学,2023,广东,2073,本科批,天文学,（203）,694.0,0.0,0.0,85.0,,普通类,2073_14_97254
31,北京大学,2023,广东,2073,本科批,城乡规划,（203）,694.0,0.0,0.0,85.0,,普通类,2073_14_97254
31,北京大学,2023,广东,2073,本科批,中国语言文学类,（203）,694.0,0.0,0.0,85.0,,普通类,2073_14_97254
31,北京大学,2023,广东,2073,本科批,哲学类,（203）,694.0,0.0,0.0,85.0,,普通类,2073_14_97254
31,北京大学,2023,广东,2073,本科批,数学类,（203）,694.0,0.0,0.0,85.0,,普通类,2073_14_97254
31,北京大学,2023,广东,2073,本科批,电子信息类,（203）,694.0,694.0,0.0,85.0,3.0,普通类,2073_14_97254
31,北京大学,2023,广东,2073,本科批,公共管理类,（203）,694.0,0.0,0.0,85.0,,普通类,2073_14_97254
31,北京大学,2023,广东,2073,本科批,新闻传播学类,（203）,694.0,0.0,0.0,85.0,,普通类,2073_14_97254
31,北京大学,2023,广东,2073,本科批,计算机类,（203）,694.0,709.0,0.0,85.0,6.0,普通类,2073_14_97254
31,北京大学,2023,广东,2073,本科批,工科试验班类,（203）,694.0,0.0,0.0,85.0,,普通类,2073_14_97254
31,北京大学,2023,广东,2073,本科批,理科试验班类,（203）,708.0,710.0,0.0,,2.0,普通类,2073_14_0
31,北京大学,2023,广东,2073,本科批,地球物理学类,（203）,704.0,704.0,0.0,,1.0,普通类,2073_14_0
31,北京大学,2023,广东,2073,本科批,工商管理类,（203）,699.0,702.0,0.0,35.0,5.0,普通类,2073_14_0
31,北京大学,2023,广东,2073,本科批,信息管理与信息系统,（203）,696.0,696.0,0.0,57.0,1.0,普通类,2073_14_0
31,北京大学,2023,广东,2073,本科批,经济学类,（203）,696.0,696.0,0.0,57.0,1.0,普通类,2073_14_0
31,北京大学,2023,广东,2073,本科批,心理学类,（203）,696.0,696.0,0.0,57.0,2.0,普通类,2073_14_0
31,北京大学,2023,广东,2073,本科批,物理学类,（203）,695.0,705.0,0.0,71.0,6.0,普通类,2073_14_0
31,北京大学,2023,广东,2073,本科批,法学,（203）,694.0,697.0,0.0,85.0,3.0,普通类,2073_14_0
31,北京大学,2023,广东,2073,本科批,文物保护技术,（203）,694.0,0.0,0.0,85.0,,普通类,2073_14_0
31,北京大学,2023,广东,2073,本科批,天文学,（203）,694.0,0.0,0.0,85.0,,普通类,2073_14_0
31,北京大学,2023,广东,2073,本科批,城乡规划,（203）,694.0,0.0,0.0,85.0,,普通类,2073_14_0
31,北京大学,2023,广东,2073,本科批,中国语言文学类,（203）,694.0,0.0,0.0,85.0,,普通类,2073_14_0
31,北京大学,2023,广东,2073,本科批,哲学类,（203）,694.0,0.0,0.0,85.0,,普通类,2073_14_0
31,北京大学,2023,广东,2073,本科批,数学类,（203）,694.0,0.0,0.0,85.0,,普通类,2073_14_0
31,北京大学,2023,广东,2073,本科批,电子信息类,（203）,694.0,694.0,0.0,85.0,3.0,普通类,2073_14_0
31,北京大学,2023,广东,2073,本科批,公共管理类,（203）,694.0,0.0,0.0,85.0,,普通类,2073_14_0
31,北京大学,2023,广东,2073,本科批,新闻传播学类,（203）,694.0,0.0,0.0,85.0,,普通类,2073_14_0
31,北京大学,2023,广东,2073,本科批,计算机类,（203）,694.0,709.0,0.0,85.0,6.0,普通类,2073_14_0
31,北京大学,2023,广东,2073,本科批,工科试验班类,（203）,694.0,0.0,0.0,85.0,,普通类,2073_14_0
31,北京大学,2023,广东,2074,本科提前批,日语,（101）,669.0,669.0,0.0,35.0,1.0,普通类,2074_6_95034
31,北京大学,2023,广东,2074,本科提前批,德语,（101）,668.0,668.0,0.0,39.0,1.0,普通类,2074_6_95034
31,北京大学,2023,广东,2074,本科提前批,西班牙语,（101）,668.0,668.0,0.0,39.0,1.0,普通类,2074_6_95034
31,北京大学,2023,广东,2074,本科提前批,俄语,（101）,666.0,666.0,0.0,54.0,1.0,普通类,2074_6_95034
31,北京大学,2023,广东,2074,本科提前批,阿拉伯语,（101）,666.0,666.0,0.0,54.0,1.0,普通类,2074_6_95034
31,北京大学,2023,广东,2074,本科提前批,朝鲜语,（101）,663.0,663.0,0.0,70.0,1.0,普通类,2074_6_95034
31,北京大学,2023,广东,2074,本科提前批,印地语,（101）,660.0,660.0,0.0,88.0,1.0,普通类,2074_6_95034
31,北京大学,2023,广东,2074,本科提前批,越南语,（101）,653.0,653.0,0.0,163.0,1.0,普通类,2074_6_95034
31,北京大学,2023,广东,2074,本科提前批,日语,（101）,669.0,669.0,0.0,35.0,1.0,普通类,2074_6_0
31,北京大学,2023,广东,2074,本科提前批,德语,（101）,668.0,668.0,0.0,39.0,1.0,普通类,2074_6_0
31,北京大学,2023,广东,2074,本科提前批,西班牙语,（101）,668.0,668.0,0.0,39.0,1.0,普通类,2074_6_0
31,北京大学,2023,广东,2074,本科提前批,俄语,（101）,666.0,666.0,0.0,54.0,1.0,普通类,2074_6_0
31,北京大学,2023,广东,2074,本科提前批,阿拉伯语,（101）,666.0,666.0,0.0,54.0,1.0,普通类,2074_6_0
31,北京大学,2023,广东,2074,本科提前批,朝鲜语,（101）,663.0,663.0,0.0,70.0,1.0,普通类,2074_6_0
31,北京大学,2023,广东,2074,本科提前批,印地语,（101）,660.0,660.0,0.0,88.0,1.0,普通类,2074_6_0
31,北京大学,2023,广东,2074,本科提前批,越南语,（101）,653.0,653.0,0.0,163.0,1.0,普通类,2074_6_0
31,北京大学,2023,广东,2073,本科提前批,法语,（102）,691.0,691.0,0.0,124.0,1.0,普通类,2073_6_95085
31,北京大学,2023,广东,2073,本科提前批,日语,（102）,691.0,691.0,0.0,124.0,1.0,普通类,2073_6_95085
31,北京大学,2023,广东,2073,本科提前批,德语,（102）,685.0,685.0,0.0,254.0,1.0,普通类,2073_6_95085
31,北京大学,2023,广东,2073,本科提前批,阿拉伯语,（102）,681.0,681.0,0.0,402.0,1.0,普通类,2073_6_95085
31,北京大学,2023,广东,2073,本科提前批,法语,（102）,691.0,691.0,0.0,124.0,1.0,普通类,2073_6_0
31,北京大学,2023,广东,2073,本科提前批,日语,（102）,691.0,691.0,0.0,124.0,1.0,普通类,2073_6_0
31,北京大学,2023,广东,2073,本科提前批,德语,（102）,685.0,685.0,0.0,254.0,1.0,普通类,2073_6_0
31,北京大学,2023,广东,2073,本科提前批,阿拉伯语,（102）,681.0,681.0,0.0,402.0,1.0,普通类,2073_6_0
31,北京大学,2023,广西,1,本科一批,生物科学类,,698.0,698.0,698.0,22.0,1.0,普通类,1_7_0
31,北京大学,2023,广西,1,本科一批,数学类,,697.0,697.0,697.0,26.0,1.0,普通类,1_7_0
31,北京大学,2023,广西,1,本科一批,工商管理类,,694.0,700.0,698.0,36.0,3.0,普通类,1_7_0
31,北京大学,2023,广西,1,本科一批,电子信息类,,694.0,696.0,695.0,36.0,3.0,普通类,1_7_0
31,北京大学,2023,广西,1,本科一批,计算机类,,690.0,697.0,694.0,50.0,5.0,普通类,1_7_0
31,北京大学,2023,广西,1,本科一批,经济学类,,689.0,689.0,689.0,60.0,1.0,普通类,1_7_0
31,北京大学,2023,广西,2,本科一批,工商管理类,,689.0,689.0,689.0,20.0,1.0,普通类,2_7_0
31,北京大学,2023,广西,2,本科一批,经济学类,,679.0,679.0,679.0,20.0,1.0,普通类,2_7_0
31,北京大学,2023,广西,2,本科一批,文科试验班类,,679.0,679.0,679.0,20.0,1.0,普通类,2_7_0
31,北京大学,2023,广西,2,本科一批,法学,,675.0,675.0,675.0,20.0,1.0,普通类,2_7_0
31,北京大学,2023,广西,2,本科一批,人文科学试验班,,672.0,672.0,672.0,20.0,1.0,普通类,2_7_0
31,北京大学,2023,广西,2,本科一批,信息管理与信息系统,,670.0,670.0,670.0,20.0,1.0,普通类,2_7_0
31,北京大学,2023,广西,2,本科一批,社会学类,,670.0,670.0,670.0,20.0,1.0,普通类,2_7_0
31,北京大学,2023,广西,2,本科一批,国际政治,,669.0,669.0,669.0,20.0,1.0,普通类,2_7_0
31,北京大学,2023,广西,2,本科一批,中国语言文学类,,669.0,669.0,669.0,20.0,1.0,普通类,2_7_0
31,北京大学,2023,广西,2,本科一批,新闻传播学类,,669.0,669.0,669.0,20.0,1.0,普通类,2_7_0
31,北京大学,2023,广西,2,本科一批,历史学类,,668.0,668.0,668.0,20.0,1.0,普通类,2_7_0
31,北京大学,2023,广西,2,本科一批,公共管理类,,667.0,668.0,668.0,23.0,3.0,普通类,2_7_0
31,北京大学,2023,广西,2,本科一批,城乡规划,,667.0,667.0,667.0,23.0,1.0,普通类,2_7_0
31,北京大学,2023,广西,2,本科一批,哲学类,,667.0,667.0,667.0,23.0,1.0,普通类,2_7_0
31,北京大学,2023,海南,3,本科批,文科试验班类,（02）,884.0,0.0,0.0,6.0,,普通类,3_14_120209
31,北京大学,2023,海南,3,本科批,中国语言文学类,（02）,855.0,0.0,0.0,16.0,,普通类,3_14_120209
31,北京大学,2023,海南,3,本科批,工商管理类,（02）,853.0,0.0,0.0,17.0,,普通类,3_14_120209
31,北京大学,2023,海南,3,本科批,法学,（02）,841.0,0.0,0.0,25.0,,普通类,3_14_120209
31,北京大学,2023,海南,3,本科批,化学类,（04）,900.0,0.0,0.0,3.0,,普通类,3_14_0
31,北京大学,2023,海南,3,本科批,文科试验班类,（02）,884.0,0.0,0.0,6.0,,普通类,3_14_0
31,北京大学,2023,海南,3,本科批,数学类,（03）,869.0,0.0,0.0,9.0,,普通类,3_14_0
31,北京大学,2023,海南,3,本科批,中国语言文学类,（02）,855.0,0.0,0.0,16.0,,普通类,3_14_0
31,北京大学,2023,海南,3,本科批,工商管理类,（02）,853.0,0.0,0.0,17.0,,普通类,3_14_0
31,北京大学,2023,海南,3,本科批,物理学类,（03）,849.0,0.0,0.0,19.0,,普通类,3_14_0
31,北京大学,2023,海南,3,本科批,计算机类,（03）,848.0,0.0,0.0,20.0,,普通类,3_14_0
31,北京大学,2023,海南,3,本科批,生物科学类,（04）,845.0,0.0,0.0,22.0,,普通类,3_14_0
31,北京大学,2023,海南,3,本科批,环境科学与工程类,（04）,844.0,0.0,0.0,23.0,,普通类,3_14_0
31,北京大学,2023,海南,3,本科批,法学,（02）,841.0,0.0,0.0,25.0,,普通类,3_14_0
31,北京大学,2023,海南,3,本科批,数学类,（03）,869.0,0.0,0.0,9.0,,普通类,3_14_120210
31,北京大学,2023,海南,3,本科批,物理学类,（03）,849.0,0.0,0.0,19.0,,普通类,3_14_120210
31,北京大学,2023,海南,3,本科批,计算机类,（03）,848.0,0.0,0.0,20.0,,普通类,3_14_120210
31,北京大学,2023,海南,3,本科批,化学类,（04）,900.0,0.0,0.0,3.0,,普通类,3_14_120211
31,北京大学,2023,海南,3,本科批,生物科学类,（04）,845.0,0.0,0.0,22.0,,普通类,3_14_120211
31,北京大学,2023,海南,3,本科批,环境科学与工程类,（04）,844.0,0.0,0.0,23.0,,普通类,3_14_120211
31,北京大学,2023,重庆,2073,本科批,理科试验班类,,689.0,0.0,0.0,145.0,,普通类,2073_14_0
31,北京大学,2023,重庆,2074,本科批,文科试验班类,,661.0,0.0,0.0,59.0,,普通类,2074_14_0
31,北京大学,2023,重庆,2074,本科提前批B段,法学,,666.0,0.0,0.0,60.0,,普通类,2074_37_0
31,北京大学,2023,重庆,2074,本科提前批B段,马克思主义理论类,,664.0,0.0,0.0,60.0,,普通类,2074_37_0
31,北京大学,2023,重庆,2074,本科提前批B段,德语,,663.0,0.0,0.0,60.0,,普通类,2074_37_0
31,北京大学,2023,重庆,2074,本科提前批B段,希伯来语,,662.0,0.0,0.0,60.0,,普通类,2074_37_0
31,北京大学,2023,重庆,2074,本科提前批B段,国际政治,,654.0,0.0,0.0,60.0,,普通类,2074_37_0
31,北京大学,2023,重庆,2074,本科提前批B段,人文科学试验班,,654.0,0.0,0.0,60.0,,普通类,2074_37_0
31,北京大学,2023,重庆,2074,本科提前批B段,社会学类,,653.0,0.0,0.0,60.0,,普通类,2074_37_0
31,北京大学,2023,重庆,2073,本科提前批B段,工科试验班类,,685.0,0.0,0.0,152.0,,普通类,2073_37_0
31,北京大学,2023,重庆,2073,本科提前批B段,法学,,675.0,0.0,0.0,188.0,,普通类,2073_37_0
31,北京大学,2023,重庆,2073,本科提前批B段,心理学类,,674.0,0.0,0.0,208.0,,普通类,2073_37_0
31,北京大学,2023,重庆,2073,本科提前批B段,地质学类,,674.0,0.0,0.0,208.0,,普通类,2073_37_0
31,北京大学,2023,四川,2,本科一批,文科试验班类,,652.0,652.0,652.0,,1.0,普通类,2_7_0
31,北京大学,2023,四川,2,本科一批,哲学类,,651.0,651.0,651.0,,1.0,普通类,2_7_0
31,北京大学,2023,四川,2,本科一批,工商管理类,,651.0,651.0,651.0,,1.0,普通类,2_7_0
31,北京大学,2023,四川,2,本科一批,中国语言文学类,,646.0,654.0,650.0,,2.0,普通类,2_7_0
31,北京大学,2023,四川,2,本科一批,法学,,644.0,649.0,647.0,,3.0,普通类,2_7_0
31,北京大学,2023,四川,2,本科一批,公共管理类,,641.0,641.0,641.0,,1.0,普通类,2_7_0
31,北京大学,2023,四川,2,本科一批,经济学类,,640.0,641.0,641.0,,3.0,普通类,2_7_0
31,北京大学,2023,四川,2,本科一批,新闻传播学类,,640.0,641.0,641.0,,2.0,普通类,2_7_0
31,北京大学,2023,四川,2,本科一批,国际政治,,639.0,657.0,644.0,,7.0,普通类,2_7_0
31,北京大学,2023,四川,2,本科一批,社会学类,,639.0,648.0,643.0,,3.0,普通类,2_7_0
31,北京大学,2023,四川,2,本科一批,城乡规划,,639.0,639.0,639.0,,1.0,普通类,2_7_0
31,北京大学,2023,四川,2,本科一批,历史学类,,639.0,639.0,639.0,,1.0,普通类,2_7_0
31,北京大学,2023,四川,1,本科一批,理科试验班类,,707.0,719.0,713.0,,4.0,普通类,1_7_0
31,北京大学,2023,四川,1,本科一批,生物科学类,,706.0,706.0,706.0,,1.0,普通类,1_7_0
31,北京大学,2023,四川,1,本科一批,数学类,,701.0,711.0,705.0,,3.0,普通类,1_7_0
31,北京大学,2023,四川,1,本科一批,工商管理类,,700.0,711.0,704.0,,4.0,普通类,1_7_0
31,北京大学,2023,四川,1,本科一批,经济学类,,700.0,700.0,700.0,,1.0,普通类,1_7_0
31,北京大学,2023,四川,1,本科一批,计算机类,,699.0,704.0,701.0,,5.0,普通类,1_7_0
31,北京大学,2023,四川,1,本科一批,化学类,,699.0,699.0,699.0,,1.0,普通类,1_7_0
31,北京大学,2023,四川,1,本科一批,电子信息类,,698.0,701.0,699.0,62.0,3.0,普通类,1_7_0
31,北京大学,2023,贵州,2,本科一批,文科试验班类,,694.0,694.0,0.0,,1.0,普通类,2_7_0
31,北京大学,2023,贵州,2,本科一批,法学,,686.0,688.0,0.0,,2.0,普通类,2_7_0
31,北京大学,2023,贵州,2,本科一批,工商管理类,,684.0,684.0,0.0,,1.0,普通类,2_7_0
31,北京大学,2023,贵州,2,本科一批,经济学类,,679.0,679.0,0.0,,1.0,普通类,2_7_0
31,北京大学,2023,贵州,2,本科一批,哲学类,,678.0,678.0,0.0,,1.0,普通类,2_7_0
31,北京大学,2023,贵州,2,本科一批,中国语言文学类,,677.0,677.0,0.0,,1.0,普通类,2_7_0
31,北京大学,2023,贵州,2,本科一批,城乡规划,,676.0,676.0,0.0,,1.0,普通类,2_7_0
31,北京大学,2023,贵州,2,本科一批,信息管理与信息系统,,675.0,675.0,0.0,,1.0,普通类,2_7_0
31,北京大学,2023,贵州,2,本科一批,新闻传播学类,,675.0,675.0,0.0,,1.0,普通类,2_7_0
31,北京大学,2023,贵州,2,本科一批,社会学类,,674.0,674.0,0.0,,1.0,普通类,2_7_0
31,北京大学,2023,贵州,2,本科一批,公共管理类,,674.0,674.0,0.0,,1.0,普通类,2_7_0
31,北京大学,2023,贵州,2,本科一批,国际政治,,672.0,677.0,0.0,,2.0,普通类,2_7_0
31,北京大学,2023,贵州,2,本科一批,英语,,669.0,670.0,0.0,,2.0,普通类,2_7_0
31,北京大学,2023,贵州,2,本科一批,历史学类,,667.0,667.0,0.0,37.0,1.0,普通类,2_7_0
31,北京大学,2023,贵州,2,本科一批,人文科学试验班,,667.0,667.0,0.0,37.0,1.0,普通类,2_7_0
31,北京大学,2023,贵州,1,本科一批,理科试验班类,,702.0,702.0,0.0,,1.0,普通类,1_7_0
31,北京大学,2023,贵州,1,本科一批,数学类,,694.0,697.0,0.0,,2.0,普通类,1_7_0
31,北京大学,2023,贵州,1,本科一批,工商管理类,,689.0,697.0,0.0,,2.0,普通类,1_7_0
31,北京大学,2023,贵州,1,本科一批,计算机类,,689.0,693.0,0.0,,4.0,普通类,1_7_0
31,北京大学,2023,贵州,1,本科一批,生物科学类,,687.0,687.0,0.0,,1.0,普通类,1_7_0
31,北京大学,2023,贵州,1,本科一批,电子信息类,,684.0,687.0,0.0,,3.0,普通类,1_7_0
31,北京大学,2023,贵州,1,本科一批,物理学类,,684.0,688.0,0.0,,3.0,普通类,1_7_0
31,北京大学,2023,陕西,2,本科一批,工商管理类,,680.0,680.0,680.0,,1.0,普通类,2_7_0
31,北京大学,2023,陕西,2,本科一批,经济学类,,678.0,678.0,678.0,,1.0,普通类,2_7_0
31,北京大学,2023,陕西,2,本科一批,文科试验班类,,678.0,678.0,678.0,,1.0,普通类,2_7_0
31,北京大学,2023,陕西,2,本科一批,法学,,675.0,677.0,676.0,,2.0,普通类,2_7_0
31,北京大学,2023,陕西,2,本科一批,中国语言文学类,,674.0,674.0,674.0,,1.0,普通类,2_7_0
31,北京大学,2023,陕西,2,本科一批,国际政治,,673.0,673.0,673.0,,2.0,普通类,2_7_0
31,北京大学,2023,陕西,2,本科一批,社会学类,,673.0,673.0,673.0,,1.0,普通类,2_7_0
31,北京大学,2023,陕西,2,本科一批,哲学类,,671.0,671.0,671.0,13.0,1.0,普通类,2_7_0
31,北京大学,2023,陕西,2,本科一批,历史学类,,668.0,668.0,668.0,15.0,1.0,普通类,2_7_0
31,北京大学,2023,陕西,2,本科一批,信息管理与信息系统,,667.0,667.0,667.0,17.0,1.0,普通类,2_7_0
31,北京大学,2023,陕西,2,本科一批,考古学,,666.0,666.0,666.0,20.0,1.0,普通类,2_7_0
31,北京大学,2023,陕西,2,本科一批,公共管理类,,665.0,667.0,666.0,21.0,2.0,普通类,2_7_0
31,北京大学,2023,陕西,2,本科一批,英语,,664.0,664.0,664.0,26.0,2.0,普通类,2_7_0
31,北京大学,2023,陕西,2,本科一批,新闻传播学类,,664.0,664.0,664.0,26.0,1.0,普通类,2_7_0
31,北京大学,2023,陕西,2,本科一批,人文科学试验班,,664.0,664.0,664.0,26.0,1.0,普通类,2_7_0
31,北京大学,2023,陕西,2,本科一批,城乡规划,,662.0,666.0,664.0,33.0,2.0,普通类,2_7_0
31,北京大学,2023,陕西,1,本科一批,理科试验班类,,710.0,721.0,714.0,,4.0,普通类,1_7_0
31,北京大学,2023,陕西,1,本科一批,化学类,,706.0,706.0,706.0,21.0,2.0,普通类,1_7_0
31,北京大学,2023,陕西,1,本科一批,数学类,,704.0,709.0,706.0,34.0,4.0,普通类,1_7_0
31,北京大学,2023,陕西,1,本科一批,经济学类,,704.0,704.0,704.0,34.0,1.0,普通类,1_7_0
31,北京大学,2023,陕西,1,本科一批,计算机类,,703.0,705.0,704.0,40.0,5.0,普通类,1_7_0
31,北京大学,2023,陕西,1,本科一批,物理学类,,702.0,705.0,703.0,44.0,5.0,普通类,1_7_0
31,北京大学,2023,甘肃,2,本科一批I段,文科试验班类,,654.0,655.0,655.0,,2.0,普通类,2_111_0
31,北京大学,2023,甘肃,2,本科一批I段,中国语言文学类,,651.0,651.0,651.0,,1.0,普通类,2_111_0
31,北京大学,2023,甘肃,2,本科一批I段,经济学类,,649.0,649.0,649.0,,1.0,普通类,2_111_0
31,北京大学,2023,甘肃,2,本科一批I段,工商管理类,,644.0,644.0,644.0,,1.0,普通类,2_111_0
31,北京大学,2023,甘肃,2,本科一批I段,国际政治,,641.0,641.0,641.0,,1.0,普通类,2_111_0
31,北京大学,2023,甘肃,2,本科一批I段,新闻传播学类,,639.0,639.0,639.0,,1.0,普通类,2_111_0
31,北京大学,2023,甘肃,2,本科一批I段,法学,,636.0,636.0,636.0,,1.0,普通类,2_111_0
31,北京大学,2023,甘肃,2,本科一批I段,历史学类,,636.0,636.0,636.0,,1.0,普通类,2_111_0
31,北京大学,2023,甘肃,2,本科一批I段,英语,,631.0,635.0,633.0,,2.0,普通类,2_111_0
31,北京大学,2023,甘肃,1,本科一批I段,理科试验班类,,678.0,686.0,682.0,,2.0,普通类,1_111_0
31,北京大学,2023,甘肃,1,本科一批I段,工商管理类,,667.0,671.0,669.0,,2.0,普通类,1_111_0
31,北京大学,2023,甘肃,1,本科一批I段,计算机类,,665.0,668.0,666.0,40.0,6.0,普通类,1_111_0
31,北京大学,2023,青海,2,本科一段,工商管理类,,619.0,0.0,0.0,,2.0,普通类,2_1564_0
31,北京大学,2023,青海,2,本科一段,法学,,613.0,0.0,0.0,,2.0,普通类,2_1564_0
31,北京大学,2023,青海,2,本科一段,社会学类,,613.0,0.0,0.0,,1.0,普通类,2_1564_0
31,北京大学,2023,青海,2,本科一段,中国语言文学类,,605.0,0.0,0.0,,3.0,普通类,2_1564_0
31,北京大学,2023,青海,1,本科一段,理科试验班类,,646.0,0.0,0.0,,2.0,普通类,1_1564_0
31,北京大学,2023,青海,1,本科一段,工科试验班类,,641.0,0.0,0.0,,1.0,普通类,1_1564_0
31,北京大学,2023,青海,1,本科一段,计算机类,,639.0,0.0,0.0,,1.0,普通类,1_1564_0
31,北京大学,2023,青海,1,本科一段,生物科学类,,636.0,0.0,0.0,,1.0,普通类,1_1564_0
31,北京大学,2023,青海,1,本科一段,经济学类,,634.0,0.0,0.0,22.0,1.0,普通类,1_1564_0
31,北京大学,2023,青海,1,本科一段,物理学类,,634.0,0.0,0.0,22.0,2.0,普通类,1_1564_0
31,北京大学,2023,新疆,2,本科一批,文科试验班类,,655.0,655.0,0.0,,1.0,普通类,2_7_0
31,北京大学,2023,新疆,2,本科一批,法学,,646.0,648.0,0.0,,2.0,普通类,2_7_0
31,北京大学,2023,新疆,2,本科一批,工商管理类,,639.0,639.0,0.0,,1.0,普通类,2_7_0
31,北京大学,2023,新疆,2,本科一批,国际政治,,635.0,646.0,0.0,,2.0,普通类,2_7_0
31,北京大学,2023,新疆,2,本科一批,经济学类,,635.0,635.0,0.0,,1.0,普通类,2_7_0
31,北京大学,2023,新疆,2,本科一批,新闻传播学类,,628.0,628.0,0.0,,1.0,普通类,2_7_0
31,北京大学,2023,新疆,2,本科一批,中国语言文学类,,625.0,625.0,0.0,,1.0,普通类,2_7_0
31,北京大学,2023,新疆,2,本科一批,信息管理与信息系统,,623.0,634.0,0.0,,1.0,普通类,2_7_0
31,北京大学,2023,新疆,2,本科一批,社会学类,,623.0,632.0,0.0,,1.0,普通类,2_7_0
31,北京大学,2023,新疆,2,本科一批,英语,,622.0,622.0,0.0,,2.0,普通类,2_7_0
31,北京大学,2023,新疆,2,本科一批,公共管理类,,622.0,627.0,0.0,,1.0,普通类,2_7_0
31,北京大学,2023,新疆,2,本科一批,城乡规划,,621.0,621.0,0.0,,2.0,普通类,2_7_0
31,北京大学,2023,新疆,1,本科一批,物理学类,,694.0,694.0,0.0,,1.0,普通类,1_7_0
31,北京大学,2023,新疆,1,本科一批,数学类,,673.0,673.0,0.0,,1.0,普通类,1_7_0
31,北京大学,2023,新疆,1,本科一批,理科试验班类,,668.0,688.0,0.0,,1.0,普通类,1_7_0
31,北京大学,2023,新疆,1,本科一批,化学类,,665.0,665.0,0.0,,1.0,普通类,1_7_0
31,北京大学,2023,新疆,1,本科一批,电子信息类,,665.0,670.0,0.0,,1.0,普通类,1_7_0
31,北京大学,2023,新疆,1,本科一批,工商管理类,,665.0,696.0,0.0,,1.0,普通类,1_7_0
31,北京大学,2023,新疆,1,本科一批,计算机类,,663.0,663.0,0.0,,1.0,普通类,1_7_0
31,北京大学,2024,北京,3,本科批,法学,（01）,688.0,0.0,0.0,423.0,6.0,普通类,3_14_175118
31,北京大学,2024,北京,3,本科批,考古学,（01）,688.0,0.0,0.0,423.0,4.0,普通类,3_14_175118
31,北京大学,2024,北京,3,本科批,城乡规划,（01）,688.0,0.0,0.0,423.0,3.0,普通类,3_14_175118
31,北京大学,2024,北京,3,本科批,图书馆学,（01）,688.0,0.0,0.0,423.0,4.0,普通类,3_14_175118
31,北京大学,2024,北京,3,本科批,英语,（01）,688.0,0.0,0.0,423.0,4.0,普通类,3_14_175118
31,北京大学,2024,北京,3,本科批,中国语言文学类,（01）,688.0,0.0,0.0,423.0,6.0,普通类,3_14_175118
31,北京大学,2024,北京,3,本科批,历史学类,（01）,688.0,0.0,0.0,423.0,3.0,普通类,3_14_175118
31,北京大学,2024,北京,3,本科批,哲学类,（01）,688.0,0.0,0.0,423.0,4.0,普通类,3_14_175118
31,北京大学,2024,北京,3,本科批,经济学类,（01）,688.0,0.0,0.0,423.0,3.0,普通类,3_14_175118
31,北京大学,2024,北京,3,本科批,社会学类,（01）,688.0,0.0,0.0,423.0,4.0,普通类,3_14_175118
31,北京大学,2024,北京,3,本科批,公共管理类,（01）,688.0,0.0,0.0,423.0,3.0,普通类,3_14_175118
31,北京大学,2024,北京,3,本科批,文科试验班类,（01）,688.0,0.0,0.0,423.0,4.0,普通类,3_14_175118
31,北京大学,2024,北京,3,本科批,新闻传播学类,（01）,688.0,0.0,0.0,423.0,3.0,普通类,3_14_175118
31,北京大学,2024,北京,3,本科批,人文科学试验班,（01）,688.0,0.0,0.0,423.0,3.0,普通类,3_14_175118
31,北京大学,2024,北京,3,本科批,心理学类,（01）,688.0,0.0,0.0,423.0,4.0,普通类,3_14_175118
31,北京大学,2024,北京,3,本科批,工商管理类,（02）,700.0,0.0,0.0,117.0,25.0,普通类,3_14_0
31,北京大学,2024,北京,3,本科批,文科试验班类,（02）,700.0,0.0,0.0,117.0,25.0,普通类,3_14_0
31,北京大学,2024,北京,3,本科批,文物保护技术,（03）,690.0,0.0,0.0,354.0,4.0,普通类,3_14_0
31,北京大学,2024,北京,3,本科批,天文学,（03）,690.0,0.0,0.0,354.0,6.0,普通类,3_14_0
31,北京大学,2024,北京,3,本科批,环境科学,（03）,690.0,0.0,0.0,354.0,4.0,普通类,3_14_0
31,北京大学,2024,北京,3,本科批,信息管理与信息系统,（03）,690.0,0.0,0.0,354.0,4.0,普通类,3_14_0
31,北京大学,2024,北京,3,本科批,化学类,（03）,690.0,0.0,0.0,354.0,6.0,普通类,3_14_0
31,北京大学,2024,北京,3,本科批,环境科学与工程类,（03）,690.0,0.0,0.0,354.0,4.0,普通类,3_14_0
31,北京大学,2024,北京,3,本科批,数学类,（03）,690.0,0.0,0.0,354.0,4.0,普通类,3_14_0
31,北京大学,2024,北京,3,本科批,电子信息类,（03）,690.0,0.0,0.0,354.0,6.0,普通类,3_14_0
31,北京大学,2024,北京,3,本科批,物理学类,（03）,690.0,0.0,0.0,354.0,4.0,普通类,3_14_0
31,北京大学,2024,北京,3,本科批,计算机类,（03）,690.0,0.0,0.0,354.0,6.0,普通类,3_14_0
31,北京大学,2024,北京,3,本科批,生物科学类,（03）,690.0,0.0,0.0,354.0,6.0,普通类,3_14_0
31,北京大学,2024,北京,3,本科批,地球物理学类,（03）,690.0,0.0,0.0,354.0,6.0,普通类,3_14_0
31,北京大学,2024,北京,3,本科批,工科试验班类,（03）,690.0,0.0,0.0,354.0,10.0,普通类,3_14_0
31,北京大学,2024,北京,3,本科批,理科试验班类,（03）,690.0,0.0,0.0,354.0,6.0,普通类,3_14_0
31,北京大学,2024,北京,3,本科批,地质学类,（03）,690.0,0.0,0.0,354.0,4.0,普通类,3_14_0
31,北京大学,2024,北京,3,本科批,法学,（01）,688.0,0.0,0.0,423.0,6.0,普通类,3_14_0
31,北京大学,2024,北京,3,本科批,考古学,（01）,688.0,0.0,0.0,423.0,4.0,普通类,3_14_0
31,北京大学,2024,北京,3,本科批,城乡规划,（01）,688.0,0.0,0.0,423.0,3.0,普通类,3_14_0
31,北京大学,2024,北京,3,本科批,图书馆学,（01）,688.0,0.0,0.0,423.0,4.0,普通类,3_14_0
31,北京大学,2024,北京,3,本科批,英语,（01）,688.0,0.0,0.0,423.0,4.0,普通类,3_14_0
31,北京大学,2024,北京,3,本科批,中国语言文学类,（01）,688.0,0.0,0.0,423.0,6.0,普通类,3_14_0
31,北京大学,2024,北京,3,本科批,历史学类,（01）,688.0,0.0,0.0,423.0,3.0,普通类,3_14_0
31,北京大学,2024,北京,3,本科批,哲学类,（01）,688.0,0.0,0.0,423.0,4.0,普通类,3_14_0
31,北京大学,2024,北京,3,本科批,经济学类,（01）,688.0,0.0,0.0,423.0,3.0,普通类,3_14_0
31,北京大学,2024,北京,3,本科批,社会学类,（01）,688.0,0.0,0.0,423.0,4.0,普通类,3_14_0
31,北京大学,2024,北京,3,本科批,公共管理类,（01）,688.0,0.0,0.0,423.0,3.0,普通类,3_14_0
31,北京大学,2024,北京,3,本科批,文科试验班类,（01）,688.0,0.0,0.0,423.0,4.0,普通类,3_14_0
31,北京大学,2024,北京,3,本科批,新闻传播学类,（01）,688.0,0.0,0.0,423.0,3.0,普通类,3_14_0
31,北京大学,2024,北京,3,本科批,人文科学试验班,（01）,688.0,0.0,0.0,423.0,3.0,普通类,3_14_0
31,北京大学,2024,北京,3,本科批,心理学类,（01）,688.0,0.0,0.0,423.0,4.0,普通类,3_14_0
31,北京大学,2024,北京,3,本科批,工商管理类,（02）,700.0,0.0,0.0,117.0,25.0,普通类,3_14_174541
31,北京大学,2024,北京,3,本科批,文科试验班类,（02）,700.0,0.0,0.0,117.0,25.0,普通类,3_14_174541
31,北京大学,2024,北京,3,本科批,文物保护技术,（03）,690.0,0.0,0.0,354.0,4.0,普通类,3_14_174193
31,北京大学,2024,北京,3,本科批,天文学,（03）,690.0,0.0,0.0,354.0,6.0,普通类,3_14_174193
31,北京大学,2024,北京,3,本科批,环境科学,（03）,690.0,0.0,0.0,354.0,4.0,普通类,3_14_174193
31,北京大学,2024,北京,3,本科批,信息管理与信息系统,（03）,690.0,0.0,0.0,354.0,4.0,普通类,3_14_174193
31,北京大学,2024,北京,3,本科批,化学类,（03）,690.0,0.0,0.0,354.0,6.0,普通类,3_14_174193
31,北京大学,2024,北京,3,本科批,环境科学与工程类,（03）,690.0,0.0,0.0,354.0,4.0,普通类,3_14_174193
31,北京大学,2024,北京,3,本科批,数学类,（03）,690.0,0.0,0.0,354.0,4.0,普通类,3_14_174193
31,北京大学,2024,北京,3,本科批,电子信息类,（03）,690.0,0.0,0.0,354.0,6.0,普通类,3_14_174193
31,北京大学,2024,北京,3,本科批,物理学类,（03）,690.0,0.0,0.0,354.0,4.0,普通类,3_14_174193
31,北京大学,2024,北京,3,本科批,计算机类,（03）,690.0,0.0,0.0,354.0,6.0,普通类,3_14_174193
31,北京大学,2024,北京,3,本科批,生物科学类,（03）,690.0,0.0,0.0,354.0,6.0,普通类,3_14_174193
31,北京大学,2024,北京,3,本科批,地球物理学类,（03）,690.0,0.0,0.0,354.0,6.0,普通类,3_14_174193
31,北京大学,2024,北京,3,本科批,工科试验班类,（03）,690.0,0.0,0.0,354.0,10.0,普通类,3_14_174193
31,北京大学,2024,北京,3,本科批,理科试验班类,（03）,690.0,0.0,0.0,354.0,6.0,普通类,3_14_174193
31,北京大学,2024,北京,3,本科批,地质学类,（03）,690.0,0.0,0.0,354.0,4.0,普通类,3_14_174193
31,北京大学,2024,天津,3,本科批A段,文科试验班类,（02）,699.0,0.0,0.0,,1.0,普通类,3_46_147663
31,北京大学,2024,天津,3,本科批A段,心理学类,（02）,699.0,0.0,0.0,,1.0,普通类,3_46_147663
31,北京大学,2024,天津,3,本科批A段,城乡规划,（02）,692.0,0.0,0.0,,1.0,普通类,3_46_147663
31,北京大学,2024,天津,3,本科批A段,法学,（02）,691.0,0.0,0.0,,2.0,普通类,3_46_147663
31,北京大学,2024,天津,3,本科批A段,图书馆学,（02）,691.0,0.0,0.0,,2.0,普通类,3_46_147663
31,北京大学,2024,天津,3,本科批A段,经济学类,（02）,691.0,0.0,0.0,,4.0,普通类,3_46_147663
31,北京大学,2024,天津,3,本科批A段,工商管理类,（02）,691.0,0.0,0.0,,5.0,普通类,3_46_147663
31,北京大学,2024,天津,3,本科批A段,文科试验班类,（02）,699.0,0.0,0.0,,1.0,普通类,3_46_0
31,北京大学,2024,天津,3,本科批A段,心理学类,（02）,699.0,0.0,0.0,,1.0,普通类,3_46_0
31,北京大学,2024,天津,3,本科批A段,数学类,（03）,697.0,0.0,0.0,,3.0,普通类,3_46_0
31,北京大学,2024,天津,3,本科批A段,化学类,（03）,696.0,0.0,0.0,,3.0,普通类,3_46_0
31,北京大学,2024,天津,3,本科批A段,电子信息类,（03）,696.0,0.0,0.0,,2.0,普通类,3_46_0
31,北京大学,2024,天津,3,本科批A段,计算机类,（03）,696.0,0.0,0.0,,6.0,普通类,3_46_0
31,北京大学,2024,天津,3,本科批A段,生物科学类,（03）,696.0,0.0,0.0,,1.0,普通类,3_46_0
31,北京大学,2024,天津,3,本科批A段,物理学类,（03）,695.0,0.0,0.0,,2.0,普通类,3_46_0
31,北京大学,2024,天津,3,本科批A段,工科试验班类,（03）,694.0,0.0,0.0,,3.0,普通类,3_46_0
31,北京大学,2024,天津,3,本科批A段,城乡规划,（02）,692.0,0.0,0.0,,1.0,普通类,3_46_0
31,北京大学,2024,天津,3,本科批A段,法学,（02）,691.0,0.0,0.0,,2.0,普通类,3_46_0
31,北京大学,2024,天津,3,本科批A段,图书馆学,（02）,691.0,0.0,0.0,,2.0,普通类,3_46_0
31,北京大学,2024,天津,3,本科批A段,经济学类,（02）,691.0,0.0,0.0,,4.0,普通类,3_46_0
31,北京大学,2024,天津,3,本科批A段,工商管理类,（02）,691.0,0.0,0.0,,5.0,普通类,3_46_0
31,北京大学,2024,天津,3,本科批A段,数学类,（03）,697.0,0.0,0.0,,3.0,普通类,3_46_147057
31,北京大学,2024,天津,3,本科批A段,化学类,（03）,696.0,0.0,0.0,,3.0,普通类,3_46_147057
31,北京大学,2024,天津,3,本科批A段,电子信息类,（03）,696.0,0.0,0.0,,2.0,普通类,3_46_147057
31,北京大学,2024,天津,3,本科批A段,计算机类,（03）,696.0,0.0,0.0,,6.0,普通类,3_46_147057
31,北京大学,2024,天津,3,本科批A段,生物科学类,（03）,696.0,0.0,0.0,,1.0,普通类,3_46_147057
31,北京大学,2024,天津,3,本科批A段,物理学类,（03）,695.0,0.0,0.0,,2.0,普通类,3_46_147057
31,北京大学,2024,天津,3,本科批A段,工科试验班类,（03）,694.0,0.0,0.0,,3.0,普通类,3_46_147057
31,北京大学,2024,河北,2073,本科批,理科试验班类,,685.0,0.0,0.0,56.0,,普通类,2073_14_0
31,北京大学,2024,河北,2074,本科批,文科试验班类,,673.0,0.0,0.0,32.0,,普通类,2074_14_0
31,北京大学,2024,河北,2073,本科提前批B段,信息管理与信息系统,,669.0,0.0,0.0,341.0,,普通类,2073_37_0
31,北京大学,2024,河北,2073,本科提前批B段,地球物理学类,,669.0,0.0,0.0,341.0,,普通类,2073_37_0
31,北京大学,2024,河北,2073,本科提前批B段,工科试验班类,,669.0,0.0,0.0,341.0,,普通类,2073_37_0
31,北京大学,2024,河北,2073,本科提前批B段,心理学类,,665.0,0.0,0.0,477.0,,普通类,2073_37_0
31,北京大学,2024,河北,2074,本科提前批B段,法学,,673.0,0.0,0.0,32.0,,普通类,2074_37_0
31,北京大学,2024,河北,2074,本科提前批B段,公共管理类,,672.0,0.0,0.0,33.0,,普通类,2074_37_0
31,北京大学,2024,河北,2074,本科提前批B段,社会学类,,670.0,0.0,0.0,40.0,,普通类,2074_37_0
31,北京大学,2024,河北,2074,本科提前批B段,新闻传播学类,,664.0,0.0,0.0,74.0,,普通类,2074_37_0
31,北京大学,2024,山西,2,本科一批A段,文科试验班类,,663.0,0.0,0.0,,1.0,普通类,2_51_0
31,北京大学,2024,山西,2,本科一批A段,法学,,651.0,0.0,0.0,,2.0,普通类,2_51_0
31,北京大学,2024,山西,2,本科一批A段,国际政治,,648.0,0.0,0.0,,2.0,普通类,2_51_0
31,北京大学,2024,山西,2,本科一批A段,工商管理类,,647.0,0.0,0.0,12.0,1.0,普通类,2_51_0
31,北京大学,2024,山西,2,本科一批A段,公共管理类,,646.0,0.0,0.0,13.0,1.0,普通类,2_51_0
31,北京大学,2024,山西,2,本科一批A段,经济学类,,643.0,0.0,0.0,17.0,1.0,普通类,2_51_0
31,北京大学,2024,山西,2,本科一批A段,中国语言文学类,,642.0,0.0,0.0,18.0,1.0,普通类,2_51_0
31,北京大学,2024,山西,2,本科一批A段,历史学类,,641.0,0.0,0.0,21.0,1.0,普通类,2_51_0
31,北京大学,2024,山西,2,本科一批A段,社会学类,,641.0,0.0,0.0,21.0,2.0,普通类,2_51_0
31,北京大学,2024,山西,2,本科一批A段,新闻传播学类,,639.0,0.0,0.0,27.0,1.0,普通类,2_51_0
31,北京大学,2024,山西,1,本科一批A段,理科试验班类,,705.0,0.0,0.0,,1.0,普通类,1_51_0
31,北京大学,2024,山西,1,本科一批A段,工科试验班类,,696.0,0.0,0.0,19.0,1.0,普通类,1_51_0
31,北京大学,2024,山西,1,本科一批A段,工商管理类,,694.0,0.0,0.0,31.0,1.0,普通类,1_51_0
31,北京大学,2024,山西,1,本科一批A段,物理学类,,692.0,0.0,0.0,37.0,1.0,普通类,1_51_0
31,北京大学,2024,山西,1,本科一批A段,计算机类,,690.0,0.0,0.0,48.0,1.0,普通类,1_51_0
31,北京大学,2024,山西,1,本科一批A段,数学类,,689.0,0.0,0.0,58.0,1.0,普通类,1_51_0
31,北京大学,2024,山西,1,本科一批A段,电子信息类,,689.0,0.0,0.0,58.0,1.0,普通类,1_51_0
31,北京大学,2024,内蒙古,2,本科一批,工商管理类,,644.0,644.0,0.0,12.0,1.0,普通类,2_7_0
31,北京大学,2024,内蒙古,2,本科一批,文科试验班类,,644.0,644.0,0.0,12.0,1.0,普通类,2_7_0
31,北京大学,2024,内蒙古,2,本科一批,法学,,642.0,649.0,0.0,12.0,2.0,普通类,2_7_0
31,北京大学,2024,内蒙古,2,本科一批,中国语言文学类,,638.0,638.0,0.0,12.0,1.0,普通类,2_7_0
31,北京大学,2024,内蒙古,2,本科一批,经济学类,,638.0,638.0,0.0,12.0,1.0,普通类,2_7_0
31,北京大学,2024,内蒙古,2,本科一批,国际政治,,637.0,637.0,0.0,12.0,1.0,普通类,2_7_0
31,北京大学,2024,内蒙古,2,本科一批,公共管理类,,637.0,637.0,0.0,12.0,1.0,普通类,2_7_0
31,北京大学,2024,内蒙古,2,本科一批,城乡规划,,636.0,636.0,0.0,12.0,1.0,普通类,2_7_0
31,北京大学,2024,内蒙古,2,本科一批,社会学类,,636.0,636.0,0.0,12.0,1.0,普通类,2_7_0
31,北京大学,2024,内蒙古,1,本科一批,工商管理类,,710.0,710.0,0.0,12.0,1.0,普通类,1_7_0
31,北京大学,2024,内蒙古,1,本科一批,化学类,,702.0,702.0,0.0,17.0,1.0,普通类,1_7_0
31,北京大学,2024,内蒙古,1,本科一批,理科试验班类,,702.0,707.0,0.0,17.0,2.0,普通类,1_7_0
31,北京大学,2024,内蒙古,1,本科一批,物理学类,,697.0,697.0,0.0,38.0,1.0,普通类,1_7_0
31,北京大学,2024,内蒙古,1,本科一批,计算机类,,697.0,699.0,0.0,38.0,2.0,普通类,1_7_0
31,北京大学,2024,内蒙古,1,本科一批,电子信息类,,696.0,697.0,0.0,40.0,2.0,普通类,1_7_0
31,北京大学,2024,内蒙古,1,本科一批,工科试验班类,,694.0,694.0,0.0,54.0,1.0,普通类,1_7_0
31,北京大学,2024,内蒙古,2,本科提前批B段,法学,,619.0,619.0,0.0,70.0,,普通类,2_37_0
31,北京大学,2024,内蒙古,2,本科提前批B段,国际政治,,615.0,615.0,0.0,102.0,,普通类,2_37_0
31,北京大学,2024,内蒙古,2,本科提前批B段,社会学类,,615.0,615.0,0.0,102.0,,普通类,2_37_0
31,北京大学,2024,内蒙古,2,本科提前批B段,新闻传播学类,,605.0,605.0,0.0,204.0,,普通类,2_37_0
31,北京大学,2024,内蒙古,1,本科提前批B段,工科试验班类,,684.0,684.0,0.0,128.0,,普通类,1_37_0
31,北京大学,2024,内蒙古,1,本科提前批B段,环境科学,,683.0,683.0,0.0,141.0,,普通类,1_37_0
31,北京大学,2024,内蒙古,1,本科提前批B段,心理学类,,681.0,681.0,0.0,158.0,,普通类,1_37_0
31,北京大学,2024,内蒙古,1,本科提前批B段,环境科学与工程类,,678.0,678.0,0.0,185.0,,普通类,1_37_0
31,北京大学,2024,辽宁,2074,本科批,文科试验班类,,669.0,0.0,0.0,28.0,,普通类,2074_14_0
31,北京大学,2024,辽宁,2073,本科批,理科试验班类,,702.0,0.0,0.0,47.0,,普通类,2073_14_0
31,北京大学,2024,吉林,2074,提前批A段,马克思主义理论类,（01）,656.0,659.0,658.0,103.0,2.0,普通类,2074_4018_228316
31,北京大学,2024,吉林,2074,提前批A段,马克思主义理论类,（01）,656.0,659.0,658.0,103.0,2.0,普通类,2074_4018_0
31,北京大学,2024,吉林,2073,提前批B段,体育教育,（04）,376.0,376.0,376.0,61306.0,1.0,普通类,2073_4019_228577
31,北京大学,2024,吉林,2073,提前批B段,体育教育,（04）,376.0,376.0,376.0,61306.0,1.0,普通类,2073_4019_0
31,北京大学,2024,吉林,2074,本科批,工商管理类,（006）,702.0,702.0,702.0,,1.0,普通类,2074_14_142689
31,北京大学,2024,吉林,2074,本科批,法学,（006）,681.0,687.0,684.0,,3.0,普通类,2074_14_142689
31,北京大学,2024,吉林,2074,本科批,文科试验班类,（006）,681.0,681.0,681.0,,1.0,普通类,2074_14_142689
31,北京大学,2024,吉林,2074,本科批,经济学类,（006）,673.0,673.0,673.0,,1.0,普通类,2074_14_142689
31,北京大学,2024,吉林,2074,本科批,社会学类,（006）,669.0,669.0,669.0,,2.0,普通类,2074_14_142689
31,北京大学,2024,吉林,2074,本科批,公共管理类,（006）,669.0,669.0,669.0,,1.0,普通类,2074_14_142689
31,北京大学,2024,吉林,2074,本科批,中国语言文学类,（006）,665.0,666.0,665.0,,2.0,普通类,2074_14_142689
31,北京大学,2024,吉林,2074,本科批,考古学,（006）,664.0,664.0,664.0,,1.0,普通类,2074_14_142689
31,北京大学,2024,吉林,2074,本科批,历史学类,（006）,664.0,664.0,664.0,,1.0,普通类,2074_14_142689
31,北京大学,2024,吉林,2074,本科批,文科试验班类,（006）,662.0,664.0,663.0,,2.0,普通类,2074_14_142689
31,北京大学,2024,吉林,2074,本科批,图书馆学,（006）,661.0,661.0,661.0,,1.0,普通类,2074_14_142689
31,北京大学,2024,吉林,2074,本科批,新闻传播学类,（006）,661.0,661.0,661.0,,1.0,普通类,2074_14_142689
31,北京大学,2024,吉林,2074,本科批,城乡规划,（006）,660.0,664.0,662.0,,2.0,普通类,2074_14_142689
31,北京大学,2024,吉林,2074,本科批,哲学类,（006）,660.0,663.0,661.0,,2.0,普通类,2074_14_142689
31,北京大学,2024,吉林,2074,本科批,英语,（006）,660.0,660.0,660.0,,1.0,普通类,2074_14_142689
31,北京大学,2024,吉林,2074,本科批,人文科学试验班,（006）,660.0,660.0,660.0,,2.0,普通类,2074_14_142689
31,北京大学,2024,吉林,2074,本科批,工商管理类,（006）,702.0,702.0,702.0,,1.0,普通类,2074_14_0
31,北京大学,2024,吉林,2074,本科批,法学,（006）,681.0,687.0,684.0,,3.0,普通类,2074_14_0
31,北京大学,2024,吉林,2074,本科批,文科试验班类,（006）,681.0,681.0,681.0,,1.0,普通类,2074_14_0
31,北京大学,2024,吉林,2074,本科批,经济学类,（006）,673.0,673.0,673.0,,1.0,普通类,2074_14_0
31,北京大学,2024,吉林,2074,本科批,社会学类,（006）,669.0,669.0,669.0,,2.0,普通类,2074_14_0
31,北京大学,2024,吉林,2074,本科批,公共管理类,（006）,669.0,669.0,669.0,,1.0,普通类,2074_14_0
31,北京大学,2024,吉林,2074,本科批,中国语言文学类,（006）,665.0,666.0,665.0,,2.0,普通类,2074_14_0
31,北京大学,2024,吉林,2074,本科批,考古学,（006）,664.0,664.0,664.0,,1.0,普通类,2074_14_0
31,北京大学,2024,吉林,2074,本科批,历史学类,（006）,664.0,664.0,664.0,,1.0,普通类,2074_14_0
31,北京大学,2024,吉林,2074,本科批,文科试验班类,（006）,662.0,664.0,663.0,,2.0,普通类,2074_14_0
31,北京大学,2024,吉林,2074,本科批,图书馆学,（006）,661.0,661.0,661.0,,1.0,普通类,2074_14_0
31,北京大学,2024,吉林,2074,本科批,新闻传播学类,（006）,661.0,661.0,661.0,,1.0,普通类,2074_14_0
31,北京大学,2024,吉林,2074,本科批,城乡规划,（006）,660.0,664.0,662.0,,2.0,普通类,2074_14_0
31,北京大学,2024,吉林,2074,本科批,哲学类,（006）,660.0,663.0,661.0,,2.0,普通类,2074_14_0
31,北京大学,2024,吉林,2074,本科批,英语,（006）,660.0,660.0,660.0,,1.0,普通类,2074_14_0
31,北京大学,2024,吉林,2074,本科批,人文科学试验班,（006）,660.0,660.0,660.0,,2.0,普通类,2074_14_0
31,北京大学,2024,吉林,2073,本科批,心理学类,（007）,676.0,676.0,676.0,403.0,1.0,国家专项计划,2073_14_142522
31,北京大学,2024,吉林,2073,本科批,电子信息类,（008）,707.0,707.0,707.0,,1.0,普通类,2073_14_0
31,北京大学,2024,吉林,2073,本科批,理科试验班类,（008）,704.0,704.0,704.0,,1.0,普通类,2073_14_0
31,北京大学,2024,吉林,2073,本科批,理科试验班类,（008）,700.0,718.0,708.0,,4.0,普通类,2073_14_0
31,北京大学,2024,吉林,2073,本科批,计算机类,（008）,699.0,712.0,705.0,,2.0,普通类,2073_14_0
31,北京大学,2024,吉林,2073,本科批,化学类,（008）,699.0,699.0,699.0,,1.0,普通类,2073_14_0
31,北京大学,2024,吉林,2073,本科批,物理学类,（008）,699.0,699.0,699.0,,1.0,普通类,2073_14_0
31,北京大学,2024,吉林,2073,本科批,数学类,（008）,698.0,705.0,701.0,,2.0,普通类,2073_14_0
31,北京大学,2024,吉林,2073,本科批,工科试验班类,（008）,698.0,698.0,698.0,,1.0,普通类,2073_14_0
31,北京大学,2024,吉林,2073,本科批,心理学类,（007）,676.0,676.0,676.0,403.0,1.0,国家专项计划,2073_14_0
31,北京大学,2024,吉林,2073,本科批,电子信息类,（008）,707.0,707.0,707.0,,1.0,普通类,2073_14_142397
31,北京大学,2024,吉林,2073,本科批,理科试验班类,（008）,704.0,704.0,704.0,,1.0,普通类,2073_14_142397
31,北京大学,2024,吉林,2073,本科批,理科试验班类,（008）,700.0,718.0,708.0,,4.0,普通类,2073_14_142397
31,北京大学,2024,吉林,2073,本科批,计算机类,（008）,699.0,712.0,705.0,,2.0,普通类,2073_14_142397
31,北京大学,2024,吉林,2073,本科批,化学类,（008）,699.0,699.0,699.0,,1.0,普通类,2073_14_142397
31,北京大学,2024,吉林,2073,本科批,物理学类,（008）,699.0,699.0,699.0,,1.0,普通类,2073_14_142397
31,北京大学,2024,吉林,2073,本科批,数学类,（008）,698.0,705.0,701.0,,2.0,普通类,2073_14_142397
31,北京大学,2024,吉林,2073,本科批,工科试验班类,（008）,698.0,698.0,698.0,,1.0,普通类,2073_14_142397
31,北京大学,2024,黑龙江,2074,本科批,文科试验班类,（007）,691.0,691.0,0.0,20.0,,普通类,2074_14_157946
31,北京大学,2024,黑龙江,2074,本科批,历史学类,（007）,688.0,688.0,0.0,20.0,,普通类,2074_14_157946
31,北京大学,2024,黑龙江,2074,本科批,哲学类,（007）,688.0,688.0,0.0,20.0,,普通类,2074_14_157946
31,北京大学,2024,黑龙江,2074,本科批,法学,（007）,685.0,686.0,0.0,20.0,,普通类,2074_14_157946
31,北京大学,2024,黑龙江,2074,本科批,公共管理类,（007）,684.0,684.0,0.0,20.0,,普通类,2074_14_157946
31,北京大学,2024,黑龙江,2074,本科批,经济学类,（007）,682.0,682.0,0.0,20.0,,普通类,2074_14_157946
31,北京大学,2024,黑龙江,2074,本科批,工商管理类,（007）,682.0,682.0,0.0,20.0,,普通类,2074_14_157946
31,北京大学,2024,黑龙江,2074,本科批,图书馆学,（007）,678.0,678.0,0.0,20.0,,普通类,2074_14_157946
31,北京大学,2024,黑龙江,2074,本科批,英语,（007）,678.0,678.0,0.0,20.0,,普通类,2074_14_157946
31,北京大学,2024,黑龙江,2074,本科批,中国语言文学类,（007）,678.0,678.0,0.0,20.0,,普通类,2074_14_157946
31,北京大学,2024,黑龙江,2074,本科批,文科试验班类,（007）,676.0,676.0,0.0,20.0,,普通类,2074_14_157946
31,北京大学,2024,黑龙江,2074,本科批,新闻传播学类,（007）,676.0,676.0,0.0,20.0,,普通类,2074_14_157946
31,北京大学,2024,黑龙江,2074,本科批,社会学类,（007）,675.0,675.0,0.0,22.0,,普通类,2074_14_157946
31,北京大学,2024,黑龙江,2074,本科批,城乡规划,（007）,674.0,674.0,0.0,25.0,,普通类,2074_14_157946
31,北京大学,2024,黑龙江,2074,本科批,文科试验班类,（007）,691.0,691.0,0.0,20.0,,普通类,2074_14_0
31,北京大学,2024,黑龙江,2074,本科批,历史学类,（007）,688.0,688.0,0.0,20.0,,普通类,2074_14_0
31,北京大学,2024,黑龙江,2074,本科批,哲学类,（007）,688.0,688.0,0.0,20.0,,普通类,2074_14_0
31,北京大学,2024,黑龙江,2074,本科批,法学,（007）,685.0,686.0,0.0,20.0,,普通类,2074_14_0
31,北京大学,2024,黑龙江,2074,本科批,公共管理类,（007）,684.0,684.0,0.0,20.0,,普通类,2074_14_0
31,北京大学,2024,黑龙江,2074,本科批,经济学类,（007）,682.0,682.0,0.0,20.0,,普通类,2074_14_0
31,北京大学,2024,黑龙江,2074,本科批,工商管理类,（007）,682.0,682.0,0.0,20.0,,普通类,2074_14_0
31,北京大学,2024,黑龙江,2074,本科批,图书馆学,（007）,678.0,678.0,0.0,20.0,,普通类,2074_14_0
31,北京大学,2024,黑龙江,2074,本科批,英语,（007）,678.0,678.0,0.0,20.0,,普通类,2074_14_0
31,北京大学,2024,黑龙江,2074,本科批,中国语言文学类,（007）,678.0,678.0,0.0,20.0,,普通类,2074_14_0
31,北京大学,2024,黑龙江,2074,本科批,文科试验班类,（007）,676.0,676.0,0.0,20.0,,普通类,2074_14_0
31,北京大学,2024,黑龙江,2074,本科批,新闻传播学类,（007）,676.0,676.0,0.0,20.0,,普通类,2074_14_0
31,北京大学,2024,黑龙江,2074,本科批,社会学类,（007）,675.0,675.0,0.0,22.0,,普通类,2074_14_0
31,北京大学,2024,黑龙江,2074,本科批,城乡规划,（007）,674.0,674.0,0.0,25.0,,普通类,2074_14_0
31,北京大学,2024,黑龙江,2073,本科批,理科试验班类,（015）,717.0,731.0,0.0,45.0,,普通类,2073_14_157278
31,北京大学,2024,黑龙江,2073,本科批,理科试验班类,（015）,715.0,715.0,0.0,45.0,,普通类,2073_14_157278
31,北京大学,2024,黑龙江,2073,本科批,计算机类,（015）,709.0,712.0,0.0,45.0,,普通类,2073_14_157278
31,北京大学,2024,黑龙江,2073,本科批,电子信息类,（015）,706.0,709.0,0.0,45.0,,普通类,2073_14_157278
31,北京大学,2024,黑龙江,2073,本科批,理科试验班类,（015）,706.0,711.0,0.0,45.0,,普通类,2073_14_157278
31,北京大学,2024,黑龙江,2073,本科批,数学类,（015）,705.0,715.0,0.0,45.0,,普通类,2073_14_157278
31,北京大学,2024,黑龙江,2073,本科批,理科试验班类,（015）,717.0,731.0,0.0,45.0,,普通类,2073_14_0
31,北京大学,2024,黑龙江,2073,本科批,理科试验班类,（015）,715.0,715.0,0.0,45.0,,普通类,2073_14_0
31,北京大学,2024,黑龙江,2073,本科批,计算机类,（015）,709.0,712.0,0.0,45.0,,普通类,2073_14_0
31,北京大学,2024,黑龙江,2073,本科批,电子信息类,（015）,706.0,709.0,0.0,45.0,,普通类,2073_14_0
31,北京大学,2024,黑龙江,2073,本科批,理科试验班类,（015）,706.0,711.0,0.0,45.0,,普通类,2073_14_0
31,北京大学,2024,黑龙江,2073,本科批,数学类,（015）,705.0,715.0,0.0,45.0,,普通类,2073_14_0
31,北京大学,2024,江苏,2074,本科批,文科试验班类,（03）,686.0,686.0,0.0,,1.0,普通类,2074_14_180339
31,北京大学,2024,江苏,2074,本科批,工商管理类,（03）,678.0,678.0,0.0,,1.0,普通类,2074_14_180339
31,北京大学,2024,江苏,2074,本科批,考古学,（03）,672.0,672.0,0.0,,1.0,普通类,2074_14_180339
31,北京大学,2024,江苏,2074,本科批,法学,（03）,666.0,672.0,0.0,,3.0,普通类,2074_14_180339
31,北京大学,2024,江苏,2074,本科批,文科试验班类,（03）,666.0,666.0,0.0,,2.0,普通类,2074_14_180339
31,北京大学,2024,江苏,2074,本科批,经济学类,（03）,665.0,676.0,0.0,,2.0,普通类,2074_14_180339
31,北京大学,2024,江苏,2074,本科批,公共管理类,（03）,663.0,663.0,0.0,,1.0,普通类,2074_14_180339
31,北京大学,2024,江苏,2074,本科批,中国语言文学类,（03）,662.0,678.0,0.0,,2.0,普通类,2074_14_180339
31,北京大学,2024,江苏,2074,本科批,城乡规划,（03）,661.0,661.0,0.0,,2.0,普通类,2074_14_180339
31,北京大学,2024,江苏,2074,本科批,图书馆学,（03）,661.0,661.0,0.0,,2.0,普通类,2074_14_180339
31,北京大学,2024,江苏,2074,本科批,历史学类,（03）,661.0,661.0,0.0,,1.0,普通类,2074_14_180339
31,北京大学,2024,江苏,2074,本科批,社会学类,（03）,661.0,662.0,0.0,,2.0,普通类,2074_14_180339
31,北京大学,2024,江苏,2074,本科批,新闻传播学类,（03）,660.0,663.0,0.0,,2.0,普通类,2074_14_180339
31,北京大学,2024,江苏,2074,本科批,英语,（03）,659.0,660.0,0.0,,3.0,普通类,2074_14_180339
31,北京大学,2024,江苏,2074,本科批,哲学类,（03）,659.0,662.0,0.0,,2.0,普通类,2074_14_180339
31,北京大学,2024,江苏,2074,本科批,人文科学试验班,（03）,659.0,659.0,0.0,,1.0,普通类,2074_14_180339
31,北京大学,2024,江苏,2074,本科批,文科试验班类,（03）,686.0,686.0,0.0,,1.0,普通类,2074_14_0
31,北京大学,2024,江苏,2074,本科批,工商管理类,（03）,678.0,678.0,0.0,,1.0,普通类,2074_14_0
31,北京大学,2024,江苏,2074,本科批,考古学,（03）,672.0,672.0,0.0,,1.0,普通类,2074_14_0
31,北京大学,2024,江苏,2074,本科批,法学,（03）,666.0,672.0,0.0,,3.0,普通类,2074_14_0
31,北京大学,2024,江苏,2074,本科批,文科试验班类,（03）,666.0,666.0,0.0,,2.0,普通类,2074_14_0
31,北京大学,2024,江苏,2074,本科批,经济学类,（03）,665.0,676.0,0.0,,2.0,普通类,2074_14_0
31,北京大学,2024,江苏,2074,本科批,公共管理类,（03）,663.0,663.0,0.0,,1.0,普通类,2074_14_0
31,北京大学,2024,江苏,2074,本科批,中国语言文学类,（03）,662.0,678.0,0.0,,2.0,普通类,2074_14_0
31,北京大学,2024,江苏,2074,本科批,城乡规划,（03）,661.0,661.0,0.0,,2.0,普通类,2074_14_0
31,北京大学,2024,江苏,2074,本科批,图书馆学,（03）,661.0,661.0,0.0,,2.0,普通类,2074_14_0
31,北京大学,2024,江苏,2074,本科批,历史学类,（03）,661.0,661.0,0.0,,1.0,普通类,2074_14_0
31,北京大学,2024,江苏,2074,本科批,社会学类,（03）,661.0,662.0,0.0,,2.0,普通类,2074_14_0
31,北京大学,2024,江苏,2074,本科批,新闻传播学类,（03）,660.0,663.0,0.0,,2.0,普通类,2074_14_0
31,北京大学,2024,江苏,2074,本科批,英语,（03）,659.0,660.0,0.0,,3.0,普通类,2074_14_0
31,北京大学,2024,江苏,2074,本科批,哲学类,（03）,659.0,662.0,0.0,,2.0,普通类,2074_14_0
31,北京大学,2024,江苏,2074,本科批,人文科学试验班,（03）,659.0,659.0,0.0,,1.0,普通类,2074_14_0
31,北京大学,2024,江苏,2073,本科批,理科试验班类,（05）,701.0,705.0,0.0,,1.0,普通类,2073_14_179276
31,北京大学,2024,江苏,2073,本科批,生物科学类,（05）,695.0,699.0,0.0,,1.0,普通类,2073_14_179276
31,北京大学,2024,江苏,2073,本科批,数学类,（05）,694.0,713.0,0.0,,1.0,普通类,2073_14_179276
31,北京大学,2024,江苏,2073,本科批,物理学类,（05）,693.0,695.0,0.0,,1.0,普通类,2073_14_179276
31,北京大学,2024,江苏,2073,本科批,计算机类,（05）,693.0,700.0,0.0,,1.0,普通类,2073_14_179276
31,北京大学,2024,江苏,2073,本科批,理科试验班类,（05）,693.0,698.0,0.0,,1.0,普通类,2073_14_179276
31,北京大学,2024,江苏,2073,本科批,电子信息类,（05）,692.0,694.0,0.0,,1.0,普通类,2073_14_179276
31,北京大学,2024,江苏,2073,本科批,工科试验班类,（05）,692.0,692.0,0.0,,2.0,普通类,2073_14_179276
31,北京大学,2024,江苏,2073,本科批,理科试验班类,（05）,701.0,705.0,0.0,,1.0,普通类,2073_14_0
31,北京大学,2024,江苏,2073,本科批,生物科学类,（05）,695.0,699.0,0.0,,1.0,普通类,2073_14_0
31,北京大学,2024,江苏,2073,本科批,数学类,（05）,694.0,713.0,0.0,,1.0,普通类,2073_14_0
31,北京大学,2024,江苏,2073,本科批,物理学类,（05）,693.0,695.0,0.0,,1.0,普通类,2073_14_0
31,北京大学,2024,江苏,2073,本科批,计算机类,（05）,693.0,700.0,0.0,,1.0,普通类,2073_14_0
31,北京大学,2024,江苏,2073,本科批,理科试验班类,（05）,693.0,698.0,0.0,,1.0,普通类,2073_14_0
31,北京大学,2024,江苏,2073,本科批,电子信息类,（05）,692.0,694.0,0.0,,1.0,普通类,2073_14_0
31,北京大学,2024,江苏,2073,本科批,工科试验班类,（05）,692.0,692.0,0.0,,2.0,普通类,2073_14_0
31,北京大学,2024,浙江,3,平行录取一段,工商管理类,,721.0,0.0,0.0,2.0,,普通类,3_16_0
31,北京大学,2024,浙江,3,平行录取一段,理科试验班类,,721.0,0.0,0.0,3.0,,普通类,3_16_0
31,北京大学,2024,浙江,3,平行录取一段,文科试验班类,,707.0,0.0,0.0,69.0,,普通类,3_16_0
31,北京大学,2024,浙江,3,平行录取一段,理科试验班类,,707.0,0.0,0.0,78.0,,普通类,3_16_0
31,北京大学,2024,安徽,2074,本科批,文科试验班类,1029（L006）,700.0,700.0,700.0,21.0,1.0,普通类,2074_14_189086
31,北京大学,2024,安徽,2074,本科批,工商管理类,1029（L006）,692.0,692.0,692.0,21.0,1.0,普通类,2074_14_189086
31,北京大学,2024,安徽,2074,本科批,法学,1029（L006）,688.0,688.0,688.0,21.0,2.0,普通类,2074_14_189086
31,北京大学,2024,安徽,2074,本科批,公共管理类,1029（L006）,681.0,681.0,681.0,21.0,1.0,普通类,2074_14_189086
31,北京大学,2024,安徽,2074,本科批,文科试验班类,1029（L006）,673.0,688.0,681.0,21.0,2.0,普通类,2074_14_189086
31,北京大学,2024,安徽,2074,本科批,经济学类,1029（L006）,672.0,680.0,676.0,25.0,1.0,普通类,2074_14_189086
31,北京大学,2024,安徽,2074,本科批,中国语言文学类,1029（L006）,672.0,677.0,675.0,25.0,1.0,普通类,2074_14_189086
31,北京大学,2024,安徽,2074,本科批,考古学,1029（L006）,671.0,671.0,671.0,27.0,1.0,普通类,2074_14_189086
31,北京大学,2024,安徽,2074,本科批,历史学类,1029（L006）,669.0,669.0,669.0,33.0,1.0,普通类,2074_14_189086
31,北京大学,2024,安徽,2074,本科批,新闻传播学类,1029（L006）,669.0,669.0,669.0,33.0,1.0,普通类,2074_14_189086
31,北京大学,2024,安徽,2074,本科批,文科试验班类,1029（L006）,700.0,700.0,700.0,21.0,1.0,普通类,2074_14_0
31,北京大学,2024,安徽,2074,本科批,工商管理类,1029（L006）,692.0,692.0,692.0,21.0,1.0,普通类,2074_14_0
31,北京大学,2024,安徽,2074,本科批,法学,1029（L006）,688.0,688.0,688.0,21.0,2.0,普通类,2074_14_0
31,北京大学,2024,安徽,2074,本科批,公共管理类,1029（L006）,681.0,681.0,681.0,21.0,1.0,普通类,2074_14_0
31,北京大学,2024,安徽,2074,本科批,文科试验班类,1029（L006）,673.0,688.0,681.0,21.0,2.0,普通类,2074_14_0
31,北京大学,2024,安徽,2074,本科批,经济学类,1029（L006）,672.0,680.0,676.0,25.0,1.0,普通类,2074_14_0
31,北京大学,2024,安徽,2074,本科批,中国语言文学类,1029（L006）,672.0,677.0,675.0,25.0,1.0,普通类,2074_14_0
31,北京大学,2024,安徽,2074,本科批,考古学,1029（L006）,671.0,671.0,671.0,27.0,1.0,普通类,2074_14_0
31,北京大学,2024,安徽,2074,本科批,历史学类,1029（L006）,669.0,669.0,669.0,33.0,1.0,普通类,2074_14_0
31,北京大学,2024,安徽,2074,本科批,新闻传播学类,1029（L006）,669.0,669.0,669.0,33.0,1.0,普通类,2074_14_0
31,北京大学,2024,安徽,2073,本科批,理科试验班类,1029（W007）,703.0,707.0,706.0,36.0,1.0,普通类,2073_14_189085
31,北京大学,2024,安徽,2073,本科批,数学类,1029（W007）,700.0,700.0,700.0,36.0,1.0,普通类,2073_14_189085
31,北京大学,2024,安徽,2073,本科批,理科试验班类,1029（W007）,700.0,700.0,700.0,36.0,1.0,普通类,2073_14_189085
31,北京大学,2024,安徽,2073,本科批,物理学类,1029（W007）,698.0,704.0,700.0,48.0,1.0,普通类,2073_14_189085
31,北京大学,2024,安徽,2073,本科批,信息管理与信息系统,1029（W007）,698.0,698.0,698.0,48.0,2.0,普通类,2073_14_189085
31,北京大学,2024,安徽,2073,本科批,化学类,1029（W007）,698.0,698.0,698.0,48.0,1.0,普通类,2073_14_189085
31,北京大学,2024,安徽,2073,本科批,电子信息类,1029（W007）,697.0,706.0,700.0,58.0,1.0,普通类,2073_14_189085
31,北京大学,2024,安徽,2073,本科批,计算机类,1029（W007）,697.0,703.0,699.0,58.0,1.0,普通类,2073_14_189085
31,北京大学,2024,安徽,2073,本科批,工科试验班类,1029（W007）,697.0,697.0,697.0,58.0,1.0,普通类,2073_14_189085
31,北京大学,2024,安徽,2073,本科批,理科试验班类,1029（W007）,703.0,707.0,706.0,36.0,1.0,普通类,2073_14_0
31,北京大学,2024,安徽,2073,本科批,数学类,1029（W007）,700.0,700.0,700.0,36.0,1.0,普通类,2073_14_0
31,北京大学,2024,安徽,2073,本科批,理科试验班类,1029（W007）,700.0,700.0,700.0,36.0,1.0,普通类,2073_14_0
31,北京大学,2024,安徽,2073,本科批,物理学类,1029（W007）,698.0,704.0,700.0,48.0,1.0,普通类,2073_14_0
31,北京大学,2024,安徽,2073,本科批,信息管理与信息系统,1029（W007）,698.0,698.0,698.0,48.0,2.0,普通类,2073_14_0
31,北京大学,2024,安徽,2073,本科批,化学类,1029（W007）,698.0,698.0,698.0,48.0,1.0,普通类,2073_14_0
31,北京大学,2024,安徽,2073,本科批,电子信息类,1029（W007）,697.0,706.0,700.0,58.0,1.0,普通类,2073_14_0
31,北京大学,2024,安徽,2073,本科批,计算机类,1029（W007）,697.0,703.0,699.0,58.0,1.0,普通类,2073_14_0
31,北京大学,2024,安徽,2073,本科批,工科试验班类,1029（W007）,697.0,697.0,697.0,58.0,1.0,普通类,2073_14_0
31,北京大学,2024,福建,2074,本科批,文科试验班类,（L999）,678.0,679.0,679.0,,1.0,普通类,2074_14_178017
31,北京大学,2024,福建,2074,本科批,工商管理类,（L999）,672.0,672.0,672.0,,1.0,普通类,2074_14_178017
31,北京大学,2024,福建,2074,本科批,法学,（L999）,667.0,676.0,671.0,,2.0,普通类,2074_14_178017
31,北京大学,2024,福建,2074,本科批,中国语言文学类,（L999）,667.0,675.0,671.0,,2.0,普通类,2074_14_178017
31,北京大学,2024,福建,2074,本科批,经济学类,（L999）,666.0,666.0,666.0,,1.0,普通类,2074_14_178017
31,北京大学,2024,福建,2074,本科批,文科试验班类,（L999）,664.0,664.0,664.0,16.0,1.0,普通类,2074_14_178017
31,北京大学,2024,福建,2074,本科批,考古学,（L999）,663.0,663.0,663.0,18.0,1.0,普通类,2074_14_178017
31,北京大学,2024,福建,2074,本科批,公共管理类,（L999）,660.0,660.0,660.0,21.0,1.0,普通类,2074_14_178017
31,北京大学,2024,福建,2074,本科批,社会学类,（L999）,658.0,667.0,663.0,26.0,2.0,普通类,2074_14_178017
31,北京大学,2024,福建,2074,本科批,城乡规划,（L999）,658.0,658.0,658.0,26.0,1.0,普通类,2074_14_178017
31,北京大学,2024,福建,2074,本科批,历史学类,（L999）,658.0,658.0,658.0,26.0,1.0,普通类,2074_14_178017
31,北京大学,2024,福建,2074,本科批,人文科学试验班,（L999）,658.0,658.0,658.0,26.0,1.0,普通类,2074_14_178017
31,北京大学,2024,福建,2074,本科批,哲学类,（L999）,657.0,657.0,657.0,27.0,1.0,普通类,2074_14_178017
31,北京大学,2024,福建,2074,本科批,文科试验班类,（L999）,678.0,679.0,679.0,,1.0,普通类,2074_14_0
31,北京大学,2024,福建,2074,本科批,工商管理类,（L999）,672.0,672.0,672.0,,1.0,普通类,2074_14_0
31,北京大学,2024,福建,2074,本科批,法学,（L999）,667.0,676.0,671.0,,2.0,普通类,2074_14_0
31,北京大学,2024,福建,2074,本科批,中国语言文学类,（L999）,667.0,675.0,671.0,,2.0,普通类,2074_14_0
31,北京大学,2024,福建,2074,本科批,经济学类,（L999）,666.0,666.0,666.0,,1.0,普通类,2074_14_0
31,北京大学,2024,福建,2074,本科批,文科试验班类,（L999）,664.0,664.0,664.0,16.0,1.0,普通类,2074_14_0
31,北京大学,2024,福建,2074,本科批,考古学,（L999）,663.0,663.0,663.0,18.0,1.0,普通类,2074_14_0
31,北京大学,2024,福建,2074,本科批,公共管理类,（L999）,660.0,660.0,660.0,21.0,1.0,普通类,2074_14_0
31,北京大学,2024,福建,2074,本科批,社会学类,（L999）,658.0,667.0,663.0,26.0,2.0,普通类,2074_14_0
31,北京大学,2024,福建,2074,本科批,城乡规划,（L999）,658.0,658.0,658.0,26.0,1.0,普通类,2074_14_0
31,北京大学,2024,福建,2074,本科批,历史学类,（L999）,658.0,658.0,658.0,26.0,1.0,普通类,2074_14_0
31,北京大学,2024,福建,2074,本科批,人文科学试验班,（L999）,658.0,658.0,658.0,26.0,1.0,普通类,2074_14_0
31,北京大学,2024,福建,2074,本科批,哲学类,（L999）,657.0,657.0,657.0,27.0,1.0,普通类,2074_14_0
31,北京大学,2024,福建,2073,本科批,理科试验班类,2294（W500）,706.0,719.0,711.0,,1.0,普通类,2073_14_178016
31,北京大学,2024,福建,2073,本科批,计算机类,2294（W500）,701.0,704.0,703.0,,1.0,普通类,2073_14_178016
31,北京大学,2024,福建,2073,本科批,环境科学与工程类,2294（W500）,699.0,699.0,699.0,,1.0,普通类,2073_14_178016
31,北京大学,2024,福建,2073,本科批,物理学类,2294（W500）,697.0,703.0,700.0,,1.0,普通类,2073_14_178016
31,北京大学,2024,福建,2073,本科批,数学类,2294（W500）,696.0,703.0,700.0,51.0,1.0,普通类,2073_14_178016
31,北京大学,2024,福建,2073,本科批,理科试验班类,2294（W500）,696.0,698.0,697.0,51.0,1.0,普通类,2073_14_178016
31,北京大学,2024,福建,2073,本科批,理科试验班类,2294（W500）,694.0,694.0,694.0,60.0,1.0,普通类,2073_14_178016
31,北京大学,2024,福建,2073,本科批,电子信息类,2294（W500）,693.0,700.0,696.0,69.0,1.0,普通类,2073_14_178016
31,北京大学,2024,福建,2073,本科批,化学类,2294（W500）,693.0,697.0,695.0,69.0,1.0,普通类,2073_14_178016
31,北京大学,2024,福建,2073,本科批,工科试验班类,2294（W500）,693.0,694.0,694.0,69.0,2.0,普通类,2073_14_178016
31,北京大学,2024,福建,2073,本科批,生物科学类,2294（W500）,693.0,693.0,693.0,69.0,1.0,普通类,2073_14_178016
31,北京大学,2024,福建,2073,本科批,理科试验班类,2294（W500）,706.0,719.0,711.0,,1.0,普通类,2073_14_0
31,北京大学,2024,福建,2073,本科批,计算机类,2294（W500）,701.0,704.0,703.0,,1.0,普通类,2073_14_0
31,北京大学,2024,福建,2073,本科批,环境科学与工程类,2294（W500）,699.0,699.0,699.0,,1.0,普通类,2073_14_0
31,北京大学,2024,福建,2073,本科批,物理学类,2294（W500）,697.0,703.0,700.0,,1.0,普通类,2073_14_0
31,北京大学,2024,福建,2073,本科批,数学类,2294（W500）,696.0,703.0,700.0,51.0,1.0,普通类,2073_14_0
31,北京大学,2024,福建,2073,本科批,理科试验班类,2294（W500）,696.0,698.0,697.0,51.0,1.0,普通类,2073_14_0
31,北京大学,2024,福建,2073,本科批,理科试验班类,2294（W500）,694.0,694.0,694.0,60.0,1.0,普通类,2073_14_0
31,北京大学,2024,福建,2073,本科批,电子信息类,2294（W500）,693.0,700.0,696.0,69.0,1.0,普通类,2073_14_0
31,北京大学,2024,福建,2073,本科批,化学类,2294（W500）,693.0,697.0,695.0,69.0,1.0,普通类,2073_14_0
31,北京大学,2024,福建,2073,本科批,工科试验班类,2294（W500）,693.0,694.0,694.0,69.0,2.0,普通类,2073_14_0
31,北京大学,2024,福建,2073,本科批,生物科学类,2294（W500）,693.0,693.0,693.0,69.0,1.0,普通类,2073_14_0
31,北京大学,2024,福建,2074,本科提前批,马克思主义理论类,（L700）,655.0,655.0,655.0,34.0,1.0,普通类,2074_6_215804
31,北京大学,2024,福建,2074,本科提前批,马克思主义理论类,（L700）,655.0,655.0,655.0,34.0,1.0,普通类,2074_6_0
31,北京大学,2024,福建,2074,本科提前批,日语,（L999）,653.0,653.0,653.0,42.0,1.0,普通类,2074_6_0
31,北京大学,2024,福建,2074,本科提前批,日语,（L999）,653.0,653.0,653.0,42.0,1.0,普通类,2074_6_178017
31,北京大学,2024,江西,2074,本科批,文科试验班类,（103）,676.0,0.0,0.0,,1.0,普通类,2074_14_167250
31,北京大学,2024,江西,2074,本科批,法学,（103）,675.0,0.0,0.0,,1.0,普通类,2074_14_167250
31,北京大学,2024,江西,2074,本科批,工商管理类,（103）,673.0,0.0,0.0,,1.0,会计学,2074_14_167250
31,北京大学,2024,江西,2074,本科批,经济学类,（103）,672.0,0.0,0.0,,1.0,普通类,2074_14_167250
31,北京大学,2024,江西,2074,本科批,历史学类,（103）,669.0,0.0,0.0,,1.0,普通类,2074_14_167250
31,北京大学,2024,江西,2074,本科批,社会学类,（103）,666.0,0.0,0.0,,1.0,普通类,2074_14_167250
31,北京大学,2024,江西,2074,本科批,文科试验班类,（103）,666.0,0.0,0.0,,1.0,普通类,2074_14_167250
31,北京大学,2024,江西,2074,本科批,公共管理类,（103）,665.0,0.0,0.0,,1.0,普通类,2074_14_167250
31,北京大学,2024,江西,2074,本科批,图书馆学,（103）,664.0,0.0,0.0,22.0,1.0,普通类,2074_14_167250
31,北京大学,2024,江西,2074,本科批,哲学类,（103）,663.0,0.0,0.0,25.0,1.0,普通类,2074_14_167250
31,北京大学,2024,江西,2074,本科批,中国语言文学类,（103）,661.0,0.0,0.0,27.0,1.0,普通类,2074_14_167250
31,北京大学,2024,江西,2074,本科批,文科试验班类,（103）,676.0,0.0,0.0,,1.0,普通类,2074_14_0
31,北京大学,2024,江西,2074,本科批,法学,（103）,675.0,0.0,0.0,,1.0,普通类,2074_14_0
31,北京大学,2024,江西,2074,本科批,工商管理类,（103）,673.0,0.0,0.0,,1.0,会计学,2074_14_0
31,北京大学,2024,江西,2074,本科批,经济学类,（103）,672.0,0.0,0.0,,1.0,普通类,2074_14_0
31,北京大学,2024,江西,2074,本科批,历史学类,（103）,669.0,0.0,0.0,,1.0,普通类,2074_14_0
31,北京大学,2024,江西,2074,本科批,法学,（161）,666.0,0.0,0.0,,1.0,普通类,2074_14_0
31,北京大学,2024,江西,2074,本科批,社会学类,（103）,666.0,0.0,0.0,,1.0,普通类,2074_14_0
31,北京大学,2024,江西,2074,本科批,文科试验班类,（103）,666.0,0.0,0.0,,1.0,普通类,2074_14_0
31,北京大学,2024,江西,2074,本科批,公共管理类,（103）,665.0,0.0,0.0,,1.0,普通类,2074_14_0
31,北京大学,2024,江西,2074,本科批,图书馆学,（103）,664.0,0.0,0.0,22.0,1.0,普通类,2074_14_0
31,北京大学,2024,江西,2074,本科批,哲学类,（103）,663.0,0.0,0.0,25.0,1.0,普通类,2074_14_0
31,北京大学,2024,江西,2074,本科批,文科试验班类,（161）,662.0,0.0,0.0,26.0,1.0,普通类,2074_14_0
31,北京大学,2024,江西,2074,本科批,中国语言文学类,（103）,661.0,0.0,0.0,27.0,1.0,普通类,2074_14_0
31,北京大学,2024,江西,2074,本科批,社会学类,（161）,651.0,0.0,0.0,84.0,1.0,普通类,2074_14_0
31,北京大学,2024,江西,2074,本科批,公共管理类,（161）,651.0,0.0,0.0,84.0,1.0,普通类,2074_14_0
31,北京大学,2024,江西,2074,本科批,法学,（161）,666.0,0.0,0.0,,1.0,普通类,2074_14_166824
31,北京大学,2024,江西,2074,本科批,文科试验班类,（161）,662.0,0.0,0.0,26.0,1.0,普通类,2074_14_166824
31,北京大学,2024,江西,2074,本科批,社会学类,（161）,651.0,0.0,0.0,84.0,1.0,普通类,2074_14_166824
31,北京大学,2024,江西,2074,本科批,公共管理类,（161）,651.0,0.0,0.0,84.0,1.0,普通类,2074_14_166824
31,北京大学,2024,江西,2073,本科批,理科试验班类,（501）,686.0,0.0,0.0,,1.0,普通类,2073_14_166702
31,北京大学,2024,江西,2073,本科批,数学类,（501）,683.0,0.0,0.0,,1.0,普通类,2073_14_166702
31,北京大学,2024,江西,2073,本科批,计算机类,（501）,683.0,0.0,0.0,,1.0,普通类,2073_14_166702
31,北京大学,2024,江西,2073,本科批,电子信息类,（501）,681.0,0.0,0.0,,1.0,普通类,2073_14_166702
31,北京大学,2024,江西,2073,本科批,生物科学类,（501）,681.0,0.0,0.0,,1.0,普通类,2073_14_166702
31,北京大学,2024,江西,2073,本科批,工科试验班类,（501）,680.0,0.0,0.0,41.0,1.0,普通类,2073_14_166702
31,北京大学,2024,江西,2073,本科批,理科试验班类,（501）,680.0,0.0,0.0,41.0,1.0,普通类,2073_14_166702
31,北京大学,2024,江西,2073,本科批,理科试验班类,（501）,686.0,0.0,0.0,,1.0,普通类,2073_14_0
31,北京大学,2024,江西,2073,本科批,数学类,（501）,683.0,0.0,0.0,,1.0,普通类,2073_14_0
31,北京大学,2024,江西,2073,本科批,计算机类,（501）,683.0,0.0,0.0,,1.0,普通类,2073_14_0
31,北京大学,2024,江西,2073,本科批,电子信息类,（501）,681.0,0.0,0.0,,1.0,普通类,2073_14_0
31,北京大学,2024,江西,2073,本科批,生物科学类,（501）,681.0,0.0,0.0,,1.0,普通类,2073_14_0
31,北京大学,2024,江西,2073,本科批,工科试验班类,（501）,680.0,0.0,0.0,41.0,1.0,普通类,2073_14_0
31,北京大学,2024,江西,2073,本科批,理科试验班类,（501）,680.0,0.0,0.0,41.0,1.0,普通类,2073_14_0
31,北京大学,2024,江西,2073,本科批,工科试验班类,（561）,672.0,0.0,0.0,141.0,1.0,普通类,2073_14_0
31,北京大学,2024,江西,2073,本科批,信息管理与信息系统,（561）,671.0,0.0,0.0,154.0,1.0,普通类,2073_14_0
31,北京大学,2024,江西,2073,本科批,环境科学与工程类,（561）,669.0,0.0,0.0,186.0,1.0,普通类,2073_14_0
31,北京大学,2024,江西,2073,本科批,地质学类,（561）,669.0,0.0,0.0,186.0,1.0,普通类,2073_14_0
31,北京大学,2024,江西,2073,本科批,文物保护技术,（561）,667.0,0.0,0.0,230.0,1.0,普通类,2073_14_0
31,北京大学,2024,江西,2073,本科批,工科试验班类,（561）,672.0,0.0,0.0,141.0,1.0,普通类,2073_14_162513
31,北京大学,2024,江西,2073,本科批,信息管理与信息系统,（561）,671.0,0.0,0.0,154.0,1.0,普通类,2073_14_162513
31,北京大学,2024,江西,2073,本科批,环境科学与工程类,（561）,669.0,0.0,0.0,186.0,1.0,普通类,2073_14_162513
31,北京大学,2024,江西,2073,本科批,地质学类,（561）,669.0,0.0,0.0,186.0,1.0,普通类,2073_14_162513
31,北京大学,2024,江西,2073,本科批,文物保护技术,（561）,667.0,0.0,0.0,230.0,1.0,普通类,2073_14_162513
31,北京大学,2024,山东,3,普通类一段,理科试验班类,,691.0,0.0,0.0,125.0,44.0,普通类,3_1570_0
31,北京大学,2024,山东,3,普通类一段,文科试验班类,,689.0,0.0,0.0,157.0,22.0,普通类,3_1570_0
31,北京大学,2024,河南,2,本科一批,文科试验班类,,685.0,685.0,685.0,,1.0,普通类,2_7_0
31,北京大学,2024,河南,2,本科一批,经济学类,,680.0,681.0,681.0,,2.0,普通类,2_7_0
31,北京大学,2024,河南,2,本科一批,法学,,678.0,687.0,681.0,,3.0,普通类,2_7_0
31,北京大学,2024,河南,2,本科一批,工商管理类,,677.0,677.0,677.0,,1.0,普通类,2_7_0
31,北京大学,2024,河南,2,本科一批,中国语言文学类,,667.0,668.0,668.0,15.0,2.0,普通类,2_7_0
31,北京大学,2024,河南,2,本科一批,历史学类,,666.0,666.0,666.0,17.0,1.0,普通类,2_7_0
31,北京大学,2024,河南,2,本科一批,国际政治,,663.0,665.0,664.0,22.0,3.0,普通类,2_7_0
31,北京大学,2024,河南,2,本科一批,哲学类,,662.0,662.0,662.0,25.0,1.0,普通类,2_7_0
31,北京大学,2024,河南,2,本科一批,公共管理类,,659.0,671.0,664.0,33.0,3.0,普通类,2_7_0
31,北京大学,2024,河南,2,本科一批,社会学类,,658.0,663.0,661.0,36.0,3.0,普通类,2_7_0
31,北京大学,2024,河南,2,本科一批,信息管理与信息系统,,658.0,662.0,660.0,36.0,3.0,普通类,2_7_0
31,北京大学,2024,河南,2,本科一批,英语,,657.0,657.0,657.0,41.0,2.0,普通类,2_7_0
31,北京大学,2024,河南,2,本科一批,人文科学试验班,,654.0,655.0,655.0,59.0,2.0,普通类,2_7_0
31,北京大学,2024,河南,2,本科一批,城乡规划,,653.0,667.0,658.0,68.0,3.0,普通类,2_7_0
31,北京大学,2024,河南,2,本科一批,新闻传播学类,,652.0,659.0,656.0,76.0,2.0,普通类,2_7_0
31,北京大学,2024,河南,1,本科一批,理科试验班类,,709.0,712.0,710.0,,4.0,普通类,1_7_0
31,北京大学,2024,河南,1,本科一批,数学类,,702.0,707.0,705.0,38.0,2.0,普通类,1_7_0
31,北京大学,2024,河南,1,本科一批,经济学类,,701.0,701.0,701.0,43.0,1.0,普通类,1_7_0
31,北京大学,2024,河南,1,本科一批,法学,,699.0,699.0,699.0,64.0,1.0,普通类,1_7_0
31,北京大学,2024,河南,1,本科一批,工商管理类,,698.0,698.0,698.0,75.0,1.0,普通类,1_7_0
31,北京大学,2024,河南,1,本科一批,计算机类,,697.0,703.0,701.0,81.0,4.0,普通类,1_7_0
31,北京大学,2024,河南,1,本科一批,电子信息类,,697.0,701.0,699.0,81.0,4.0,普通类,1_7_0
31,北京大学,2024,河南,1,本科一批,物理学类,,696.0,700.0,698.0,94.0,4.0,普通类,1_7_0
31,北京大学,2024,河南,1,本科一批,工科试验班类,,696.0,700.0,698.0,94.0,5.0,普通类,1_7_0
31,北京大学,2024,湖南,2074,本科批,法学,（103）,654.0,654.0,0.0,53.0,3.0,普通类,2074_14_193929
31,北京大学,2024,湖南,2074,本科批,考古学,（103）,654.0,654.0,0.0,53.0,2.0,普通类,2074_14_193929
31,北京大学,2024,湖南,2074,本科批,城乡规划,（103）,654.0,654.0,0.0,53.0,1.0,普通类,2074_14_193929
31,北京大学,2024,湖南,2074,本科批,图书馆学,（103）,654.0,654.0,0.0,53.0,2.0,普通类,2074_14_193929
31,北京大学,2024,湖南,2074,本科批,英语,（103）,654.0,654.0,0.0,53.0,2.0,普通类,2074_14_193929
31,北京大学,2024,湖南,2074,本科批,中国语言文学类,（103）,654.0,654.0,0.0,53.0,2.0,普通类,2074_14_193929
31,北京大学,2024,湖南,2074,本科批,历史学类,（103）,654.0,654.0,0.0,53.0,1.0,普通类,2074_14_193929
31,北京大学,2024,湖南,2074,本科批,哲学类,（103）,654.0,654.0,0.0,53.0,2.0,普通类,2074_14_193929
31,北京大学,2024,湖南,2074,本科批,经济学类,（103）,654.0,654.0,0.0,53.0,1.0,普通类,2074_14_193929
31,北京大学,2024,湖南,2074,本科批,社会学类,（103）,654.0,654.0,0.0,53.0,2.0,普通类,2074_14_193929
31,北京大学,2024,湖南,2074,本科批,工商管理类,（103）,654.0,654.0,0.0,53.0,1.0,普通类,2074_14_193929
31,北京大学,2024,湖南,2074,本科批,公共管理类,（103）,654.0,654.0,0.0,53.0,1.0,普通类,2074_14_193929
31,北京大学,2024,湖南,2074,本科批,文科试验班类,（103）,654.0,654.0,0.0,53.0,1.0,普通类,2074_14_193929
31,北京大学,2024,湖南,2074,本科批,文科试验班类,（103）,654.0,654.0,0.0,53.0,2.0,普通类,2074_14_193929
31,北京大学,2024,湖南,2074,本科批,新闻传播学类,（103）,654.0,654.0,0.0,53.0,2.0,普通类,2074_14_193929
31,北京大学,2024,湖南,2074,本科批,人文科学试验班,（103）,654.0,654.0,0.0,53.0,1.0,普通类,2074_14_193929
31,北京大学,2024,湖南,2074,本科批,法学,（103）,654.0,654.0,0.0,53.0,3.0,普通类,2074_14_0
31,北京大学,2024,湖南,2074,本科批,考古学,（103）,654.0,654.0,0.0,53.0,2.0,普通类,2074_14_0
31,北京大学,2024,湖南,2074,本科批,城乡规划,（103）,654.0,654.0,0.0,53.0,1.0,普通类,2074_14_0
31,北京大学,2024,湖南,2074,本科批,图书馆学,（103）,654.0,654.0,0.0,53.0,2.0,普通类,2074_14_0
31,北京大学,2024,湖南,2074,本科批,英语,（103）,654.0,654.0,0.0,53.0,2.0,普通类,2074_14_0
31,北京大学,2024,湖南,2074,本科批,中国语言文学类,（103）,654.0,654.0,0.0,53.0,2.0,普通类,2074_14_0
31,北京大学,2024,湖南,2074,本科批,历史学类,（103）,654.0,654.0,0.0,53.0,1.0,普通类,2074_14_0
31,北京大学,2024,湖南,2074,本科批,哲学类,（103）,654.0,654.0,0.0,53.0,2.0,普通类,2074_14_0
31,北京大学,2024,湖南,2074,本科批,经济学类,（103）,654.0,654.0,0.0,53.0,1.0,普通类,2074_14_0
31,北京大学,2024,湖南,2074,本科批,社会学类,（103）,654.0,654.0,0.0,53.0,2.0,普通类,2074_14_0
31,北京大学,2024,湖南,2074,本科批,工商管理类,（103）,654.0,654.0,0.0,53.0,1.0,普通类,2074_14_0
31,北京大学,2024,湖南,2074,本科批,公共管理类,（103）,654.0,654.0,0.0,53.0,1.0,普通类,2074_14_0
31,北京大学,2024,湖南,2074,本科批,公共管理类,（304）,654.0,654.0,0.0,53.0,1.0,国家专项计划,2074_14_0
31,北京大学,2024,湖南,2074,本科批,文科试验班类,（103）,654.0,654.0,0.0,53.0,1.0,普通类,2074_14_0
31,北京大学,2024,湖南,2074,本科批,文科试验班类,（103）,654.0,654.0,0.0,53.0,2.0,普通类,2074_14_0
31,北京大学,2024,湖南,2074,本科批,文科试验班类,（304）,654.0,654.0,0.0,53.0,1.0,国家专项计划,2074_14_0
31,北京大学,2024,湖南,2074,本科批,新闻传播学类,（103）,654.0,654.0,0.0,53.0,2.0,普通类,2074_14_0
31,北京大学,2024,湖南,2074,本科批,人文科学试验班,（103）,654.0,654.0,0.0,53.0,1.0,普通类,2074_14_0
31,北京大学,2024,湖南,2074,本科批,社会学类,（304）,653.0,653.0,0.0,57.0,1.0,国家专项计划,2074_14_0
31,北京大学,2024,湖南,2074,本科批,人文科学试验班,（304）,652.0,652.0,0.0,61.0,1.0,国家专项计划,2074_14_0
31,北京大学,2024,湖南,2074,本科批,城乡规划,（304）,650.0,650.0,0.0,80.0,1.0,国家专项计划,2074_14_0
31,北京大学,2024,湖南,2074,本科批,公共管理类,（304）,654.0,654.0,0.0,53.0,1.0,国家专项计划,2074_14_190237
31,北京大学,2024,湖南,2074,本科批,文科试验班类,（304）,654.0,654.0,0.0,53.0,1.0,国家专项计划,2074_14_190237
31,北京大学,2024,湖南,2074,本科批,社会学类,（304）,653.0,653.0,0.0,57.0,1.0,国家专项计划,2074_14_190237
31,北京大学,2024,湖南,2074,本科批,人文科学试验班,（304）,652.0,652.0,0.0,61.0,1.0,国家专项计划,2074_14_190237
31,北京大学,2024,湖南,2074,本科批,城乡规划,（304）,650.0,650.0,0.0,80.0,1.0,国家专项计划,2074_14_190237
31,北京大学,2024,湖南,2073,本科批,文物保护技术,（105）,692.0,692.0,0.0,59.0,2.0,普通类,2073_14_192780
31,北京大学,2024,湖南,2073,本科批,天文学,（105）,692.0,692.0,0.0,59.0,2.0,普通类,2073_14_192780
31,北京大学,2024,湖南,2073,本科批,信息管理与信息系统,（105）,692.0,692.0,0.0,59.0,1.0,普通类,2073_14_192780
31,北京大学,2024,湖南,2073,本科批,化学类,（105）,692.0,692.0,0.0,59.0,1.0,普通类,2073_14_192780
31,北京大学,2024,湖南,2073,本科批,环境科学与工程类,（105）,692.0,692.0,0.0,59.0,1.0,普通类,2073_14_192780
31,北京大学,2024,湖南,2073,本科批,数学类,（105）,692.0,692.0,0.0,59.0,1.0,普通类,2073_14_192780
31,北京大学,2024,湖南,2073,本科批,电子信息类,（105）,692.0,692.0,0.0,59.0,1.0,普通类,2073_14_192780
31,北京大学,2024,湖南,2073,本科批,物理学类,（105）,692.0,692.0,0.0,59.0,1.0,普通类,2073_14_192780
31,北京大学,2024,湖南,2073,本科批,计算机类,（105）,692.0,692.0,0.0,59.0,1.0,普通类,2073_14_192780
31,北京大学,2024,湖南,2073,本科批,生物科学类,（105）,692.0,692.0,0.0,59.0,2.0,普通类,2073_14_192780
31,北京大学,2024,湖南,2073,本科批,地球物理学类,（105）,692.0,692.0,0.0,59.0,2.0,普通类,2073_14_192780
31,北京大学,2024,湖南,2073,本科批,工科试验班类,（105）,692.0,692.0,0.0,59.0,2.0,普通类,2073_14_192780
31,北京大学,2024,湖南,2073,本科批,理科试验班类,（105）,692.0,692.0,0.0,59.0,1.0,普通类,2073_14_192780
31,北京大学,2024,湖南,2073,本科批,理科试验班类,（105）,692.0,692.0,0.0,59.0,1.0,普通类,2073_14_192780
31,北京大学,2024,湖南,2073,本科批,理科试验班类,（105）,692.0,692.0,0.0,59.0,2.0,普通类,2073_14_192780
31,北京大学,2024,湖南,2073,本科批,地质学类,（105）,692.0,692.0,0.0,59.0,2.0,普通类,2073_14_192780
31,北京大学,2024,湖南,2073,本科批,理科试验班类,（105）,691.0,691.0,0.0,70.0,1.0,普通类,2073_14_192780
31,北京大学,2024,湖南,2073,本科批,环境科学,（105）,690.0,690.0,0.0,74.0,2.0,普通类,2073_14_192780
31,北京大学,2024,湖南,2073,本科批,文物保护技术,（105）,692.0,692.0,0.0,59.0,2.0,普通类,2073_14_0
31,北京大学,2024,湖南,2073,本科批,天文学,（105）,692.0,692.0,0.0,59.0,2.0,普通类,2073_14_0
31,北京大学,2024,湖南,2073,本科批,信息管理与信息系统,（105）,692.0,692.0,0.0,59.0,1.0,普通类,2073_14_0
31,北京大学,2024,湖南,2073,本科批,化学类,（105）,692.0,692.0,0.0,59.0,1.0,普通类,2073_14_0
31,北京大学,2024,湖南,2073,本科批,环境科学与工程类,（105）,692.0,692.0,0.0,59.0,1.0,普通类,2073_14_0
31,北京大学,2024,湖南,2073,本科批,数学类,（105）,692.0,692.0,0.0,59.0,1.0,普通类,2073_14_0
31,北京大学,2024,湖南,2073,本科批,电子信息类,（105）,692.0,692.0,0.0,59.0,1.0,普通类,2073_14_0
31,北京大学,2024,湖南,2073,本科批,物理学类,（105）,692.0,692.0,0.0,59.0,1.0,普通类,2073_14_0
31,北京大学,2024,湖南,2073,本科批,计算机类,（105）,692.0,692.0,0.0,59.0,1.0,普通类,2073_14_0
31,北京大学,2024,湖南,2073,本科批,生物科学类,（105）,692.0,692.0,0.0,59.0,2.0,普通类,2073_14_0
31,北京大学,2024,湖南,2073,本科批,地球物理学类,（105）,692.0,692.0,0.0,59.0,2.0,普通类,2073_14_0
31,北京大学,2024,湖南,2073,本科批,工科试验班类,（105）,692.0,692.0,0.0,59.0,2.0,普通类,2073_14_0
31,北京大学,2024,湖南,2073,本科批,理科试验班类,（105）,692.0,692.0,0.0,59.0,1.0,普通类,2073_14_0
31,北京大学,2024,湖南,2073,本科批,理科试验班类,（105）,692.0,692.0,0.0,59.0,1.0,普通类,2073_14_0
31,北京大学,2024,湖南,2073,本科批,理科试验班类,（105）,692.0,692.0,0.0,59.0,2.0,普通类,2073_14_0
31,北京大学,2024,湖南,2073,本科批,地质学类,（105）,692.0,692.0,0.0,59.0,2.0,普通类,2073_14_0
31,北京大学,2024,湖南,2073,本科批,理科试验班类,（105）,691.0,691.0,0.0,70.0,1.0,普通类,2073_14_0
31,北京大学,2024,湖南,2073,本科批,环境科学,（105）,690.0,690.0,0.0,74.0,2.0,普通类,2073_14_0
31,北京大学,2024,湖南,2073,本科批,工科试验班类,（306）,685.0,685.0,0.0,165.0,1.0,国家专项计划,2073_14_0
31,北京大学,2024,湖南,2073,本科批,信息管理与信息系统,（306）,680.0,680.0,0.0,283.0,1.0,国家专项计划,2073_14_0
31,北京大学,2024,湖南,2073,本科批,环境科学,（306）,678.0,678.0,0.0,351.0,1.0,国家专项计划,2073_14_0
31,北京大学,2024,湖南,2073,本科批,地球物理学类,（306）,678.0,678.0,0.0,351.0,1.0,国家专项计划,2073_14_0
31,北京大学,2024,湖南,2073,本科批,环境科学与工程类,（306）,677.0,677.0,0.0,386.0,1.0,国家专项计划,2073_14_0
31,北京大学,2024,湖南,2073,本科批,工科试验班类,（306）,685.0,685.0,0.0,165.0,1.0,国家专项计划,2073_14_190170
31,北京大学,2024,湖南,2073,本科批,信息管理与信息系统,（306）,680.0,680.0,0.0,283.0,1.0,国家专项计划,2073_14_190170
31,北京大学,2024,湖南,2073,本科批,环境科学,（306）,678.0,678.0,0.0,351.0,1.0,国家专项计划,2073_14_190170
31,北京大学,2024,湖南,2073,本科批,地球物理学类,（306）,678.0,678.0,0.0,351.0,1.0,国家专项计划,2073_14_190170
31,北京大学,2024,湖南,2073,本科批,环境科学与工程类,（306）,677.0,677.0,0.0,386.0,1.0,国家专项计划,2073_14_190170
31,北京大学,2024,广东,2074,本科批,法学,（201）,662.0,0.0,0.0,35.0,2.0,普通类,2074_14_156551
31,北京大学,2024,广东,2074,本科批,考古学,（201）,662.0,0.0,0.0,35.0,1.0,普通类,2074_14_156551
31,北京大学,2024,广东,2074,本科批,城乡规划,（201）,662.0,0.0,0.0,35.0,2.0,普通类,2074_14_156551
31,北京大学,2024,广东,2074,本科批,图书馆学,（201）,662.0,0.0,0.0,35.0,2.0,普通类,2074_14_156551
31,北京大学,2024,广东,2074,本科批,英语,（201）,662.0,0.0,0.0,35.0,2.0,普通类,2074_14_156551
31,北京大学,2024,广东,2074,本科批,中国语言文学类,（201）,662.0,0.0,0.0,35.0,2.0,普通类,2074_14_156551
31,北京大学,2024,广东,2074,本科批,历史学类,（201）,662.0,0.0,0.0,35.0,1.0,普通类,2074_14_156551
31,北京大学,2024,广东,2074,本科批,哲学类,（201）,662.0,0.0,0.0,35.0,2.0,普通类,2074_14_156551
31,北京大学,2024,广东,2074,本科批,经济学类,（201）,662.0,0.0,0.0,35.0,1.0,普通类,2074_14_156551
31,北京大学,2024,广东,2074,本科批,社会学类,（201）,662.0,0.0,0.0,35.0,2.0,普通类,2074_14_156551
31,北京大学,2024,广东,2074,本科批,工商管理类,（201）,662.0,0.0,0.0,35.0,1.0,普通类,2074_14_156551
31,北京大学,2024,广东,2074,本科批,公共管理类,（201）,662.0,0.0,0.0,35.0,1.0,普通类,2074_14_156551
31,北京大学,2024,广东,2074,本科批,文科试验班类,（201）,662.0,0.0,0.0,35.0,1.0,普通类,2074_14_156551
31,北京大学,2024,广东,2074,本科批,文科试验班类,（201）,662.0,0.0,0.0,35.0,2.0,普通类,2074_14_156551
31,北京大学,2024,广东,2074,本科批,新闻传播学类,（201）,662.0,0.0,0.0,35.0,1.0,普通类,2074_14_156551
31,北京大学,2024,广东,2074,本科批,人文科学试验班,（201）,662.0,0.0,0.0,35.0,1.0,普通类,2074_14_156551
31,北京大学,2024,广东,2074,本科批,法学,（201）,662.0,0.0,0.0,35.0,2.0,普通类,2074_14_0
31,北京大学,2024,广东,2074,本科批,考古学,（201）,662.0,0.0,0.0,35.0,1.0,普通类,2074_14_0
31,北京大学,2024,广东,2074,本科批,城乡规划,（201）,662.0,0.0,0.0,35.0,2.0,普通类,2074_14_0
31,北京大学,2024,广东,2074,本科批,图书馆学,（201）,662.0,0.0,0.0,35.0,2.0,普通类,2074_14_0
31,北京大学,2024,广东,2074,本科批,英语,（201）,662.0,0.0,0.0,35.0,2.0,普通类,2074_14_0
31,北京大学,2024,广东,2074,本科批,中国语言文学类,（201）,662.0,0.0,0.0,35.0,2.0,普通类,2074_14_0
31,北京大学,2024,广东,2074,本科批,历史学类,（201）,662.0,0.0,0.0,35.0,1.0,普通类,2074_14_0
31,北京大学,2024,广东,2074,本科批,哲学类,（201）,662.0,0.0,0.0,35.0,2.0,普通类,2074_14_0
31,北京大学,2024,广东,2074,本科批,经济学类,（201）,662.0,0.0,0.0,35.0,1.0,普通类,2074_14_0
31,北京大学,2024,广东,2074,本科批,社会学类,（201）,662.0,0.0,0.0,35.0,2.0,普通类,2074_14_0
31,北京大学,2024,广东,2074,本科批,工商管理类,（201）,662.0,0.0,0.0,35.0,1.0,普通类,2074_14_0
31,北京大学,2024,广东,2074,本科批,公共管理类,（201）,662.0,0.0,0.0,35.0,1.0,普通类,2074_14_0
31,北京大学,2024,广东,2074,本科批,文科试验班类,（201）,662.0,0.0,0.0,35.0,1.0,普通类,2074_14_0
31,北京大学,2024,广东,2074,本科批,文科试验班类,（201）,662.0,0.0,0.0,35.0,2.0,普通类,2074_14_0
31,北京大学,2024,广东,2074,本科批,新闻传播学类,（201）,662.0,0.0,0.0,35.0,1.0,普通类,2074_14_0
31,北京大学,2024,广东,2074,本科批,人文科学试验班,（201）,662.0,0.0,0.0,35.0,1.0,普通类,2074_14_0
31,北京大学,2024,广东,2073,本科批,数学类,（203）,694.0,0.0,0.0,41.0,1.0,普通类,2073_14_154770
31,北京大学,2024,广东,2073,本科批,地球物理学类,（203）,693.0,0.0,0.0,47.0,2.0,普通类,2073_14_154770
31,北京大学,2024,广东,2073,本科批,理科试验班类,（203）,693.0,0.0,0.0,47.0,1.0,普通类,2073_14_154770
31,北京大学,2024,广东,2073,本科批,理科试验班类,（203）,692.0,0.0,0.0,56.0,1.0,普通类,2073_14_154770
31,北京大学,2024,广东,2073,本科批,理科试验班类,（203）,692.0,0.0,0.0,56.0,1.0,普通类,2073_14_154770
31,北京大学,2024,广东,2073,本科批,理科试验班类,（203）,692.0,0.0,0.0,56.0,1.0,普通类,2073_14_154770
31,北京大学,2024,广东,2073,本科批,文物保护技术,（203）,689.0,0.0,0.0,85.0,1.0,普通类,2073_14_154770
31,北京大学,2024,广东,2073,本科批,天文学,（203）,689.0,0.0,0.0,85.0,2.0,普通类,2073_14_154770
31,北京大学,2024,广东,2073,本科批,环境科学,（203）,689.0,0.0,0.0,85.0,2.0,普通类,2073_14_154770
31,北京大学,2024,广东,2073,本科批,信息管理与信息系统,（203）,689.0,0.0,0.0,85.0,2.0,普通类,2073_14_154770
31,北京大学,2024,广东,2073,本科批,化学类,（203）,689.0,0.0,0.0,85.0,1.0,普通类,2073_14_154770
31,北京大学,2024,广东,2073,本科批,环境科学与工程类,（203）,689.0,0.0,0.0,85.0,1.0,普通类,2073_14_154770
31,北京大学,2024,广东,2073,本科批,电子信息类,（203）,689.0,0.0,0.0,85.0,2.0,普通类,2073_14_154770
31,北京大学,2024,广东,2073,本科批,物理学类,（203）,689.0,0.0,0.0,85.0,1.0,普通类,2073_14_154770
31,北京大学,2024,广东,2073,本科批,计算机类,（203）,689.0,0.0,0.0,85.0,1.0,普通类,2073_14_154770
31,北京大学,2024,广东,2073,本科批,生物科学类,（203）,689.0,0.0,0.0,85.0,1.0,普通类,2073_14_154770
31,北京大学,2024,广东,2073,本科批,工科试验班类,（203）,689.0,0.0,0.0,85.0,2.0,普通类,2073_14_154770
31,北京大学,2024,广东,2073,本科批,地质学类,（203）,689.0,0.0,0.0,85.0,1.0,普通类,2073_14_154770
31,北京大学,2024,广东,2073,本科批,数学类,（203）,694.0,0.0,0.0,41.0,1.0,普通类,2073_14_0
31,北京大学,2024,广东,2073,本科批,地球物理学类,（203）,693.0,0.0,0.0,47.0,2.0,普通类,2073_14_0
31,北京大学,2024,广东,2073,本科批,理科试验班类,（203）,693.0,0.0,0.0,47.0,1.0,普通类,2073_14_0
31,北京大学,2024,广东,2073,本科批,理科试验班类,（203）,692.0,0.0,0.0,56.0,1.0,普通类,2073_14_0
31,北京大学,2024,广东,2073,本科批,理科试验班类,（203）,692.0,0.0,0.0,56.0,1.0,普通类,2073_14_0
31,北京大学,2024,广东,2073,本科批,理科试验班类,（203）,692.0,0.0,0.0,56.0,1.0,普通类,2073_14_0
31,北京大学,2024,广东,2073,本科批,文物保护技术,（203）,689.0,0.0,0.0,85.0,1.0,普通类,2073_14_0
31,北京大学,2024,广东,2073,本科批,天文学,（203）,689.0,0.0,0.0,85.0,2.0,普通类,2073_14_0
31,北京大学,2024,广东,2073,本科批,环境科学,（203）,689.0,0.0,0.0,85.0,2.0,普通类,2073_14_0
31,北京大学,2024,广东,2073,本科批,信息管理与信息系统,（203）,689.0,0.0,0.0,85.0,2.0,普通类,2073_14_0
31,北京大学,2024,广东,2073,本科批,化学类,（203）,689.0,0.0,0.0,85.0,1.0,普通类,2073_14_0
31,北京大学,2024,广东,2073,本科批,环境科学与工程类,（203）,689.0,0.0,0.0,85.0,1.0,普通类,2073_14_0
31,北京大学,2024,广东,2073,本科批,电子信息类,（203）,689.0,0.0,0.0,85.0,2.0,普通类,2073_14_0
31,北京大学,2024,广东,2073,本科批,物理学类,（203）,689.0,0.0,0.0,85.0,1.0,普通类,2073_14_0
31,北京大学,2024,广东,2073,本科批,计算机类,（203）,689.0,0.0,0.0,85.0,1.0,普通类,2073_14_0
31,北京大学,2024,广东,2073,本科批,生物科学类,（203）,689.0,0.0,0.0,85.0,1.0,普通类,2073_14_0
31,北京大学,2024,广东,2073,本科批,工科试验班类,（203）,689.0,0.0,0.0,85.0,2.0,普通类,2073_14_0
31,北京大学,2024,广东,2073,本科批,地质学类,（203）,689.0,0.0,0.0,85.0,1.0,普通类,2073_14_0
31,北京大学,2024,广西,2074,本科批,法学,（503）,657.0,657.0,657.0,62.0,,国家专项计划,2074_14_197010
31,北京大学,2024,广西,2074,本科批,公共管理类,（503）,641.0,641.0,641.0,179.0,,国家专项计划,2074_14_197010
31,北京大学,2024,广西,2074,本科批,文科试验班类,（503）,640.0,640.0,640.0,193.0,,国家专项计划,2074_14_197010
31,北京大学,2024,广西,2074,本科批,新闻传播学类,（503）,636.0,636.0,636.0,240.0,,国家专项计划,2074_14_197010
31,北京大学,2024,广西,2074,本科批,法学,（503）,657.0,657.0,657.0,62.0,,国家专项计划,2074_14_0
31,北京大学,2024,广西,2074,本科批,公共管理类,（503）,641.0,641.0,641.0,179.0,,国家专项计划,2074_14_0
31,北京大学,2024,广西,2074,本科批,文科试验班类,（503）,640.0,640.0,640.0,193.0,,国家专项计划,2074_14_0
31,北京大学,2024,广西,2074,本科批,新闻传播学类,（503）,636.0,636.0,636.0,240.0,,国家专项计划,2074_14_0
31,北京大学,2024,广西,2073,本科批,文物保护技术,（102）,683.0,683.0,683.0,41.0,,普通类,2073_14_200221
31,北京大学,2024,广西,2073,本科批,电子信息类,（102）,682.0,685.0,684.0,51.0,,普通类,2073_14_200221
31,北京大学,2024,广西,2073,本科批,化学类,（102）,682.0,682.0,682.0,51.0,,普通类,2073_14_200221
31,北京大学,2024,广西,2073,本科批,文物保护技术,（102）,683.0,683.0,683.0,41.0,,普通类,2073_14_0
31,北京大学,2024,广西,2073,本科批,电子信息类,（102）,682.0,685.0,684.0,51.0,,普通类,2073_14_0
31,北京大学,2024,广西,2073,本科批,化学类,（102）,682.0,682.0,682.0,51.0,,普通类,2073_14_0
31,北京大学,2024,广西,2073,本科批,信息管理与信息系统,（504）,647.0,647.0,647.0,1012.0,,国家专项计划,2073_14_0
31,北京大学,2024,广西,2073,本科批,工科试验班类,（504）,647.0,647.0,647.0,1012.0,,国家专项计划,2073_14_0
31,北京大学,2024,广西,2073,本科批,环境科学,（504）,646.0,646.0,646.0,1068.0,,国家专项计划,2073_14_0
31,北京大学,2024,广西,2073,本科批,文物保护技术,（504）,645.0,645.0,645.0,1147.0,,国家专项计划,2073_14_0
31,北京大学,2024,广西,2073,本科批,信息管理与信息系统,（504）,647.0,647.0,647.0,1012.0,,国家专项计划,2073_14_196986
31,北京大学,2024,广西,2073,本科批,工科试验班类,（504）,647.0,647.0,647.0,1012.0,,国家专项计划,2073_14_196986
31,北京大学,2024,广西,2073,本科批,环境科学,（504）,646.0,646.0,646.0,1068.0,,国家专项计划,2073_14_196986
31,北京大学,2024,广西,2073,本科批,文物保护技术,（504）,645.0,645.0,645.0,1147.0,,国家专项计划,2073_14_196986
31,北京大学,2024,重庆,2074,本科批,文科试验班类,,668.0,0.0,0.0,61.0,,普通类,2074_14_0
31,北京大学,2024,重庆,2073,本科批,理科试验班类,,699.0,0.0,0.0,161.0,,普通类,2073_14_0
31,北京大学,2024,重庆,2074,本科提前批B段,俄语,,666.0,0.0,0.0,61.0,,普通类,2074_37_0
31,北京大学,2024,重庆,2074,本科提前批B段,德语,,666.0,0.0,0.0,61.0,,普通类,2074_37_0
31,北京大学,2024,重庆,2074,本科提前批B段,马克思主义理论类,,666.0,0.0,0.0,61.0,,普通类,2074_37_0
31,北京大学,2024,重庆,2074,本科提前批B段,国际政治,,661.0,0.0,0.0,61.0,,普通类,2074_37_0
31,北京大学,2024,重庆,2074,本科提前批B段,社会学类,,660.0,0.0,0.0,61.0,,普通类,2074_37_0
31,北京大学,2024,重庆,2074,本科提前批B段,法学,,659.0,0.0,0.0,61.0,,普通类,2074_37_0
31,北京大学,2024,重庆,2074,本科提前批B段,人文科学试验班,,658.0,0.0,0.0,65.0,,普通类,2074_37_0
31,北京大学,2024,重庆,2073,本科提前批B段,工科试验班类,,690.0,0.0,0.0,161.0,,普通类,2073_37_0
31,北京大学,2024,重庆,2073,本科提前批B段,信息管理与信息系统,,688.0,0.0,0.0,161.0,,普通类,2073_37_0
31,北京大学,2024,重庆,2073,本科提前批B段,心理学类,,687.0,0.0,0.0,161.0,,普通类,2073_37_0
31,北京大学,2024,重庆,2073,本科提前批B段,地质学类,,685.0,0.0,0.0,199.0,,普通类,2073_37_0
31,北京大学,2024,四川,2,本科一批,文科试验班类,,657.0,0.0,0.0,,2.0,普通类,2_7_0
31,北京大学,2024,四川,2,本科一批,工商管理类,,650.0,0.0,0.0,,3.0,普通类,2_7_0
31,北京大学,2024,四川,2,本科一批,法学,,646.0,0.0,0.0,,4.0,普通类,2_7_0
31,北京大学,2024,四川,2,本科一批,经济学类,,645.0,0.0,0.0,,2.0,普通类,2_7_0
31,北京大学,2024,四川,2,本科一批,中国语言文学类,,644.0,0.0,0.0,,2.0,普通类,2_7_0
31,北京大学,2024,四川,2,本科一批,国际政治,,643.0,0.0,0.0,,3.0,普通类,2_7_0
31,北京大学,2024,四川,2,本科一批,城乡规划,,640.0,0.0,0.0,,1.0,普通类,2_7_0
31,北京大学,2024,四川,2,本科一批,信息管理与信息系统,,640.0,0.0,0.0,,2.0,普通类,2_7_0
31,北京大学,2024,四川,2,本科一批,历史学类,,640.0,0.0,0.0,,2.0,普通类,2_7_0
31,北京大学,2024,四川,2,本科一批,新闻传播学类,,640.0,0.0,0.0,,1.0,普通类,2_7_0
31,北京大学,2024,四川,2,本科一批,社会学类,,639.0,0.0,0.0,34.0,2.0,普通类,2_7_0
31,北京大学,2024,四川,2,本科一批,公共管理类,,639.0,0.0,0.0,34.0,2.0,普通类,2_7_0
31,北京大学,2024,四川,1,本科一批,理科试验班类,,710.0,0.0,0.0,,4.0,普通类,1_7_0
31,北京大学,2024,四川,1,本科一批,化学类,,709.0,0.0,0.0,,1.0,普通类,1_7_0
31,北京大学,2024,四川,1,本科一批,生物科学类,,705.0,0.0,0.0,,1.0,普通类,1_7_0
31,北京大学,2024,四川,1,本科一批,工商管理类,,701.0,0.0,0.0,,2.0,普通类,1_7_0
31,北京大学,2024,四川,1,本科一批,数学类,,700.0,0.0,0.0,,3.0,普通类,1_7_0
31,北京大学,2024,四川,1,本科一批,电子信息类,,698.0,0.0,0.0,63.0,2.0,普通类,1_7_0
31,北京大学,2024,四川,1,本科一批,物理学类,,698.0,0.0,0.0,63.0,4.0,普通类,1_7_0
31,北京大学,2024,四川,1,本科一批,计算机类,,698.0,0.0,0.0,63.0,7.0,普通类,1_7_0
31,北京大学,2024,贵州,2074,本科批,法学,,670.0,0.0,0.0,16.0,1.0,普通类,2074_14_0
31,北京大学,2024,贵州,2074,本科批,文科试验班类,,669.0,0.0,0.0,18.0,,普通类,2074_14_0
31,北京大学,2024,贵州,2074,本科批,文科试验班类,,665.0,0.0,0.0,29.0,,普通类,2074_14_0
31,北京大学,2024,贵州,2074,本科批,社会学类,,663.0,0.0,0.0,38.0,1.0,普通类,2074_14_0
31,北京大学,2024,贵州,2074,本科批,人文科学试验班,,660.0,0.0,0.0,46.0,1.0,普通类,2074_14_0
31,北京大学,2024,贵州,2074,本科批,公共管理类,,658.0,0.0,0.0,51.0,1.0,普通类,2074_14_0
31,北京大学,2024,贵州,2073,本科批,理科试验班类,,688.0,0.0,0.0,43.0,16.0,普通类,2073_14_0
31,北京大学,2024,贵州,2073,本科批,心理学类,,682.0,0.0,0.0,100.0,1.0,普通类,2073_14_0
31,北京大学,2024,贵州,2073,本科批,工科试验班类,,682.0,0.0,0.0,92.0,1.0,普通类,2073_14_0
31,北京大学,2024,贵州,2073,本科批,环境科学,,678.0,0.0,0.0,147.0,1.0,普通类,2073_14_0
31,北京大学,2024,贵州,2073,本科批,地质学类,,677.0,0.0,0.0,172.0,1.0,普通类,2073_14_0
31,北京大学,2024,贵州,2073,本科批,文物保护技术,,676.0,0.0,0.0,182.0,1.0,普通类,2073_14_0
31,北京大学,2024,云南,2,本科一批,文科试验班类,,697.0,697.0,0.0,,1.0,普通类,2_7_0
31,北京大学,2024,云南,2,本科一批,法学,,693.0,702.0,0.0,,1.0,普通类,2_7_0
31,北京大学,2024,云南,2,本科一批,工商管理类,,693.0,693.0,0.0,,1.0,普通类,2_7_0
31,北京大学,2024,云南,2,本科一批,中国语言文学类,,691.0,691.0,0.0,,1.0,普通类,2_7_0
31,北京大学,2024,云南,2,本科一批,社会学,,686.0,686.0,0.0,,1.0,普通类,2_7_0
31,北京大学,2024,云南,2,本科一批,国际政治,,682.0,685.0,0.0,,1.0,普通类,2_7_0
31,北京大学,2024,云南,2,本科一批,经济学类,,682.0,690.0,0.0,,1.0,普通类,2_7_0
31,北京大学,2024,云南,2,本科一批,公共管理类,,682.0,682.0,0.0,,1.0,普通类,2_7_0
31,北京大学,2024,云南,1,本科一批,理科试验班类,,731.0,731.0,0.0,,1.0,普通类,1_7_0
31,北京大学,2024,云南,1,本科一批,数学类,,719.0,719.0,0.0,,1.0,普通类,1_7_0
31,北京大学,2024,云南,1,本科一批,物理学类,,703.0,703.0,0.0,,1.0,普通类,1_7_0
31,北京大学,2024,云南,1,本科一批,化学类,,699.0,699.0,0.0,,1.0,普通类,1_7_0
31,北京大学,2024,云南,1,本科一批,电子信息类,,698.0,698.0,0.0,,1.0,普通类,1_7_0
31,北京大学,2024,云南,1,本科一批,计算机类,,698.0,707.0,0.0,,1.0,普通类,1_7_0
31,北京大学,2024,云南,1,本科一批,生物科学类,,697.0,699.0,0.0,,1.0,普通类,1_7_0
31,北京大学,2024,陕西,2,本科一批,文科试验班类,,664.0,673.0,668.0,12.0,,普通类,2_7_0
31,北京大学,2024,陕西,2,本科一批,工商管理类,,659.0,672.0,666.0,12.0,,普通类,2_7_0
31,北京大学,2024,陕西,2,本科一批,中国语言文学类,,659.0,659.0,659.0,12.0,,普通类,2_7_0
31,北京大学,2024,陕西,2,本科一批,法学,,652.0,653.0,652.0,12.0,,普通类,2_7_0
31,北京大学,2024,陕西,2,本科一批,法学,,652.0,652.0,0.0,12.0,1.0,国家专项计划,2_7_0
31,北京大学,2024,陕西,2,本科一批,经济学类,,649.0,655.0,652.0,15.0,,普通类,2_7_0
31,北京大学,2024,陕西,2,本科一批,公共管理类,,648.0,648.0,648.0,17.0,,普通类,2_7_0
31,北京大学,2024,陕西,2,本科一批,社会学类,,647.0,647.0,647.0,19.0,,普通类,2_7_0
31,北京大学,2024,陕西,2,本科一批,国际政治,,645.0,648.0,647.0,21.0,,普通类,2_7_0
31,北京大学,2024,陕西,2,本科一批,城乡规划,,644.0,649.0,647.0,24.0,,普通类,2_7_0
31,北京大学,2024,陕西,2,本科一批,信息管理与信息系统,,644.0,644.0,644.0,24.0,,普通类,2_7_0
31,北京大学,2024,陕西,2,本科一批,新闻传播学类,,644.0,644.0,644.0,24.0,,普通类,2_7_0
31,北京大学,2024,陕西,2,本科一批,历史学类,,643.0,643.0,643.0,29.0,,普通类,2_7_0
31,北京大学,2024,陕西,2,本科一批,人文科学试验班,,643.0,643.0,643.0,29.0,,普通类,2_7_0
31,北京大学,2024,陕西,2,本科一批,社会学类,,636.0,636.0,0.0,53.0,1.0,国家专项计划,2_7_0
31,北京大学,2024,陕西,2,本科一批,公共管理类,,636.0,636.0,0.0,53.0,1.0,国家专项计划,2_7_0
31,北京大学,2024,陕西,2,本科一批,国际政治,,635.0,635.0,0.0,59.0,1.0,国家专项计划,2_7_0
31,北京大学,2024,陕西,2,本科一批,新闻传播学类,,633.0,633.0,0.0,68.0,1.0,国家专项计划,2_7_0
31,北京大学,2024,陕西,1,本科一批,理科试验班类,,709.0,722.0,715.0,17.0,,普通类,1_7_0
31,北京大学,2024,陕西,1,本科一批,物理学类,,703.0,703.0,703.0,37.0,,普通类,1_7_0
31,北京大学,2024,陕西,1,本科一批,数学类,,700.0,711.0,704.0,58.0,,普通类,1_7_0
31,北京大学,2024,陕西,1,本科一批,计算机类,,700.0,706.0,702.0,58.0,,普通类,1_7_0
31,北京大学,2024,陕西,1,本科一批,工商管理类,,700.0,700.0,700.0,58.0,,普通类,1_7_0
31,北京大学,2024,陕西,1,本科一批,生物科学类,,700.0,700.0,700.0,58.0,,普通类,1_7_0
31,北京大学,2024,陕西,1,本科一批,电子信息类,,699.0,703.0,701.0,69.0,,普通类,1_7_0
31,北京大学,2024,陕西,1,本科一批,天文学,,699.0,699.0,699.0,69.0,,普通类,1_7_0
31,北京大学,2024,陕西,1,本科一批,信息管理与信息系统,,699.0,699.0,699.0,69.0,,普通类,1_7_0
31,北京大学,2024,陕西,1,本科一批,工科试验班类,,699.0,699.0,699.0,69.0,,普通类,1_7_0
31,北京大学,2024,陕西,1,本科一批,工科试验班类,,685.0,685.0,0.0,252.0,1.0,国家专项计划,1_7_0
31,北京大学,2024,陕西,1,本科一批,法学,,683.0,683.0,0.0,294.0,1.0,国家专项计划,1_7_0
31,北京大学,2024,陕西,1,本科一批,城乡规划,,683.0,683.0,0.0,294.0,1.0,国家专项计划,1_7_0
31,北京大学,2024,陕西,1,本科一批,文物保护技术,,681.0,681.0,0.0,336.0,1.0,国家专项计划,1_7_0
31,北京大学,2024,陕西,1,本科一批,环境科学与工程类,,681.0,681.0,0.0,336.0,1.0,国家专项计划,1_7_0
31,北京大学,2024,甘肃,2074,本科批C段,文科试验班类,（016）,677.0,677.0,677.0,35.0,1.0,普通类,2074_3453_138016
31,北京大学,2024,甘肃,2074,本科批C段,文科试验班类,（016）,668.0,668.0,668.0,35.0,1.0,普通类,2074_3453_138016
31,北京大学,2024,甘肃,2074,本科批C段,法学,（016）,661.0,661.0,661.0,35.0,1.0,普通类,2074_3453_138016
31,北京大学,2024,甘肃,2074,本科批C段,中国语言文学类,（016）,661.0,661.0,661.0,35.0,1.0,普通类,2074_3453_138016
31,北京大学,2024,甘肃,2074,本科批C段,历史学类,（016）,661.0,661.0,661.0,35.0,1.0,普通类,2074_3453_138016
31,北京大学,2024,甘肃,2074,本科批C段,经济学类,（016）,661.0,661.0,661.0,35.0,1.0,普通类,2074_3453_138016
31,北京大学,2024,甘肃,2074,本科批C段,工商管理类,（016）,661.0,661.0,661.0,35.0,1.0,普通类,2074_3453_138016
31,北京大学,2024,甘肃,2074,本科批C段,公共管理类,（016）,660.0,660.0,660.0,35.0,1.0,普通类,2074_3453_138016
31,北京大学,2024,甘肃,2074,本科批C段,城乡规划,（016）,659.0,659.0,659.0,35.0,1.0,普通类,2074_3453_138016
31,北京大学,2024,甘肃,2074,本科批C段,新闻传播学类,（016）,657.0,0.0,0.0,35.0,1.0,普通类,2074_3453_138016
31,北京大学,2024,甘肃,2074,本科批C段,文科试验班类,（016）,677.0,677.0,677.0,35.0,1.0,普通类,2074_3453_0
31,北京大学,2024,甘肃,2074,本科批C段,文科试验班类,（016）,668.0,668.0,668.0,35.0,1.0,普通类,2074_3453_0
31,北京大学,2024,甘肃,2074,本科批C段,法学,（016）,661.0,661.0,661.0,35.0,1.0,普通类,2074_3453_0
31,北京大学,2024,甘肃,2074,本科批C段,中国语言文学类,（016）,661.0,661.0,661.0,35.0,1.0,普通类,2074_3453_0
31,北京大学,2024,甘肃,2074,本科批C段,历史学类,（016）,661.0,661.0,661.0,35.0,1.0,普通类,2074_3453_0
31,北京大学,2024,甘肃,2074,本科批C段,经济学类,（016）,661.0,661.0,661.0,35.0,1.0,普通类,2074_3453_0
31,北京大学,2024,甘肃,2074,本科批C段,工商管理类,（016）,661.0,661.0,661.0,35.0,1.0,普通类,2074_3453_0
31,北京大学,2024,甘肃,2074,本科批C段,公共管理类,（016）,660.0,660.0,660.0,35.0,1.0,普通类,2074_3453_0
31,北京大学,2024,甘肃,2074,本科批C段,城乡规划,（016）,659.0,659.0,659.0,35.0,1.0,普通类,2074_3453_0
31,北京大学,2024,甘肃,2074,本科批C段,法学,（017）,657.0,657.0,657.0,35.0,1.0,国家专项计划,2074_3453_0
31,北京大学,2024,甘肃,2074,本科批C段,新闻传播学类,（016）,657.0,0.0,0.0,35.0,1.0,普通类,2074_3453_0
31,北京大学,2024,甘肃,2074,本科批C段,社会学类,（017）,656.0,656.0,656.0,35.0,1.0,国家专项计划,2074_3453_0
31,北京大学,2024,甘肃,2074,本科批C段,新闻传播学类,（017）,653.0,653.0,653.0,35.0,1.0,国家专项计划,2074_3453_0
31,北京大学,2024,甘肃,2074,本科批C段,公共管理类,（017）,651.0,651.0,651.0,37.0,1.0,国家专项计划,2074_3453_0
31,北京大学,2024,甘肃,2074,本科批C段,法学,（017）,657.0,657.0,657.0,35.0,1.0,国家专项计划,2074_3453_137990
31,北京大学,2024,甘肃,2074,本科批C段,社会学类,（017）,656.0,656.0,656.0,35.0,1.0,国家专项计划,2074_3453_137990
31,北京大学,2024,甘肃,2074,本科批C段,新闻传播学类,（017）,653.0,653.0,653.0,35.0,1.0,国家专项计划,2074_3453_137990
31,北京大学,2024,甘肃,2074,本科批C段,公共管理类,（017）,651.0,651.0,651.0,37.0,1.0,国家专项计划,2074_3453_137990
31,北京大学,2024,甘肃,2073,本科批C段,理科试验班类,（018）,698.0,698.0,698.0,35.0,1.0,普通类,2073_3453_137966
31,北京大学,2024,甘肃,2073,本科批C段,理科试验班类,（018）,692.0,0.0,0.0,35.0,1.0,普通类,2073_3453_137966
31,北京大学,2024,甘肃,2073,本科批C段,数学类,（018）,682.0,682.0,682.0,35.0,1.0,普通类,2073_3453_137966
31,北京大学,2024,甘肃,2073,本科批C段,生物科学类,（018）,681.0,681.0,681.0,41.0,1.0,普通类,2073_3453_137966
31,北京大学,2024,甘肃,2073,本科批C段,物理学类,（018）,681.0,0.0,0.0,41.0,1.0,普通类,2073_3453_137966
31,北京大学,2024,甘肃,2073,本科批C段,计算机类,（018）,681.0,0.0,0.0,41.0,1.0,普通类,2073_3453_137966
31,北京大学,2024,甘肃,2073,本科批C段,理科试验班类,（018）,698.0,698.0,698.0,35.0,1.0,普通类,2073_3453_0
31,北京大学,2024,甘肃,2073,本科批C段,理科试验班类,（018）,692.0,0.0,0.0,35.0,1.0,普通类,2073_3453_0
31,北京大学,2024,甘肃,2073,本科批C段,数学类,（018）,682.0,682.0,682.0,35.0,1.0,普通类,2073_3453_0
31,北京大学,2024,甘肃,2073,本科批C段,生物科学类,（018）,681.0,681.0,681.0,41.0,1.0,普通类,2073_3453_0
31,北京大学,2024,甘肃,2073,本科批C段,物理学类,（018）,681.0,0.0,0.0,41.0,1.0,普通类,2073_3453_0
31,北京大学,2024,甘肃,2073,本科批C段,计算机类,（018）,681.0,0.0,0.0,41.0,1.0,普通类,2073_3453_0
31,北京大学,2024,甘肃,2073,本科批C段,信息管理与信息系统,（019）,667.0,667.0,667.0,199.0,1.0,国家专项计划,2073_3453_0
31,北京大学,2024,甘肃,2073,本科批C段,地球物理学类,（019）,666.0,666.0,666.0,220.0,1.0,国家专项计划,2073_3453_0
31,北京大学,2024,甘肃,2073,本科批C段,环境科学,（019）,665.0,665.0,665.0,250.0,1.0,国家专项计划,2073_3453_0
31,北京大学,2024,甘肃,2073,本科批C段,地质学类,（019）,665.0,665.0,665.0,250.0,1.0,国家专项计划,2073_3453_0
31,北京大学,2024,甘肃,2073,本科批C段,信息管理与信息系统,（019）,667.0,667.0,667.0,199.0,1.0,国家专项计划,2073_3453_137944
31,北京大学,2024,甘肃,2073,本科批C段,地球物理学类,（019）,666.0,666.0,666.0,220.0,1.0,国家专项计划,2073_3453_137944
31,北京大学,2024,甘肃,2073,本科批C段,环境科学,（019）,665.0,665.0,665.0,250.0,1.0,国家专项计划,2073_3453_137944
31,北京大学,2024,甘肃,2073,本科批C段,地质学类,（019）,665.0,665.0,665.0,250.0,1.0,国家专项计划,2073_3453_137944
31,北京大学,2024,青海,2,本科一段,中国语言文学类,,638.0,638.0,638.0,10.0,1.0,普通类,2_1564_0
31,北京大学,2024,青海,2,本科一段,英语,,637.0,637.0,637.0,10.0,1.0,普通类,2_1564_0
31,北京大学,2024,青海,2,本科一段,法学,,628.0,633.0,631.0,10.0,2.0,普通类,2_1564_0
31,北京大学,2024,青海,2,本科一段,公共管理类,,626.0,626.0,626.0,10.0,1.0,普通类,2_1564_0
31,北京大学,2024,青海,2,本科一段,经济学类,,620.0,620.0,620.0,10.0,1.0,普通类,2_1564_0
31,北京大学,2024,青海,2,本科一段,社会学类,,619.0,623.0,621.0,10.0,2.0,普通类,2_1564_0
31,北京大学,2024,青海,1,本科一段,计算机类,,654.0,664.0,659.0,,2.0,普通类,1_1564_0
31,北京大学,2024,青海,1,本科一段,工科试验班类,,652.0,652.0,652.0,21.0,1.0,普通类,1_1564_0
31,北京大学,2024,青海,1,本科一段,理科试验班类,,649.0,658.0,655.0,25.0,4.0,普通类,1_1564_0
31,北京大学,2024,宁夏,2,本科一批,工商管理类,,662.0,662.0,662.0,52.0,1.0,普通类,2_7_0
31,北京大学,2024,宁夏,2,本科一批,文科试验班类,,658.0,658.0,658.0,52.0,2.0,普通类,2_7_0
31,北京大学,2024,宁夏,2,本科一批,经济学类,,649.0,649.0,649.0,52.0,1.0,普通类,2_7_0
31,北京大学,2024,宁夏,2,本科一批,公共管理类,,645.0,645.0,645.0,52.0,1.0,普通类,2_7_0
31,北京大学,2024,宁夏,2,本科一批,中国语言文学类,,640.0,650.0,645.0,52.0,2.0,普通类,2_7_0
31,北京大学,2024,宁夏,2,本科一批,国际政治,,639.0,639.0,639.0,52.0,1.0,普通类,2_7_0
31,北京大学,2024,宁夏,2,本科一批,新闻传播学类,,638.0,638.0,638.0,52.0,1.0,普通类,2_7_0
31,北京大学,2024,宁夏,1,本科一批,计算机类,,671.0,671.0,671.0,104.0,1.0,普通类,1_7_0
31,北京大学,2024,宁夏,1,本科一批,化学类,,666.0,666.0,666.0,104.0,1.0,普通类,1_7_0
31,北京大学,2024,宁夏,1,本科一批,数学类,,665.0,671.0,668.0,104.0,2.0,普通类,1_7_0
31,北京大学,2024,宁夏,1,本科一批,物理学类,,664.0,691.0,678.0,104.0,2.0,普通类,1_7_0
31,北京大学,2024,宁夏,1,本科一批,生物科学类,,660.0,660.0,660.0,104.0,1.0,普通类,1_7_0
31,北京大学,2024,宁夏,1,本科一批,电子信息类,,659.0,659.0,659.0,104.0,1.0,普通类,1_7_0
31,北京大学,2024,新疆,2,本科一批,文科试验班类,,636.0,641.0,0.0,,1.0,普通类,2_7_0
31,北京大学,2024,新疆,2,本科一批,经济学类,,627.0,629.0,0.0,,1.0,普通类,2_7_0
31,北京大学,2024,新疆,2,本科一批,法学,,625.0,636.0,0.0,,2.0,普通类,2_7_0
31,北京大学,2024,新疆,2,本科一批,工商管理类,,625.0,625.0,0.0,,1.0,普通类,2_7_0
31,北京大学,2024,新疆,2,本科一批,公共管理类,,619.0,622.0,0.0,,1.0,普通类,2_7_0
31,北京大学,2024,新疆,2,本科一批,国际政治,,617.0,623.0,0.0,,1.0,普通类,2_7_0
31,北京大学,2024,新疆,2,本科一批,中国语言文学类,,617.0,631.0,0.0,,1.0,普通类,2_7_0
31,北京大学,2024,新疆,1,本科一批,化学类,,665.0,665.0,0.0,,1.0,普通类,1_7_0
31,北京大学,2024,新疆,1,本科一批,理科试验班类,,665.0,671.0,0.0,,1.0,普通类,1_7_0
31,北京大学,2024,新疆,1,本科一批,数学类,,656.0,656.0,0.0,,1.0,普通类,1_7_0
31,北京大学,2024,新疆,1,本科一批,物理学类,,651.0,666.0,0.0,,1.0,普通类,1_7_0
31,北京大学,2024,新疆,1,本科一批,经济学类,,650.0,650.0,0.0,,1.0,普通类,1_7_0
31,北京大学,2024,新疆,1,本科一批,计算机类,,650.0,660.0,0.0,,1.0,普通类,1_7_0
31,北京大学,2024,新疆,1,本科一批,工科试验班类,,650.0,656.0,0.0,,1.0,普通类,1_7_0
31,北京大学,2024,新疆,1,本科一批,电子信息类,,648.0,649.0,0.0,,1.0,普通类,1_7_0
47,北京航空航天大学,2020,北京,3,本科批,理科试验班类,（01）,674.0,0.0,0.0,882.0,15.0,普通类,3_14_112
47,北京航空航天大学,2020,北京,3,本科批,工科试验班类,（01）,667.0,0.0,0.0,1297.0,5.0,普通类,3_14_112
47,北京航空航天大学,2020,北京,3,本科批,工科试验班类,（01）,666.0,0.0,0.0,1368.0,5.0,普通类,3_14_112
47,北京航空航天大学,2020,北京,3,本科批,工科试验班类,（01）,666.0,0.0,0.0,1368.0,91.0,普通类,3_14_112
47,北京航空航天大学,2020,北京,3,本科批,理科试验班类,（01）,663.0,0.0,0.0,1567.0,13.0,普通类,3_14_112
47,北京航空航天大学,2020,北京,3,本科批,工科试验班类,（01）,661.0,0.0,0.0,1694.0,78.0,普通类,3_14_112
47,北京航空航天大学,2020,北京,3,本科批,理科试验班类,（01）,661.0,0.0,0.0,1694.0,17.0,普通类,3_14_112
47,北京航空航天大学,2020,北京,3,本科批,理科试验班类,（01）,674.0,0.0,0.0,882.0,15.0,普通类,3_14_0
47,北京航空航天大学,2020,北京,3,本科批,工科试验班类,（01）,667.0,0.0,0.0,1297.0,5.0,普通类,3_14_0
47,北京航空航天大学,2020,北京,3,本科批,工科试验班类,（01）,666.0,0.0,0.0,1368.0,5.0,普通类,3_14_0
47,北京航空航天大学,2020,北京,3,本科批,工科试验班类,（01）,666.0,0.0,0.0,1368.0,91.0,普通类,3_14_0
47,北京航空航天大学,2020,北京,3,本科批,理科试验班类,（01）,663.0,0.0,0.0,1567.0,13.0,普通类,3_14_0
47,北京航空航天大学,2020,北京,3,本科批,工科试验班类,（01）,661.0,0.0,0.0,1694.0,78.0,普通类,3_14_0
47,北京航空航天大学,2020,北京,3,本科批,理科试验班类,（01）,661.0,0.0,0.0,1694.0,17.0,普通类,3_14_0
47,北京航空航天大学,2020,天津,3,本科提前批A段,社会科学试验班,（1）,674.0,0.0,0.0,1804.0,10.0,普通类,3_36_11911
47,北京航空航天大学,2020,天津,3,本科提前批A段,理科试验班类,（2）,689.0,0.0,0.0,665.0,20.0,普通类,3_36_0
47,北京航空航天大学,2020,天津,3,本科提前批A段,社会科学试验班,（1）,674.0,0.0,0.0,1804.0,10.0,普通类,3_36_0
47,北京航空航天大学,2020,天津,3,本科提前批A段,理科试验班类,（2）,689.0,0.0,0.0,665.0,20.0,普通类,3_36_11912
47,北京航空航天大学,2020,天津,3,本科批A段,理科试验班类,（3）,699.0,0.0,0.0,242.0,10.0,普通类,3_46_9415
47,北京航空航天大学,2020,天津,3,本科批A段,工科试验班类,（3）,695.0,0.0,0.0,401.0,21.0,普通类,3_46_9415
47,北京航空航天大学,2020,天津,3,本科批A段,理科试验班类,（3）,694.0,0.0,0.0,438.0,4.0,普通类,3_46_9415
47,北京航空航天大学,2020,天津,3,本科批A段,工科试验班类,（3）,694.0,0.0,0.0,438.0,2.0,普通类,3_46_9415
47,北京航空航天大学,2020,天津,3,本科批A段,工科试验班类,（3）,693.0,0.0,0.0,478.0,3.0,普通类,3_46_9415
47,北京航空航天大学,2020,天津,3,本科批A段,工科试验班类,（3）,693.0,0.0,0.0,478.0,16.0,普通类,3_46_9415
47,北京航空航天大学,2020,天津,3,本科批A段,理科试验班类,（3）,699.0,0.0,0.0,242.0,10.0,普通类,3_46_0
47,北京航空航天大学,2020,天津,3,本科批A段,工科试验班类,（3）,695.0,0.0,0.0,401.0,21.0,普通类,3_46_0
47,北京航空航天大学,2020,天津,3,本科批A段,理科试验班类,（3）,694.0,0.0,0.0,438.0,4.0,普通类,3_46_0
47,北京航空航天大学,2020,天津,3,本科批A段,工科试验班类,（3）,694.0,0.0,0.0,438.0,2.0,普通类,3_46_0
47,北京航空航天大学,2020,天津,3,本科批A段,工科试验班类,（3）,693.0,0.0,0.0,478.0,3.0,普通类,3_46_0
47,北京航空航天大学,2020,天津,3,本科批A段,工科试验班类,（3）,693.0,0.0,0.0,478.0,16.0,普通类,3_46_0
47,北京航空航天大学,2020,河北,2,本科提前批,社会科学试验班,,637.0,646.0,640.0,507.0,8.0,普通类,2_6_0
47,北京航空航天大学,2020,河北,1,本科提前批,工科试验班类,,678.0,683.0,679.0,1326.0,4.0,普通类,1_6_0
47,北京航空航天大学,2020,河北,1,本科提前批,理科试验班类,,675.0,679.0,677.0,1694.0,4.0,普通类,1_6_0
47,北京航空航天大学,2020,河北,1,本科批,理科试验班类,,690.0,696.0,692.0,418.0,15.0,普通类,1_14_0
47,北京航空航天大学,2020,河北,1,本科批,工科试验班类,,688.0,692.0,689.0,537.0,47.0,普通类,1_14_0
47,北京航空航天大学,2020,河北,1,本科批,工科试验班类,,688.0,688.0,688.0,537.0,1.0,普通类,1_14_0
47,北京航空航天大学,2020,河北,1,本科批,工科试验班类,,687.0,689.0,688.0,592.0,4.0,普通类,1_14_0
47,北京航空航天大学,2020,河北,1,本科批,理科试验班类,,687.0,688.0,687.0,592.0,6.0,普通类,1_14_0
47,北京航空航天大学,2020,河北,1,本科批,工科试验班类,,686.0,690.0,687.0,652.0,40.0,普通类,1_14_0
47,北京航空航天大学,2020,山西,1,本科一批A段,理科试验班类,,666.0,0.0,667.0,396.0,,普通类,1_51_0
47,北京航空航天大学,2020,山西,1,本科一批A段,工科试验班类,,664.0,0.0,665.0,477.0,,普通类,1_51_0
47,北京航空航天大学,2020,山西,1,本科一批A段,工科试验班类,,664.0,0.0,664.0,477.0,,普通类,1_51_0
47,北京航空航天大学,2020,山西,1,本科一批A段,工科试验班类,,663.0,0.0,664.0,505.0,,普通类,1_51_0
47,北京航空航天大学,2020,山西,1,本科一批A段,理科试验班类,,662.0,0.0,663.0,549.0,,普通类,1_51_0
47,北京航空航天大学,2020,山西,1,本科一批A段,工科试验班类,,659.0,0.0,662.0,664.0,,普通类,1_51_0
47,北京航空航天大学,2020,内蒙古,1,本科一批,理科试验班类,,666.0,673.0,0.0,214.0,,普通类,1_7_0
47,北京航空航天大学,2020,内蒙古,1,本科一批,工科试验班类,,660.0,665.0,0.0,310.0,,普通类,1_7_0
47,北京航空航天大学,2020,内蒙古,1,本科一批,理科试验班类,,657.0,665.0,0.0,348.0,,普通类,1_7_0
47,北京航空航天大学,2020,内蒙古,1,本科一批,工科试验班类,,654.0,662.0,0.0,421.0,,普通类,1_7_0
47,北京航空航天大学,2020,内蒙古,1,本科一批B段,工科试验班类,,624.0,624.0,0.0,1458.0,,普通类,1_52_0
47,北京航空航天大学,2020,内蒙古,1,本科一批B段,理科试验班类,,621.0,621.0,0.0,1613.0,,普通类,1_52_0
47,北京航空航天大学,2020,内蒙古,1,本科提前批B段,工科试验班类,,640.0,661.0,0.0,777.0,,普通类,1_37_0
47,北京航空航天大学,2020,内蒙古,1,本科提前批B段,理科试验班类,,637.0,638.0,0.0,887.0,,普通类,1_37_0
47,北京航空航天大学,2020,内蒙古,2,本科一批B段,社会科学试验班,,611.0,622.0,0.0,679.0,,普通类,2_52_0
47,北京航空航天大学,2020,内蒙古,2,本科一批,社会科学试验班,,613.0,634.0,0.0,613.0,4.0,普通类,2_7_0
47,北京航空航天大学,2020,辽宁,2,本科批,社会科学试验班,,644.0,0.0,0.0,334.0,5.0,普通类,2_14_0
47,北京航空航天大学,2020,辽宁,1,本科提前批,飞行技术,,583.0,0.0,0.0,13878.0,,普通类,1_6_0
47,北京航空航天大学,2020,辽宁,1,本科批,理科试验班类,,675.0,0.0,0.0,491.0,,普通类,1_14_0
47,北京航空航天大学,2020,辽宁,1,本科批,工科试验班类,,673.0,0.0,0.0,571.0,,普通类,1_14_0
47,北京航空航天大学,2020,辽宁,1,本科批,理科试验班类,,672.0,0.0,0.0,610.0,,普通类,1_14_0
47,北京航空航天大学,2020,辽宁,1,本科批,理科试验班类,,672.0,0.0,0.0,610.0,,普通类,1_14_0
47,北京航空航天大学,2020,辽宁,1,本科批,工科试验班类,,671.0,0.0,0.0,650.0,,普通类,1_14_0
47,北京航空航天大学,2020,吉林,2,本科一批A段,社会科学试验班,,611.0,0.0,613.0,381.0,5.0,普通类,2_51_0
47,北京航空航天大学,2020,吉林,1,本科一批A段,理科试验班类,,674.0,0.0,676.0,327.0,5.0,普通类,1_51_0
47,北京航空航天大学,2020,吉林,1,本科一批A段,工科试验班类,,669.0,0.0,672.0,439.0,38.0,普通类,1_51_0
47,北京航空航天大学,2020,吉林,1,本科一批A段,理科试验班类,,665.0,0.0,668.0,538.0,5.0,普通类,1_51_0
47,北京航空航天大学,2020,吉林,1,本科一批A段,理科试验班类,,664.0,0.0,667.0,586.0,4.0,普通类,1_51_0
47,北京航空航天大学,2020,吉林,1,本科一批A段,工科试验班类,,664.0,0.0,667.0,586.0,55.0,普通类,1_51_0
47,北京航空航天大学,2020,黑龙江,2,本科提前批,社会科学试验班,,610.0,616.0,0.0,341.0,,普通类,2_6_0
47,北京航空航天大学,2020,黑龙江,1,本科一批A段,理科试验班类,,682.0,685.0,0.0,271.0,,普通类,1_51_0
47,北京航空航天大学,2020,黑龙江,1,本科一批A段,工科试验班类,,677.0,685.0,0.0,383.0,,普通类,1_51_0
47,北京航空航天大学,2020,黑龙江,1,本科一批A段,工科试验班类,,674.0,681.0,0.0,473.0,,普通类,1_51_0
47,北京航空航天大学,2020,黑龙江,1,本科一批A段,理科试验班类,,673.0,679.0,0.0,505.0,,普通类,1_51_0
47,北京航空航天大学,2020,上海,3,本科批,工科试验班类,（01）,571.0,0.0,573.0,2153.0,7.0,普通类,3_14_8362
47,北京航空航天大学,2020,上海,3,本科批,理科试验班类,（01）,569.0,0.0,570.0,2361.0,3.0,普通类,3_14_8362
47,北京航空航天大学,2020,上海,3,本科批,工科试验班类,（01）,568.0,0.0,569.0,2460.0,4.0,普通类,3_14_8362
47,北京航空航天大学,2020,上海,3,本科批,理科试验班类,（01）,568.0,0.0,568.0,2460.0,2.0,普通类,3_14_8362
47,北京航空航天大学,2020,上海,3,本科批,理科试验班类,（01）,567.0,0.0,567.0,2560.0,2.0,普通类,3_14_8362
47,北京航空航天大学,2020,上海,3,本科批,工科试验班类,（01）,566.0,0.0,568.0,2678.0,4.0,普通类,3_14_8362
47,北京航空航天大学,2020,上海,3,本科批,工科试验班类,（01）,571.0,0.0,573.0,2153.0,7.0,普通类,3_14_0
47,北京航空航天大学,2020,上海,3,本科批,理科试验班类,（01）,569.0,0.0,570.0,2361.0,3.0,普通类,3_14_0
47,北京航空航天大学,2020,上海,3,本科批,工科试验班类,（01）,568.0,0.0,569.0,2460.0,4.0,普通类,3_14_0
47,北京航空航天大学,2020,上海,3,本科批,理科试验班类,（01）,568.0,0.0,568.0,2460.0,2.0,普通类,3_14_0
47,北京航空航天大学,2020,上海,3,本科批,理科试验班类,（01）,567.0,0.0,567.0,2560.0,2.0,普通类,3_14_0
47,北京航空航天大学,2020,上海,3,本科批,工科试验班类,（01）,566.0,0.0,568.0,2678.0,4.0,普通类,3_14_0
47,北京航空航天大学,2020,浙江,3,平行录取一段,理科试验班类,,670.0,0.0,0.0,2485.0,,普通类,3_16_0
47,北京航空航天大学,2020,浙江,3,平行录取一段,工科试验班类,,666.0,0.0,0.0,3476.0,,普通类,3_16_0
47,北京航空航天大学,2020,浙江,3,平行录取一段,工科试验班类,,662.0,0.0,0.0,4433.0,,普通类,3_16_0
47,北京航空航天大学,2020,浙江,3,平行录取一段,理科试验班类,,660.0,0.0,0.0,5001.0,,普通类,3_16_0
47,北京航空航天大学,2020,浙江,3,平行录取一段,理科试验班类,,659.0,0.0,0.0,5524.0,,普通类,3_16_0
47,北京航空航天大学,2020,浙江,3,平行录取一段,工科试验班类,,657.0,0.0,0.0,6040.0,,普通类,3_16_0
47,北京航空航天大学,2020,安徽,1,本科一批,理科试验班类,,680.0,0.0,681.0,493.0,,普通类,1_7_0
47,北京航空航天大学,2020,安徽,1,本科一批,工科试验班类,,674.0,0.0,675.0,843.0,,普通类,1_7_0
47,北京航空航天大学,2020,安徽,1,本科一批,工科试验班类,,673.0,0.0,675.0,931.0,,普通类,1_7_0
47,北京航空航天大学,2020,安徽,1,本科一批,工科试验班类,,673.0,0.0,674.0,931.0,,普通类,1_7_0
47,北京航空航天大学,2020,安徽,1,本科一批,理科试验班类,,672.0,0.0,673.0,1011.0,,普通类,1_7_0
47,北京航空航天大学,2020,安徽,1,本科一批,工科试验班类,,671.0,0.0,673.0,1129.0,,普通类,1_7_0
47,北京航空航天大学,2020,福建,2,本科提前批,社会科学试验班,,616.0,620.0,618.0,637.0,11.0,普通类,2_6_0
47,北京航空航天大学,2020,福建,1,本科批,工科试验班类,,669.0,669.0,669.0,537.0,1.0,普通类,1_14_0
47,北京航空航天大学,2020,福建,1,本科批,理科试验班类,,668.0,675.0,669.0,584.0,22.0,普通类,1_14_0
47,北京航空航天大学,2020,福建,1,本科批,工科试验班类,,668.0,670.0,669.0,584.0,4.0,普通类,1_14_0
47,北京航空航天大学,2020,福建,1,本科批,工科试验班类,,668.0,676.0,669.0,584.0,28.0,普通类,1_14_0
47,北京航空航天大学,2020,江西,2,本科提前批,社会科学试验班,,608.0,0.0,0.0,675.0,10.0,普通类,2_6_0
47,北京航空航天大学,2020,江西,1,本科提前批,理科试验班类,,656.0,0.0,0.0,1024.0,20.0,普通类,1_6_0
47,北京航空航天大学,2020,江西,1,本科一批,理科试验班类,,667.0,0.0,0.0,420.0,5.0,普通类,1_7_0
47,北京航空航天大学,2020,江西,1,本科一批,工科试验班类,,664.0,0.0,0.0,546.0,34.0,普通类,1_7_0
47,北京航空航天大学,2020,江西,1,本科一批,工科试验班类,,659.0,0.0,0.0,806.0,42.0,普通类,1_7_0
47,北京航空航天大学,2020,山东,3,普通类一段,理科试验班类,,678.0,0.0,0.0,614.0,,普通类,3_1570_0
47,北京航空航天大学,2020,山东,3,普通类一段,工科试验班类,,675.0,0.0,0.0,815.0,,普通类,3_1570_0
47,北京航空航天大学,2020,山东,3,普通类一段,工科试验班类,,675.0,0.0,0.0,790.0,,普通类,3_1570_0
47,北京航空航天大学,2020,山东,3,普通类一段,工科试验班类,,673.0,0.0,0.0,940.0,,普通类,3_1570_0
47,北京航空航天大学,2020,山东,3,普通类一段,理科试验班类,,673.0,0.0,0.0,953.0,,普通类,3_1570_0
47,北京航空航天大学,2020,山东,3,普通类一段,工科试验班类,,671.0,0.0,0.0,1114.0,,普通类,3_1570_0
47,北京航空航天大学,2020,河南,1,本科一批,理科试验班类,,689.0,0.0,0.0,705.0,7.0,普通类,1_7_0
47,北京航空航天大学,2020,河南,1,本科一批,工科试验班类,,686.0,0.0,0.0,953.0,3.0,普通类,1_7_0
47,北京航空航天大学,2020,河南,1,本科一批,工科试验班类,,686.0,0.0,0.0,953.0,2.0,普通类,1_7_0
47,北京航空航天大学,2020,河南,1,本科一批,工科试验班类,,686.0,0.0,0.0,953.0,49.0,普通类,1_7_0
47,北京航空航天大学,2020,河南,1,本科一批,理科试验班类,,685.0,0.0,0.0,1036.0,8.0,普通类,1_7_0
47,北京航空航天大学,2020,河南,1,本科一批,工科试验班类,,684.0,0.0,0.0,1159.0,45.0,普通类,1_7_0
47,北京航空航天大学,2020,湖北,2,本科一批,社会科学试验班,,609.0,0.0,612.0,811.0,7.0,普通类,2_7_0
47,北京航空航天大学,2020,湖北,2,本科一批,社会科学试验班,,596.0,0.0,599.0,1632.0,3.0,普通类,2_7_0
47,北京航空航天大学,2020,湖北,1,本科一批,理科试验班类,,671.0,0.0,673.0,568.0,7.0,普通类,1_7_0
47,北京航空航天大学,2020,湖北,1,本科一批,工科试验班类,,667.0,0.0,669.0,821.0,39.0,普通类,1_7_0
47,北京航空航天大学,2020,湖北,1,本科一批,工科试验班类,,666.0,0.0,667.0,891.0,3.0,普通类,1_7_0
47,北京航空航天大学,2020,湖北,1,本科一批,工科试验班类,,664.0,0.0,666.0,1036.0,3.0,普通类,1_7_0
47,北京航空航天大学,2020,湖北,1,本科一批,理科试验班类,,663.0,0.0,665.0,1110.0,7.0,普通类,1_7_0
47,北京航空航天大学,2020,湖北,1,本科一批,理科试验班类,,662.0,0.0,665.0,1181.0,7.0,普通类,1_7_0
47,北京航空航天大学,2020,湖北,1,本科一批,工科试验班类,,661.0,0.0,664.0,1265.0,56.0,普通类,1_7_0
47,北京航空航天大学,2020,湖北,1,本科一批,工科试验班类,,660.0,0.0,660.0,1369.0,1.0,普通类,1_7_0
47,北京航空航天大学,2020,湖南,1,本科一批,理科试验班类,,671.0,0.0,672.0,560.0,7.0,普通类,1_7_0
47,北京航空航天大学,2020,湖南,1,本科一批,工科试验班类,,669.0,0.0,669.0,672.0,3.0,普通类,1_7_0
47,北京航空航天大学,2020,湖南,1,本科一批,工科试验班类,,667.0,0.0,669.0,814.0,55.0,普通类,1_7_0
47,北京航空航天大学,2020,湖南,1,本科一批,工科试验班类,,667.0,0.0,667.0,814.0,2.0,普通类,1_7_0
47,北京航空航天大学,2020,湖南,1,本科一批,理科试验班类,,667.0,0.0,667.0,814.0,6.0,普通类,1_7_0
47,北京航空航天大学,2020,湖南,1,本科一批,理科试验班类,,666.0,0.0,667.0,884.0,7.0,普通类,1_7_0
47,北京航空航天大学,2020,湖南,1,本科一批,工科试验班类,,664.0,0.0,666.0,1039.0,67.0,普通类,1_7_0
47,北京航空航天大学,2020,广东,2,本科提前批,社会科学试验班,,605.0,0.0,607.0,1378.0,7.0,普通类,2_6_0
47,北京航空航天大学,2020,广东,2,本科提前批,飞行技术,,563.0,0.0,578.0,9320.0,4.0,普通类,2_6_0
47,北京航空航天大学,2020,广东,1,本科批,理科试验班类,,676.0,0.0,677.0,631.0,6.0,普通类,1_14_0
47,北京航空航天大学,2020,广东,1,本科批,工科试验班类,,671.0,0.0,673.0,927.0,45.0,普通类,1_14_0
47,北京航空航天大学,2020,广东,1,本科批,理科试验班类,,671.0,0.0,671.0,950.0,6.0,普通类,1_14_0
47,北京航空航天大学,2020,广东,1,本科批,理科试验班类,,670.0,0.0,673.0,1000.0,6.0,普通类,1_14_0
47,北京航空航天大学,2020,广东,1,本科批,工科试验班类,,670.0,0.0,673.0,982.0,2.0,普通类,1_14_0
47,北京航空航天大学,2020,广东,1,本科批,工科试验班类,,669.0,0.0,671.0,1105.0,39.0,普通类,1_14_0
47,北京航空航天大学,2020,广东,1,本科批,工科试验班类,,669.0,0.0,670.0,1074.0,3.0,普通类,1_14_0
47,北京航空航天大学,2020,广东,1,本科提前批,飞行技术,,580.0,0.0,603.0,31886.0,37.0,普通类,1_6_0
47,北京航空航天大学,2020,广西,1,本科一批,工科试验班类,,672.0,0.0,0.0,312.0,9.0,普通类,1_7_0
47,北京航空航天大学,2020,广西,1,本科一批,工科试验班类,,671.0,0.0,0.0,337.0,6.0,普通类,1_7_0
47,北京航空航天大学,2020,广西,1,本科一批,理科试验班类,,666.0,0.0,0.0,473.0,2.0,普通类,1_7_0
47,北京航空航天大学,2020,广西,1,本科一批,工科试验班类,,666.0,0.0,0.0,473.0,4.0,普通类,1_7_0
47,北京航空航天大学,2020,海南,3,本科批,理科试验班类,（04）,789.0,0.0,0.0,118.0,2.0,普通类,3_14_1572
47,北京航空航天大学,2020,海南,3,本科批,理科试验班类,（04）,773.0,0.0,0.0,190.0,2.0,普通类,3_14_1572
47,北京航空航天大学,2020,海南,3,本科批,工科试验班类,（04）,770.0,0.0,0.0,211.0,9.0,普通类,3_14_1572
47,北京航空航天大学,2020,海南,3,本科批,理科试验班类,（04）,766.0,0.0,0.0,237.0,2.0,普通类,3_14_1572
47,北京航空航天大学,2020,海南,3,本科批,工科试验班类,（04）,758.0,0.0,0.0,297.0,6.0,普通类,3_14_1572
47,北京航空航天大学,2020,海南,3,本科批,理科试验班类,（04）,789.0,0.0,0.0,118.0,2.0,普通类,3_14_0
47,北京航空航天大学,2020,海南,3,本科批,理科试验班类,（04）,773.0,0.0,0.0,190.0,2.0,普通类,3_14_0
47,北京航空航天大学,2020,海南,3,本科批,工科试验班类,（04）,770.0,0.0,0.0,211.0,9.0,普通类,3_14_0
47,北京航空航天大学,2020,海南,3,本科批,理科试验班类,（04）,766.0,0.0,0.0,237.0,2.0,普通类,3_14_0
47,北京航空航天大学,2020,海南,3,本科批,工科试验班类,（04）,758.0,0.0,0.0,297.0,6.0,普通类,3_14_0
47,北京航空航天大学,2020,重庆,2,本科提前批,社会科学试验班,,630.0,0.0,631.0,463.0,4.0,普通类,2_6_0
47,北京航空航天大学,2020,重庆,1,本科一批,理科试验班类,,676.0,0.0,677.0,522.0,13.0,普通类,1_7_0
47,北京航空航天大学,2020,重庆,1,本科一批,工科试验班类,,676.0,0.0,676.0,522.0,1.0,普通类,1_7_0
47,北京航空航天大学,2020,重庆,1,本科一批,工科试验班类,,674.0,0.0,677.0,588.0,35.0,普通类,1_7_0
47,北京航空航天大学,2020,重庆,1,本科一批,理科试验班类,,674.0,0.0,674.0,588.0,1.0,普通类,1_7_0
47,北京航空航天大学,2020,重庆,1,本科一批,理科试验班类,,672.0,0.0,673.0,666.0,3.0,普通类,1_7_0
47,北京航空航天大学,2020,重庆,1,本科一批,工科试验班类,,670.0,0.0,671.0,744.0,2.0,普通类,1_7_0
47,北京航空航天大学,2020,重庆,1,本科一批,工科试验班类,,669.0,0.0,673.0,787.0,20.0,普通类,1_7_0
47,北京航空航天大学,2020,四川,1,本科一批,理科试验班类,,681.0,688.0,682.0,535.0,11.0,普通类,1_7_0
47,北京航空航天大学,2020,四川,1,本科一批,理科试验班类,,678.0,680.0,678.0,747.0,5.0,普通类,1_7_0
47,北京航空航天大学,2020,四川,1,本科一批,工科试验班类,,677.0,682.0,679.0,813.0,39.0,普通类,1_7_0
47,北京航空航天大学,2020,四川,1,本科一批,工科试验班类,,676.0,679.0,676.0,882.0,35.0,普通类,1_7_0
47,北京航空航天大学,2020,贵州,1,本科一批,理科试验班类,,668.0,672.0,0.0,352.0,,普通类,1_7_0
47,北京航空航天大学,2020,贵州,1,本科一批,工科试验班类,,664.0,675.0,0.0,433.0,,普通类,1_7_0
47,北京航空航天大学,2020,贵州,1,本科一批,理科试验班类,,662.0,667.0,0.0,481.0,,普通类,1_7_0
47,北京航空航天大学,2020,贵州,1,本科一批,工科试验班类,,660.0,672.0,0.0,523.0,,普通类,1_7_0
47,北京航空航天大学,2020,贵州,1,本科一批,工科试验班类,,652.0,659.0,0.0,808.0,,普通类,1_7_0
47,北京航空航天大学,2020,贵州,1,本科一批,理科试验班类,,648.0,653.0,0.0,985.0,,普通类,1_7_0
47,北京航空航天大学,2020,云南,1,本科一批,理科试验班类,,688.0,0.0,689.0,349.0,,普通类,1_7_0
47,北京航空航天大学,2020,云南,1,本科一批,工科试验班类,,685.0,0.0,686.0,444.0,,普通类,1_7_0
47,北京航空航天大学,2020,云南,1,本科一批,工科试验班类,,680.0,0.0,683.0,599.0,,普通类,1_7_0
47,北京航空航天大学,2020,云南,1,本科一批,理科试验班类,,680.0,0.0,683.0,599.0,,普通类,1_7_0
47,北京航空航天大学,2020,云南,1,本科一批,工科试验班类,,676.0,0.0,680.0,768.0,,普通类,1_7_0
47,北京航空航天大学,2020,云南,1,本科一批,理科试验班类,,670.0,0.0,672.0,1061.0,,普通类,1_7_0
47,北京航空航天大学,2020,陕西,2,本科一批,社会科学试验班,,646.0,0.0,0.0,350.0,3.0,普通类,2_7_0
47,北京航空航天大学,2020,陕西,1,本科一批,工科试验班类,,680.0,0.0,0.0,420.0,2.0,普通类,1_7_0
47,北京航空航天大学,2020,陕西,1,本科一批,理科试验班类,,680.0,0.0,0.0,420.0,7.0,普通类,1_7_0
47,北京航空航天大学,2020,陕西,1,本科一批,工科试验班类,,678.0,0.0,0.0,471.0,31.0,普通类,1_7_0
47,北京航空航天大学,2020,陕西,1,本科一批,理科试验班类,,678.0,0.0,0.0,471.0,6.0,普通类,1_7_0
47,北京航空航天大学,2020,陕西,1,本科一批,工科试验班类,,676.0,0.0,0.0,533.0,2.0,普通类,1_7_0
47,北京航空航天大学,2020,陕西,1,本科一批,工科试验班类,,674.0,0.0,0.0,607.0,50.0,普通类,1_7_0
47,北京航空航天大学,2020,陕西,1,本科一批,理科试验班类,,673.0,0.0,0.0,645.0,7.0,普通类,1_7_0
47,北京航空航天大学,2020,甘肃,2,本科一批,社会科学试验班,,627.0,640.0,0.0,207.0,5.0,普通类,2_7_0
47,北京航空航天大学,2020,甘肃,1,本科一批,理科试验班类,,659.0,0.0,0.0,186.0,,普通类,1_7_0
47,北京航空航天大学,2020,甘肃,1,本科一批,工科试验班类,,648.0,0.0,0.0,340.0,,普通类,1_7_0
47,北京航空航天大学,2020,甘肃,1,本科一批,理科试验班类,,648.0,0.0,0.0,340.0,,普通类,1_7_0
47,北京航空航天大学,2020,甘肃,1,本科一批,工科试验班类,,646.0,0.0,0.0,382.0,,普通类,1_7_0
47,北京航空航天大学,2020,甘肃,1,本科一批,工科试验班类,,630.0,0.0,0.0,774.0,,普通类,1_7_0
47,北京航空航天大学,2020,甘肃,1,本科一批,理科试验班类,,616.0,0.0,0.0,1291.0,,普通类,1_7_0
47,北京航空航天大学,2020,青海,1,本科一批,理科试验班类,,625.0,0.0,0.0,76.0,,普通类,1_7_0
47,北京航空航天大学,2020,青海,1,本科一批,工科试验班类,,618.0,0.0,0.0,98.0,,普通类,1_7_0
47,北京航空航天大学,2020,青海,1,本科一批,工科试验班类,,616.0,0.0,0.0,108.0,,普通类,1_7_0
47,北京航空航天大学,2020,宁夏,2,本科一批,社会科学试验班,,605.0,0.0,0.0,1.0,,普通类,2_7_0
47,北京航空航天大学,2020,宁夏,2,本科一批,社会科学试验班,,572.0,0.0,0.0,1036.0,,普通类,2_7_0
47,北京航空航天大学,2020,宁夏,1,本科一批,理科试验班类,,644.0,0.0,0.0,1.0,,普通类,1_7_0
47,北京航空航天大学,2020,宁夏,1,本科一批,工科试验班类,,636.0,0.0,0.0,1.0,,普通类,1_7_0
47,北京航空航天大学,2020,宁夏,1,本科一批,工科试验班类,,633.0,0.0,0.0,1.0,,普通类,1_7_0
47,北京航空航天大学,2020,宁夏,1,本科一批,理科试验班类,,633.0,0.0,0.0,1.0,,普通类,1_7_0
47,北京航空航天大学,2020,宁夏,1,本科一批,工科试验班类,,633.0,0.0,0.0,1.0,,普通类,1_7_0
47,北京航空航天大学,2020,宁夏,1,本科一批,理科试验班类,,632.0,0.0,0.0,1.0,,普通类,1_7_0
47,北京航空航天大学,2020,新疆,1,本科一批,理科试验班类,,656.0,0.0,0.0,197.0,9.0,普通类,1_7_0
47,北京航空航天大学,2020,新疆,1,本科一批,工科试验班类,,654.0,0.0,0.0,219.0,32.0,普通类,1_7_0
47,北京航空航天大学,2021,北京,3,本科批,工科试验班类,（02）,671.0,0.0,0.0,763.0,,普通类,3_14_17375
47,北京航空航天大学,2021,北京,3,本科批,工科试验班类,（02）,671.0,0.0,0.0,763.0,,普通类,3_14_17375
47,北京航空航天大学,2021,北京,3,本科批,工科试验班类,（02）,670.0,0.0,0.0,810.0,,普通类,3_14_17375
47,北京航空航天大学,2021,北京,3,本科批,理科试验班类,（02）,670.0,0.0,0.0,810.0,,普通类,3_14_17375
47,北京航空航天大学,2021,北京,3,本科批,工科试验班类,（02）,664.0,0.0,0.0,1150.0,,普通类,3_14_17375
47,北京航空航天大学,2021,北京,3,本科批,工科试验班类,（02）,663.0,0.0,0.0,1215.0,,普通类,3_14_17375
47,北京航空航天大学,2021,北京,3,本科批,工科试验班类,（02）,662.0,0.0,0.0,1292.0,,普通类,3_14_17375
47,北京航空航天大学,2021,北京,3,本科批,理科试验班类,（02）,659.0,0.0,0.0,1485.0,,普通类,3_14_17375
47,北京航空航天大学,2021,北京,3,本科批,工科试验班类,（02）,658.0,0.0,0.0,1557.0,,普通类,3_14_17375
47,北京航空航天大学,2021,北京,3,本科批,理科试验班类,（02）,658.0,0.0,0.0,1557.0,,普通类,3_14_17375
47,北京航空航天大学,2021,北京,3,本科批,工科试验班类,（02）,671.0,0.0,0.0,763.0,,普通类,3_14_0
47,北京航空航天大学,2021,北京,3,本科批,工科试验班类,（02）,671.0,0.0,0.0,763.0,,普通类,3_14_0
47,北京航空航天大学,2021,北京,3,本科批,工科试验班类,（02）,670.0,0.0,0.0,810.0,,普通类,3_14_0
47,北京航空航天大学,2021,北京,3,本科批,理科试验班类,（02）,670.0,0.0,0.0,810.0,,普通类,3_14_0
47,北京航空航天大学,2021,北京,3,本科批,工科试验班类,（02）,664.0,0.0,0.0,1150.0,,普通类,3_14_0
47,北京航空航天大学,2021,北京,3,本科批,工科试验班类,（02）,663.0,0.0,0.0,1215.0,,普通类,3_14_0
47,北京航空航天大学,2021,北京,3,本科批,工科试验班类,（02）,662.0,0.0,0.0,1292.0,,普通类,3_14_0
47,北京航空航天大学,2021,北京,3,本科批,理科试验班类,（02）,659.0,0.0,0.0,1485.0,,普通类,3_14_0
47,北京航空航天大学,2021,北京,3,本科批,工科试验班类,（02）,658.0,0.0,0.0,1557.0,,普通类,3_14_0
47,北京航空航天大学,2021,北京,3,本科批,理科试验班类,（02）,658.0,0.0,0.0,1557.0,,普通类,3_14_0
47,北京航空航天大学,2021,北京,3,本科批,社会科学试验班,（01）,646.0,0.0,0.0,2569.0,31.0,普通类,3_14_0
47,北京航空航天大学,2021,北京,3,本科批,社会科学试验班,（01）,646.0,0.0,0.0,2569.0,31.0,普通类,3_14_17374
47,北京航空航天大学,2021,天津,3,本科批A段,社会科学试验班,（2）,679.0,0.0,0.0,1429.0,11.0,普通类,3_46_13100
47,北京航空航天大学,2021,天津,3,本科批A段,工科试验班类,（1）,702.0,0.0,0.0,1299.0,,普通类,3_46_0
47,北京航空航天大学,2021,天津,3,本科批A段,理科试验班类,（1）,700.0,0.0,0.0,1299.0,,普通类,3_46_0
47,北京航空航天大学,2021,天津,3,本科批A段,工科试验班类,（1）,699.0,0.0,0.0,1299.0,,普通类,3_46_0
47,北京航空航天大学,2021,天津,3,本科批A段,工科试验班类,（1）,698.0,0.0,0.0,1299.0,,普通类,3_46_0
47,北京航空航天大学,2021,天津,3,本科批A段,理科试验班类,（1）,698.0,0.0,0.0,1299.0,,普通类,3_46_0
47,北京航空航天大学,2021,天津,3,本科批A段,工科试验班类,（1）,697.0,0.0,0.0,1299.0,,普通类,3_46_0
47,北京航空航天大学,2021,天津,3,本科批A段,社会科学试验班,（2）,679.0,0.0,0.0,1429.0,11.0,普通类,3_46_0
47,北京航空航天大学,2021,天津,3,本科批A段,工科试验班类,（1）,702.0,0.0,0.0,1299.0,,普通类,3_46_13099
47,北京航空航天大学,2021,天津,3,本科批A段,理科试验班类,（1）,700.0,0.0,0.0,1299.0,,普通类,3_46_13099
47,北京航空航天大学,2021,天津,3,本科批A段,工科试验班类,（1）,699.0,0.0,0.0,1299.0,,普通类,3_46_13099
47,北京航空航天大学,2021,天津,3,本科批A段,工科试验班类,（1）,698.0,0.0,0.0,1299.0,,普通类,3_46_13099
47,北京航空航天大学,2021,天津,3,本科批A段,理科试验班类,（1）,698.0,0.0,0.0,1299.0,,普通类,3_46_13099
47,北京航空航天大学,2021,天津,3,本科批A段,工科试验班类,（1）,697.0,0.0,0.0,1299.0,,普通类,3_46_13099
47,北京航空航天大学,2021,河北,2074,本科批,社会科学试验班,,629.0,0.0,0.0,539.0,15.0,普通类,2074_14_0
47,北京航空航天大学,2021,河北,2073,本科批,工科试验班类,,676.0,0.0,0.0,186.0,,普通类,2073_14_0
47,北京航空航天大学,2021,河北,2073,本科批,工科试验班类,,671.0,0.0,0.0,307.0,,普通类,2073_14_0
47,北京航空航天大学,2021,河北,2073,本科批,工科试验班类,,665.0,0.0,0.0,512.0,,普通类,2073_14_0
47,北京航空航天大学,2021,河北,2073,本科批,工科试验班类,,664.0,0.0,0.0,553.0,,普通类,2073_14_0
47,北京航空航天大学,2021,河北,2073,本科批,工科试验班类,,663.0,0.0,0.0,616.0,,普通类,2073_14_0
47,北京航空航天大学,2021,河北,2073,本科批,工科试验班类,,662.0,0.0,0.0,662.0,,普通类,2073_14_0
47,北京航空航天大学,2021,河北,2073,本科批,理科试验班类,,662.0,0.0,0.0,662.0,,普通类,2073_14_0
47,北京航空航天大学,2021,河北,2073,本科批,理科试验班类,,662.0,0.0,0.0,662.0,,普通类,2073_14_0
47,北京航空航天大学,2021,河北,2073,本科批,工科试验班类,,660.0,0.0,0.0,781.0,,普通类,2073_14_0
47,北京航空航天大学,2021,山西,2,本科一批A段,社会科学试验班,,617.0,0.0,0.0,386.0,6.0,普通类,2_51_0
47,北京航空航天大学,2021,山西,1,本科一批A段,工科试验班类,,653.0,0.0,0.0,395.0,,普通类,1_51_0
47,北京航空航天大学,2021,山西,1,本科一批A段,工科试验班类,,653.0,0.0,0.0,395.0,,普通类,1_51_0
47,北京航空航天大学,2021,山西,1,本科一批A段,工科试验班类,,652.0,0.0,0.0,427.0,,普通类,1_51_0
47,北京航空航天大学,2021,山西,1,本科一批A段,理科试验班类,,652.0,0.0,0.0,427.0,,普通类,1_51_0
47,北京航空航天大学,2021,山西,1,本科一批A段,工科试验班类,,649.0,0.0,0.0,529.0,,普通类,1_51_0
47,北京航空航天大学,2021,山西,1,本科一批A段,工科试验班类,,648.0,0.0,0.0,563.0,,普通类,1_51_0
47,北京航空航天大学,2021,山西,1,本科一批A段,工科试验班类,,648.0,0.0,0.0,563.0,,普通类,1_51_0
47,北京航空航天大学,2021,山西,1,本科一批A段,理科试验班类,,646.0,0.0,0.0,640.0,,普通类,1_51_0
47,北京航空航天大学,2021,山西,1,本科一批A段,工科试验班类,,641.0,0.0,0.0,850.0,,普通类,1_51_0
47,北京航空航天大学,2021,山西,1,本科一批A段,理科试验班类,,641.0,0.0,0.0,850.0,,普通类,1_51_0
47,北京航空航天大学,2021,内蒙古,1,本科提前批B段,工科试验班类,,620.0,637.0,0.0,970.0,7.0,普通类,1_37_0
47,北京航空航天大学,2021,内蒙古,1,本科提前批B段,理科试验班类,,616.0,617.0,0.0,1127.0,2.0,普通类,1_37_0
47,北京航空航天大学,2021,内蒙古,2,本科一批,社会科学试验班,,579.0,623.0,0.0,1041.0,7.0,普通类,2_7_0
47,北京航空航天大学,2021,内蒙古,1,本科一批,工科试验班类,,654.0,656.0,0.0,167.0,2.0,普通类,1_7_0
47,北京航空航天大学,2021,内蒙古,1,本科一批,工科试验班类,,650.0,650.0,0.0,208.0,1.0,普通类,1_7_0
47,北京航空航天大学,2021,内蒙古,1,本科一批,工科试验班类,,646.0,650.0,0.0,270.0,31.0,普通类,1_7_0
47,北京航空航天大学,2021,内蒙古,1,本科一批,理科试验班类,,638.0,643.0,0.0,419.0,6.0,普通类,1_7_0
47,北京航空航天大学,2021,内蒙古,1,本科一批,工科试验班类,,636.0,648.0,0.0,455.0,33.0,普通类,1_7_0
47,北京航空航天大学,2021,内蒙古,1,本科一批B段,理科试验班类,,632.0,632.0,0.0,572.0,1.0,普通类,1_52_0
47,北京航空航天大学,2021,内蒙古,1,本科一批B段,工科试验班类,,608.0,622.0,0.0,1454.0,5.0,普通类,1_52_0
47,北京航空航天大学,2021,辽宁,2074,本科批,社会科学试验班,,637.0,0.0,0.0,411.0,5.0,普通类,2074_14_0
47,北京航空航天大学,2021,辽宁,2073,本科批,工科试验班类,,684.0,0.0,0.0,258.0,,普通类,2073_14_0
47,北京航空航天大学,2021,辽宁,2073,本科批,工科试验班类,,682.0,0.0,0.0,303.0,,普通类,2073_14_0
47,北京航空航天大学,2021,辽宁,2073,本科批,理科试验班类,,675.0,0.0,0.0,535.0,,普通类,2073_14_0
47,北京航空航天大学,2021,辽宁,2073,本科批,工科试验班类,,675.0,0.0,0.0,535.0,,普通类,2073_14_0
47,北京航空航天大学,2021,辽宁,2073,本科批,理科试验班类,,674.0,0.0,0.0,566.0,,普通类,2073_14_0
47,北京航空航天大学,2021,辽宁,2073,本科批,工科试验班类,,672.0,0.0,0.0,650.0,,普通类,2073_14_0
47,北京航空航天大学,2021,辽宁,2073,本科批,工科试验班类,,671.0,0.0,0.0,697.0,,普通类,2073_14_0
47,北京航空航天大学,2021,吉林,2,本科一批A段,社会科学试验班,,603.0,609.0,605.0,320.0,3.0,普通类,2_51_0
47,北京航空航天大学,2021,吉林,1,本科一批A段,工科试验班类,,659.0,659.0,659.0,190.0,,普通类,1_51_0
47,北京航空航天大学,2021,吉林,1,本科一批A段,工科试验班类,,656.0,656.0,656.0,221.0,,普通类,1_51_0
47,北京航空航天大学,2021,吉林,1,本科一批A段,理科试验班类,,655.0,655.0,655.0,241.0,,普通类,1_51_0
47,北京航空航天大学,2021,吉林,1,本科一批A段,工科试验班类,,649.0,653.0,651.0,337.0,,普通类,1_51_0
47,北京航空航天大学,2021,吉林,1,本科一批A段,工科试验班类,,645.0,651.0,647.0,430.0,,普通类,1_51_0
47,北京航空航天大学,2021,吉林,1,本科一批A段,工科试验班类,,644.0,650.0,647.0,451.0,,普通类,1_51_0
47,北京航空航天大学,2021,吉林,1,本科一批A段,工科试验班类,,643.0,648.0,645.0,476.0,,普通类,1_51_0
47,北京航空航天大学,2021,吉林,1,本科一批A段,理科试验班类,,641.0,647.0,644.0,523.0,,普通类,1_51_0
47,北京航空航天大学,2021,吉林,1,本科一批A段,理科试验班类,,638.0,648.0,642.0,608.0,,普通类,1_51_0
47,北京航空航天大学,2021,吉林,1,本科一批A段,工科试验班类,,636.0,649.0,641.0,672.0,,普通类,1_51_0
47,北京航空航天大学,2021,吉林,1,本科一批A段,工科试验班类,,595.0,618.0,608.0,2580.0,,中外合作办学,1_51_0
47,北京航空航天大学,2021,黑龙江,2,本科一批A段,社会科学试验班,,607.0,614.0,0.0,364.0,,普通类,2_51_0
47,北京航空航天大学,2021,黑龙江,1,本科一批A段,工科试验班类,,659.0,662.0,0.0,269.0,,普通类,1_51_0
47,北京航空航天大学,2021,黑龙江,1,本科一批A段,工科试验班类,,658.0,661.0,0.0,285.0,,普通类,1_51_0
47,北京航空航天大学,2021,黑龙江,1,本科一批A段,理科试验班类,,658.0,658.0,0.0,285.0,,普通类,1_51_0
47,北京航空航天大学,2021,黑龙江,1,本科一批A段,工科试验班类,,653.0,659.0,0.0,361.0,,普通类,1_51_0
47,北京航空航天大学,2021,黑龙江,1,本科一批A段,工科试验班类,,652.0,653.0,0.0,386.0,,普通类,1_51_0
47,北京航空航天大学,2021,黑龙江,1,本科一批A段,工科试验班类,,650.0,654.0,0.0,436.0,,普通类,1_51_0
47,北京航空航天大学,2021,黑龙江,1,本科一批A段,理科试验班类,,648.0,657.0,0.0,484.0,,普通类,1_51_0
47,北京航空航天大学,2021,黑龙江,1,本科一批A段,工科试验班类,,645.0,657.0,0.0,565.0,,普通类,1_51_0
47,北京航空航天大学,2021,黑龙江,1,本科一批A段,理科试验班类,,645.0,656.0,0.0,565.0,,普通类,1_51_0
47,北京航空航天大学,2021,黑龙江,1,本科一批A段,工科试验班类,,637.0,647.0,0.0,769.0,,中外合作办学,1_51_0
47,北京航空航天大学,2021,上海,3,本科批,工科试验班类,（01）,578.0,0.0,578.0,1716.0,,普通类,3_14_15796
47,北京航空航天大学,2021,上海,3,本科批,理科试验班类,（01）,575.0,0.0,575.0,1998.0,,普通类,3_14_15796
47,北京航空航天大学,2021,上海,3,本科批,工科试验班类,（01）,573.0,0.0,574.0,2211.0,,普通类,3_14_15796
47,北京航空航天大学,2021,上海,3,本科批,工科试验班类,（01）,572.0,0.0,573.0,2323.0,,普通类,3_14_15796
47,北京航空航天大学,2021,上海,3,本科批,工科试验班类,（01）,571.0,0.0,573.0,2428.0,,普通类,3_14_15796
47,北京航空航天大学,2021,上海,3,本科批,理科试验班类,（01）,570.0,0.0,571.0,2540.0,,普通类,3_14_15796
47,北京航空航天大学,2021,上海,3,本科批,理科试验班类,（01）,570.0,0.0,571.0,2540.0,,普通类,3_14_15796
47,北京航空航天大学,2021,上海,3,本科批,工科试验班类,（01）,568.0,0.0,568.0,2795.0,,普通类,3_14_15796
47,北京航空航天大学,2021,上海,3,本科批,工科试验班类,（01）,578.0,0.0,578.0,1716.0,,普通类,3_14_0
47,北京航空航天大学,2021,上海,3,本科批,理科试验班类,（01）,575.0,0.0,575.0,1998.0,,普通类,3_14_0
47,北京航空航天大学,2021,上海,3,本科批,工科试验班类,（01）,573.0,0.0,574.0,2211.0,,普通类,3_14_0
47,北京航空航天大学,2021,上海,3,本科批,工科试验班类,（01）,572.0,0.0,573.0,2323.0,,普通类,3_14_0
47,北京航空航天大学,2021,上海,3,本科批,工科试验班类,（01）,571.0,0.0,573.0,2428.0,,普通类,3_14_0
47,北京航空航天大学,2021,上海,3,本科批,理科试验班类,（01）,570.0,0.0,571.0,2540.0,,普通类,3_14_0
47,北京航空航天大学,2021,上海,3,本科批,理科试验班类,（01）,570.0,0.0,571.0,2540.0,,普通类,3_14_0
47,北京航空航天大学,2021,上海,3,本科批,工科试验班类,（01）,568.0,0.0,568.0,2795.0,,普通类,3_14_0
47,北京航空航天大学,2021,上海,3,本科批,社会科学试验班,（02）,561.0,0.0,561.0,3794.0,,普通类,3_14_0
47,北京航空航天大学,2021,上海,3,本科批,社会科学试验班,（02）,561.0,0.0,561.0,3794.0,,普通类,3_14_15797
47,北京航空航天大学,2021,江苏,2074,本科批,社会科学试验班,（01）,607.0,0.0,0.0,1026.0,7.0,普通类,2074_14_39607
47,北京航空航天大学,2021,江苏,2074,本科批,社会科学试验班,（01）,607.0,0.0,0.0,1026.0,7.0,普通类,2074_14_0
47,北京航空航天大学,2021,江苏,2073,本科批,工科试验班类,（02）,638.0,0.0,0.0,890.0,,普通类,2073_14_41823
47,北京航空航天大学,2021,江苏,2073,本科批,工科试验班类,（02）,638.0,0.0,0.0,890.0,,普通类,2073_14_41823
47,北京航空航天大学,2021,江苏,2073,本科批,理科试验班类,（02）,638.0,0.0,0.0,890.0,,普通类,2073_14_41823
47,北京航空航天大学,2021,江苏,2073,本科批,工科试验班类,（02）,626.0,0.0,0.0,2069.0,,普通类,2073_14_41823
47,北京航空航天大学,2021,江苏,2073,本科批,工科试验班类,（02）,626.0,0.0,0.0,2069.0,,普通类,2073_14_41823
47,北京航空航天大学,2021,江苏,2073,本科批,工科试验班类,（02）,626.0,0.0,0.0,2069.0,,普通类,2073_14_41823
47,北京航空航天大学,2021,江苏,2073,本科批,理科试验班类,（02）,623.0,0.0,0.0,2461.0,,普通类,2073_14_41823
47,北京航空航天大学,2021,江苏,2073,本科批,理科试验班类,（02）,622.0,0.0,0.0,2607.0,,普通类,2073_14_41823
47,北京航空航天大学,2021,江苏,2073,本科批,工科试验班类,（02）,622.0,0.0,0.0,2607.0,,普通类,2073_14_41823
47,北京航空航天大学,2021,江苏,2073,本科批,工科试验班类,（02）,638.0,0.0,0.0,890.0,,普通类,2073_14_0
47,北京航空航天大学,2021,江苏,2073,本科批,工科试验班类,（02）,638.0,0.0,0.0,890.0,,普通类,2073_14_0
47,北京航空航天大学,2021,江苏,2073,本科批,理科试验班类,（02）,638.0,0.0,0.0,890.0,,普通类,2073_14_0
47,北京航空航天大学,2021,江苏,2073,本科批,工科试验班类,（02）,626.0,0.0,0.0,2069.0,,普通类,2073_14_0
47,北京航空航天大学,2021,江苏,2073,本科批,工科试验班类,（02）,626.0,0.0,0.0,2069.0,,普通类,2073_14_0
47,北京航空航天大学,2021,江苏,2073,本科批,工科试验班类,（02）,626.0,0.0,0.0,2069.0,,普通类,2073_14_0
47,北京航空航天大学,2021,江苏,2073,本科批,理科试验班类,（02）,623.0,0.0,0.0,2461.0,,普通类,2073_14_0
47,北京航空航天大学,2021,江苏,2073,本科批,理科试验班类,（02）,622.0,0.0,0.0,2607.0,,普通类,2073_14_0
47,北京航空航天大学,2021,江苏,2073,本科批,工科试验班类,（02）,622.0,0.0,0.0,2607.0,,普通类,2073_14_0
47,北京航空航天大学,2021,浙江,3,平行录取一段,工科试验班类,,670.0,0.0,0.0,1992.0,,普通类,3_16_0
47,北京航空航天大学,2021,浙江,3,平行录取一段,工科试验班类,,669.0,0.0,0.0,2119.0,,普通类,3_16_0
47,北京航空航天大学,2021,浙江,3,平行录取一段,工科试验班类,,662.0,0.0,0.0,3572.0,,普通类,3_16_0
47,北京航空航天大学,2021,浙江,3,平行录取一段,工科试验班类,,661.0,0.0,0.0,3840.0,,普通类,3_16_0
47,北京航空航天大学,2021,浙江,3,平行录取一段,社会科学试验班,,659.0,0.0,0.0,4267.0,3.0,普通类,3_16_0
47,北京航空航天大学,2021,浙江,3,平行录取一段,工科试验班类,,658.0,0.0,0.0,4592.0,,普通类,3_16_0
47,北京航空航天大学,2021,浙江,3,平行录取一段,理科试验班类,,655.0,0.0,0.0,5301.0,,普通类,3_16_0
47,北京航空航天大学,2021,浙江,3,平行录取一段,工科试验班类,,654.0,0.0,0.0,5882.0,,普通类,3_16_0
47,北京航空航天大学,2021,浙江,3,平行录取一段,理科试验班类,,654.0,0.0,0.0,5834.0,,普通类,3_16_0
47,北京航空航天大学,2021,安徽,2,本科一批,社会科学试验班,,643.0,0.0,0.0,606.0,12.0,普通类,2_7_0
47,北京航空航天大学,2021,安徽,1,本科一批,工科试验班类,,676.0,0.0,0.0,432.0,,普通类,1_7_0
47,北京航空航天大学,2021,安徽,1,本科一批,工科试验班类,,672.0,0.0,0.0,573.0,,普通类,1_7_0
47,北京航空航天大学,2021,安徽,1,本科一批,理科试验班类,,669.0,0.0,0.0,709.0,,普通类,1_7_0
47,北京航空航天大学,2021,安徽,1,本科一批,工科试验班类,,668.0,0.0,0.0,761.0,,普通类,1_7_0
47,北京航空航天大学,2021,安徽,1,本科一批,工科试验班类,,666.0,0.0,0.0,879.0,,普通类,1_7_0
47,北京航空航天大学,2021,安徽,1,本科一批,工科试验班类,,666.0,0.0,0.0,879.0,,普通类,1_7_0
47,北京航空航天大学,2021,安徽,1,本科一批,工科试验班类,,666.0,0.0,0.0,879.0,,普通类,1_7_0
47,北京航空航天大学,2021,安徽,1,本科一批,理科试验班类,,665.0,0.0,0.0,943.0,,普通类,1_7_0
47,北京航空航天大学,2021,安徽,1,本科一批,理科试验班类,,663.0,0.0,0.0,1070.0,,普通类,1_7_0
47,北京航空航天大学,2021,安徽,1,本科一批,工科试验班类,,662.0,0.0,0.0,1142.0,,普通类,1_7_0
47,北京航空航天大学,2021,福建,2074,本科批,社会科学试验班,2304（L999）,611.0,614.0,612.0,674.0,11.0,普通类,2074_14_43918
47,北京航空航天大学,2021,福建,2074,本科批,社会科学试验班,2304（L999）,611.0,614.0,612.0,674.0,11.0,普通类,2074_14_0
47,北京航空航天大学,2021,福建,2073,本科批,工科试验班类,2304（W999）,661.0,663.0,662.0,603.0,,普通类,2073_14_45097
47,北京航空航天大学,2021,福建,2073,本科批,工科试验班类,2304（W999）,661.0,661.0,661.0,603.0,,普通类,2073_14_45097
47,北京航空航天大学,2021,福建,2073,本科批,理科试验班类,2304（W999）,660.0,660.0,660.0,654.0,,普通类,2073_14_45097
47,北京航空航天大学,2021,福建,2073,本科批,工科试验班类,2304（W999）,659.0,664.0,661.0,702.0,,普通类,2073_14_45097
47,北京航空航天大学,2021,福建,2073,本科批,工科试验班类,2304（W999）,653.0,658.0,656.0,1022.0,,普通类,2073_14_45097
47,北京航空航天大学,2021,福建,2073,本科批,工科试验班类,2304（W999）,651.0,660.0,655.0,1160.0,,普通类,2073_14_45097
47,北京航空航天大学,2021,福建,2073,本科批,理科试验班类,2304（W999）,651.0,656.0,653.0,1160.0,,普通类,2073_14_45097
47,北京航空航天大学,2021,福建,2073,本科批,工科试验班类,2304（W999）,661.0,663.0,662.0,603.0,,普通类,2073_14_0
47,北京航空航天大学,2021,福建,2073,本科批,工科试验班类,2304（W999）,661.0,661.0,661.0,603.0,,普通类,2073_14_0
47,北京航空航天大学,2021,福建,2073,本科批,理科试验班类,2304（W999）,660.0,660.0,660.0,654.0,,普通类,2073_14_0
47,北京航空航天大学,2021,福建,2073,本科批,工科试验班类,2304（W999）,659.0,664.0,661.0,702.0,,普通类,2073_14_0
47,北京航空航天大学,2021,福建,2073,本科批,工科试验班类,2304（W999）,653.0,658.0,656.0,1022.0,,普通类,2073_14_0
47,北京航空航天大学,2021,福建,2073,本科批,工科试验班类,2304（W999）,651.0,660.0,655.0,1160.0,,普通类,2073_14_0
47,北京航空航天大学,2021,福建,2073,本科批,理科试验班类,2304（W999）,651.0,656.0,653.0,1160.0,,普通类,2073_14_0
47,北京航空航天大学,2021,江西,2,本科一批,社会科学试验班,,631.0,0.0,633.0,644.0,10.0,普通类,2_7_0
47,北京航空航天大学,2021,江西,1,本科一批,工科试验班类,,669.0,0.0,669.0,252.0,,普通类,1_7_0
47,北京航空航天大学,2021,江西,1,本科一批,工科试验班类,,666.0,0.0,667.0,331.0,,普通类,1_7_0
47,北京航空航天大学,2021,江西,1,本科一批,理科试验班类,,664.0,0.0,664.0,397.0,,普通类,1_7_0
47,北京航空航天大学,2021,江西,1,本科一批,工科试验班类,,658.0,0.0,658.0,621.0,,普通类,1_7_0
47,北京航空航天大学,2021,江西,1,本科一批,工科试验班类,,657.0,0.0,659.0,657.0,,普通类,1_7_0
47,北京航空航天大学,2021,江西,1,本科一批,工科试验班类,,657.0,0.0,657.0,657.0,,普通类,1_7_0
47,北京航空航天大学,2021,江西,1,本科一批,理科试验班类,,651.0,0.0,655.0,975.0,,普通类,1_7_0
47,北京航空航天大学,2021,江西,1,本科一批,工科试验班类,,651.0,0.0,655.0,975.0,,普通类,1_7_0
47,北京航空航天大学,2021,山东,3,普通类一段,工科试验班类,,668.0,0.0,0.0,421.0,,普通类,3_1570_0
47,北京航空航天大学,2021,山东,3,普通类一段,工科试验班类,,662.0,0.0,0.0,688.0,,普通类,3_1570_0
47,北京航空航天大学,2021,山东,3,普通类一段,工科试验班类,,658.0,0.0,0.0,962.0,,普通类,3_1570_0
47,北京航空航天大学,2021,山东,3,普通类一段,工科试验班类,,656.0,0.0,0.0,1059.0,,普通类,3_1570_0
47,北京航空航天大学,2021,山东,3,普通类一段,理科试验班类,,656.0,0.0,0.0,1117.0,,普通类,3_1570_0
47,北京航空航天大学,2021,山东,3,普通类一段,工科试验班类,,656.0,0.0,0.0,1119.0,,普通类,3_1570_0
47,北京航空航天大学,2021,山东,3,普通类一段,理科试验班类,,655.0,0.0,0.0,1173.0,,普通类,3_1570_0
47,北京航空航天大学,2021,山东,3,普通类一段,工科试验班类,,653.0,0.0,0.0,1372.0,,普通类,3_1570_0
47,北京航空航天大学,2021,山东,3,普通类一段,社会科学试验班,,645.0,0.0,0.0,2298.0,11.0,普通类,3_1570_0
47,北京航空航天大学,2021,河南,2,本科一批,社会科学试验班,,643.0,649.0,646.0,720.0,10.0,普通类,2_7_0
47,北京航空航天大学,2021,河南,1,本科一批,工科试验班类,,682.0,683.0,683.0,551.0,,普通类,1_7_0
47,北京航空航天大学,2021,河南,1,本科一批,工科试验班类,,681.0,683.0,682.0,604.0,,普通类,1_7_0
47,北京航空航天大学,2021,河南,1,本科一批,工科试验班类,,681.0,681.0,681.0,604.0,,普通类,1_7_0
47,北京航空航天大学,2021,河南,1,本科一批,理科试验班类,,680.0,680.0,680.0,659.0,,普通类,1_7_0
47,北京航空航天大学,2021,河南,1,本科一批,工科试验班类,,676.0,680.0,678.0,902.0,,普通类,1_7_0
47,北京航空航天大学,2021,河南,1,本科一批,工科试验班类,,676.0,679.0,677.0,902.0,,普通类,1_7_0
47,北京航空航天大学,2021,河南,1,本科一批,理科试验班类,,675.0,678.0,677.0,982.0,,普通类,1_7_0
47,北京航空航天大学,2021,河南,1,本科一批,工科试验班类,,675.0,675.0,675.0,982.0,,普通类,1_7_0
47,北京航空航天大学,2021,河南,1,本科一批,工科试验班类,,674.0,677.0,675.0,1046.0,,普通类,1_7_0
47,北京航空航天大学,2021,河南,1,本科一批,理科试验班类,,674.0,676.0,675.0,1046.0,,普通类,1_7_0
47,北京航空航天大学,2021,广东,2074,本科批,社会科学试验班,（201）,617.0,0.0,0.0,1277.0,6.0,普通类,2074_14_18557
47,北京航空航天大学,2021,广东,2074,本科批,社会科学试验班,（201）,617.0,0.0,0.0,1277.0,6.0,普通类,2074_14_0
47,北京航空航天大学,2021,广东,2073,本科批,工科试验班类,（202）,673.0,0.0,0.0,560.0,,普通类,2073_14_21017
47,北京航空航天大学,2021,广东,2073,本科批,工科试验班类,（202）,672.0,0.0,0.0,610.0,,普通类,2073_14_21017
47,北京航空航天大学,2021,广东,2073,本科批,理科试验班类,（202）,672.0,0.0,0.0,610.0,,普通类,2073_14_21017
47,北京航空航天大学,2021,广东,2073,本科批,工科试验班类,（202）,668.0,0.0,0.0,868.0,,普通类,2073_14_21017
47,北京航空航天大学,2021,广东,2073,本科批,工科试验班类,（202）,667.0,0.0,0.0,937.0,,普通类,2073_14_21017
47,北京航空航天大学,2021,广东,2073,本科批,理科试验班类,（202）,666.0,0.0,0.0,1023.0,,普通类,2073_14_21017
47,北京航空航天大学,2021,广东,2073,本科批,工科试验班类,（202）,664.0,0.0,0.0,1191.0,,普通类,2073_14_21017
47,北京航空航天大学,2021,广东,2073,本科批,工科试验班类,（202）,663.0,0.0,0.0,1278.0,,普通类,2073_14_21017
47,北京航空航天大学,2021,广东,2073,本科批,理科试验班类,（202）,663.0,0.0,0.0,1278.0,,普通类,2073_14_21017
47,北京航空航天大学,2021,广东,2073,本科批,工科试验班类,（202）,661.0,0.0,0.0,1480.0,,普通类,2073_14_21017
47,北京航空航天大学,2021,广东,2073,本科批,工科试验班类,（202）,673.0,0.0,0.0,560.0,,普通类,2073_14_0
47,北京航空航天大学,2021,广东,2073,本科批,工科试验班类,（202）,672.0,0.0,0.0,610.0,,普通类,2073_14_0
47,北京航空航天大学,2021,广东,2073,本科批,理科试验班类,（202）,672.0,0.0,0.0,610.0,,普通类,2073_14_0
47,北京航空航天大学,2021,广东,2073,本科批,工科试验班类,（202）,668.0,0.0,0.0,868.0,,普通类,2073_14_0
47,北京航空航天大学,2021,广东,2073,本科批,工科试验班类,（202）,667.0,0.0,0.0,937.0,,普通类,2073_14_0
47,北京航空航天大学,2021,广东,2073,本科批,理科试验班类,（202）,666.0,0.0,0.0,1023.0,,普通类,2073_14_0
47,北京航空航天大学,2021,广东,2073,本科批,工科试验班类,（202）,664.0,0.0,0.0,1191.0,,普通类,2073_14_0
47,北京航空航天大学,2021,广东,2073,本科批,工科试验班类,（202）,663.0,0.0,0.0,1278.0,,普通类,2073_14_0
47,北京航空航天大学,2021,广东,2073,本科批,理科试验班类,（202）,663.0,0.0,0.0,1278.0,,普通类,2073_14_0
47,北京航空航天大学,2021,广东,2073,本科批,工科试验班类,（202）,661.0,0.0,0.0,1480.0,,普通类,2073_14_0
47,北京航空航天大学,2021,广西,1,本科一批,工科试验班类,,664.0,665.0,664.0,200.0,,普通类,1_7_0
47,北京航空航天大学,2021,广西,1,本科一批,理科试验班类,,658.0,658.0,658.0,302.0,,普通类,1_7_0
47,北京航空航天大学,2021,广西,1,本科一批,工科试验班类,,657.0,668.0,660.0,318.0,,普通类,1_7_0
47,北京航空航天大学,2021,广西,1,本科一批,工科试验班类,,655.0,662.0,658.0,374.0,,普通类,1_7_0
47,北京航空航天大学,2021,广西,1,本科一批,理科试验班类,,655.0,657.0,656.0,374.0,,普通类,1_7_0
47,北京航空航天大学,2021,广西,1,本科一批,工科试验班类,,655.0,655.0,655.0,374.0,,普通类,1_7_0
47,北京航空航天大学,2021,广西,2,本科一批,社会科学试验班,,624.0,636.0,628.0,463.0,7.0,普通类,2_7_0
47,北京航空航天大学,2021,海南,3,本科批,工科试验班类,（03）,792.0,0.0,0.0,110.0,,普通类,3_14_36133
47,北京航空航天大学,2021,海南,3,本科批,工科试验班类,（03）,783.0,0.0,0.0,144.0,,普通类,3_14_36133
47,北京航空航天大学,2021,海南,3,本科批,工科试验班类,（03）,775.0,0.0,0.0,185.0,,普通类,3_14_36133
47,北京航空航天大学,2021,海南,3,本科批,理科试验班类,（03）,775.0,0.0,0.0,185.0,,普通类,3_14_36133
47,北京航空航天大学,2021,海南,3,本科批,工科试验班类,（03）,774.0,0.0,0.0,190.0,,普通类,3_14_36133
47,北京航空航天大学,2021,海南,3,本科批,工科试验班类,（03）,772.0,0.0,0.0,203.0,,普通类,3_14_36133
47,北京航空航天大学,2021,海南,3,本科批,理科试验班类,（03）,770.0,0.0,0.0,216.0,,普通类,3_14_36133
47,北京航空航天大学,2021,海南,3,本科批,工科试验班类,（03）,792.0,0.0,0.0,110.0,,普通类,3_14_0
47,北京航空航天大学,2021,海南,3,本科批,工科试验班类,（03）,783.0,0.0,0.0,144.0,,普通类,3_14_0
47,北京航空航天大学,2021,海南,3,本科批,工科试验班类,（03）,775.0,0.0,0.0,185.0,,普通类,3_14_0
47,北京航空航天大学,2021,海南,3,本科批,理科试验班类,（03）,775.0,0.0,0.0,185.0,,普通类,3_14_0
47,北京航空航天大学,2021,海南,3,本科批,工科试验班类,（03）,774.0,0.0,0.0,190.0,,普通类,3_14_0
47,北京航空航天大学,2021,海南,3,本科批,工科试验班类,（03）,772.0,0.0,0.0,203.0,,普通类,3_14_0
47,北京航空航天大学,2021,海南,3,本科批,理科试验班类,（03）,770.0,0.0,0.0,216.0,,普通类,3_14_0
47,北京航空航天大学,2021,海南,3,本科批,社会科学试验班,（02）,751.0,0.0,0.0,380.0,2.0,普通类,3_14_0
47,北京航空航天大学,2021,海南,3,本科批,社会科学试验班,（02）,751.0,0.0,0.0,380.0,2.0,普通类,3_14_36132
47,北京航空航天大学,2021,重庆,2074,本科批,社会科学试验班,,633.0,0.0,0.0,587.0,10.0,普通类,2074_14_0
47,北京航空航天大学,2021,重庆,2073,本科批,工科试验班类,,688.0,0.0,0.0,274.0,,普通类,2073_14_0
47,北京航空航天大学,2021,重庆,2073,本科批,工科试验班类,,683.0,0.0,0.0,441.0,,普通类,2073_14_0
47,北京航空航天大学,2021,重庆,2073,本科批,工科试验班类,,680.0,0.0,0.0,556.0,,普通类,2073_14_0
47,北京航空航天大学,2021,重庆,2073,本科批,工科试验班类,,680.0,0.0,0.0,556.0,,普通类,2073_14_0
47,北京航空航天大学,2021,重庆,2073,本科批,理科试验班类,,678.0,0.0,0.0,654.0,,普通类,2073_14_0
47,北京航空航天大学,2021,重庆,2073,本科批,理科试验班类,,678.0,0.0,0.0,654.0,,普通类,2073_14_0
47,北京航空航天大学,2021,重庆,2073,本科批,工科试验班类,,677.0,0.0,0.0,695.0,,普通类,2073_14_0
47,北京航空航天大学,2021,重庆,2073,本科批,工科试验班类,,677.0,0.0,0.0,695.0,,普通类,2073_14_0
47,北京航空航天大学,2021,四川,1,本科一批,工科试验班类,,689.0,692.0,690.0,204.0,,普通类,1_7_0
47,北京航空航天大学,2021,四川,1,本科一批,工科试验班类,,682.0,682.0,682.0,436.0,,普通类,1_7_0
47,北京航空航天大学,2021,四川,1,本科一批,工科试验班类,,680.0,680.0,680.0,511.0,,普通类,1_7_0
47,北京航空航天大学,2021,四川,1,本科一批,理科试验班类,,679.0,679.0,679.0,578.0,,普通类,1_7_0
47,北京航空航天大学,2021,四川,1,本科一批,理科试验班类,,675.0,679.0,677.0,803.0,,普通类,1_7_0
47,北京航空航天大学,2021,四川,1,本科一批,工科试验班类,,675.0,677.0,676.0,803.0,,普通类,1_7_0
47,北京航空航天大学,2021,四川,1,本科一批,工科试验班类,,674.0,681.0,676.0,863.0,,普通类,1_7_0
47,北京航空航天大学,2021,四川,1,本科一批,理科试验班类,,671.0,675.0,673.0,1078.0,,普通类,1_7_0
47,北京航空航天大学,2021,四川,1,本科一批,工科试验班类,,671.0,680.0,673.0,1078.0,,普通类,1_7_0
47,北京航空航天大学,2021,四川,1,本科一批,工科试验班类,,671.0,672.0,672.0,1078.0,,普通类,1_7_0
47,北京航空航天大学,2021,四川,2,本科一批,社会科学试验班,,617.0,622.0,619.0,677.0,10.0,普通类,2_7_0
47,北京航空航天大学,2021,贵州,1,本科一批,工科试验班类,,648.0,649.0,0.0,260.0,,普通类,1_7_0
47,北京航空航天大学,2021,贵州,1,本科一批,工科试验班类,,645.0,647.0,0.0,317.0,,普通类,1_7_0
47,北京航空航天大学,2021,贵州,1,本科一批,理科试验班类,,644.0,646.0,0.0,341.0,,普通类,1_7_0
47,北京航空航天大学,2021,贵州,1,本科一批,工科试验班类,,637.0,637.0,0.0,498.0,,普通类,1_7_0
47,北京航空航天大学,2021,贵州,1,本科一批,工科试验班类,,635.0,648.0,0.0,556.0,,普通类,1_7_0
47,北京航空航天大学,2021,贵州,1,本科一批,理科试验班类,,632.0,637.0,0.0,632.0,,普通类,1_7_0
47,北京航空航天大学,2021,贵州,1,本科一批,工科试验班类,,630.0,643.0,0.0,687.0,,普通类,1_7_0
47,北京航空航天大学,2021,贵州,1,本科一批,工科试验班类,,624.0,625.0,0.0,946.0,,普通类,1_7_0
47,北京航空航天大学,2021,贵州,1,本科一批,理科试验班类,,623.0,626.0,0.0,975.0,,普通类,1_7_0
47,北京航空航天大学,2021,云南,1,本科一批,工科试验班类,,668.0,0.0,0.0,345.0,,普通类,1_7_0
47,北京航空航天大学,2021,云南,1,本科一批,工科试验班类,,667.0,0.0,0.0,369.0,,普通类,1_7_0
47,北京航空航天大学,2021,云南,1,本科一批,理科试验班类,,666.0,0.0,0.0,390.0,,普通类,1_7_0
47,北京航空航天大学,2021,云南,1,本科一批,工科试验班类,,662.0,0.0,0.0,510.0,,普通类,1_7_0
47,北京航空航天大学,2021,云南,1,本科一批,工科试验班类,,662.0,0.0,0.0,510.0,,普通类,1_7_0
47,北京航空航天大学,2021,云南,1,本科一批,理科试验班类,,661.0,0.0,0.0,544.0,,普通类,1_7_0
47,北京航空航天大学,2021,云南,1,本科一批,工科试验班类,,661.0,0.0,0.0,544.0,,普通类,1_7_0
47,北京航空航天大学,2021,陕西,2,本科一批,社会科学试验班,,631.0,0.0,632.0,341.0,3.0,普通类,2_7_0
47,北京航空航天大学,2021,陕西,1,本科一批,工科试验班类,,669.0,0.0,669.0,412.0,,普通类,1_7_0
47,北京航空航天大学,2021,陕西,1,本科一批,工科试验班类,,669.0,0.0,669.0,412.0,,普通类,1_7_0
47,北京航空航天大学,2021,陕西,1,本科一批,工科试验班类,,668.0,0.0,670.0,431.0,,普通类,1_7_0
47,北京航空航天大学,2021,陕西,1,本科一批,理科试验班类,,668.0,0.0,668.0,431.0,,普通类,1_7_0
47,北京航空航天大学,2021,陕西,1,本科一批,工科试验班类,,668.0,0.0,668.0,431.0,,普通类,1_7_0
47,北京航空航天大学,2021,陕西,1,本科一批,工科试验班类,,665.0,0.0,666.0,510.0,,普通类,1_7_0
47,北京航空航天大学,2021,陕西,1,本科一批,工科试验班类,,664.0,0.0,666.0,531.0,,普通类,1_7_0
47,北京航空航天大学,2021,陕西,1,本科一批,理科试验班类,,664.0,0.0,665.0,531.0,,普通类,1_7_0
47,北京航空航天大学,2021,陕西,1,本科一批,工科试验班类,,661.0,0.0,663.0,625.0,,普通类,1_7_0
47,北京航空航天大学,2021,陕西,1,本科一批,理科试验班类,,660.0,0.0,661.0,661.0,,普通类,1_7_0
47,北京航空航天大学,2021,甘肃,2,本科一批I段,社会科学试验班,,603.0,613.0,608.0,282.0,,普通类,2_111_0
47,北京航空航天大学,2021,甘肃,1,本科一批I段,工科试验班类,,650.0,650.0,650.0,134.0,,普通类,1_111_0
47,北京航空航天大学,2021,甘肃,1,本科一批I段,工科试验班类,,642.0,650.0,646.0,211.0,,普通类,1_111_0
47,北京航空航天大学,2021,甘肃,1,本科一批I段,工科试验班类,,639.0,639.0,639.0,250.0,,普通类,1_111_0
47,北京航空航天大学,2021,甘肃,1,本科一批I段,工科试验班类,,636.0,645.0,641.0,294.0,,普通类,1_111_0
47,北京航空航天大学,2021,甘肃,1,本科一批I段,工科试验班类,,631.0,642.0,637.0,371.0,,普通类,1_111_0
47,北京航空航天大学,2021,甘肃,1,本科一批I段,理科试验班类,,630.0,636.0,633.0,389.0,,普通类,1_111_0
47,北京航空航天大学,2021,甘肃,1,本科一批I段,工科试验班类,,630.0,630.0,630.0,389.0,,普通类,1_111_0
47,北京航空航天大学,2021,青海,1,本科一段,工科试验班类,,603.0,610.0,606.0,85.0,,普通类,1_1564_0
47,北京航空航天大学,2021,青海,1,本科一段,工科试验班类,,603.0,607.0,605.0,85.0,,普通类,1_1564_0
47,北京航空航天大学,2021,青海,1,本科一段,工科试验班类,,601.0,602.0,602.0,95.0,,普通类,1_1564_0
47,北京航空航天大学,2021,青海,2,本科一段,社会科学试验班,,582.0,594.0,588.0,95.0,2.0,普通类,2_1564_0
47,北京航空航天大学,2021,宁夏,1,本科一批,工科试验班类,,624.0,0.0,624.0,88.0,,普通类,1_7_0
47,北京航空航天大学,2021,宁夏,1,本科一批,工科试验班类,,613.0,0.0,614.0,137.0,,普通类,1_7_0
47,北京航空航天大学,2021,宁夏,1,本科一批,工科试验班类,,605.0,0.0,609.0,190.0,,普通类,1_7_0
47,北京航空航天大学,2021,宁夏,1,本科一批,理科试验班类,,604.0,0.0,607.0,199.0,,普通类,1_7_0
47,北京航空航天大学,2021,宁夏,1,本科一批,理科试验班类,,573.0,0.0,573.0,600.0,,普通类,1_7_0
47,北京航空航天大学,2021,宁夏,1,本科一批,工科试验班类,,565.0,0.0,581.0,750.0,,普通类,1_7_0
47,北京航空航天大学,2021,宁夏,2,本科一批,社会科学试验班,,607.0,0.0,610.0,246.0,2.0,普通类,2_7_0
47,北京航空航天大学,2021,新疆,1,本科一批,工科试验班类,,637.0,637.0,0.0,,,普通类,1_7_0
47,北京航空航天大学,2021,新疆,1,本科一批,工科试验班类,,632.0,632.0,0.0,,,普通类,1_7_0
47,北京航空航天大学,2021,新疆,1,本科一批,工科试验班类,,630.0,630.0,0.0,,,普通类,1_7_0
47,北京航空航天大学,2021,新疆,1,本科一批,理科试验班类,,629.0,629.0,0.0,,,普通类,1_7_0
47,北京航空航天大学,2021,新疆,1,本科一批,工科试验班类,,626.0,637.0,0.0,,,普通类,1_7_0
47,北京航空航天大学,2021,新疆,1,本科一批,工科试验班类,,623.0,632.0,0.0,,,普通类,1_7_0
47,北京航空航天大学,2021,新疆,1,本科一批,理科试验班类,,622.0,629.0,0.0,,,普通类,1_7_0
47,北京航空航天大学,2022,北京,3,本科批,社会科学试验班,（01）,652.0,0.0,655.0,2546.0,10.0,普通类,3_14_51491
47,北京航空航天大学,2022,北京,3,本科批,工科试验班类,（02）,680.0,0.0,682.0,667.0,,普通类,3_14_0
47,北京航空航天大学,2022,北京,3,本科批,工科试验班类,（02）,678.0,0.0,679.0,761.0,,普通类,3_14_0
47,北京航空航天大学,2022,北京,3,本科批,理科试验班类,（02）,677.0,0.0,677.0,807.0,,普通类,3_14_0
47,北京航空航天大学,2022,北京,3,本科批,理科试验班类,（02）,677.0,0.0,677.0,807.0,,普通类,3_14_0
47,北京航空航天大学,2022,北京,3,本科批,工科试验班类,（02）,676.0,0.0,676.0,857.0,,普通类,3_14_0
47,北京航空航天大学,2022,北京,3,本科批,工科试验班类,（02）,668.0,0.0,670.0,1341.0,,普通类,3_14_0
47,北京航空航天大学,2022,北京,3,本科批,工科试验班类,（02）,668.0,0.0,669.0,1341.0,,普通类,3_14_0
47,北京航空航天大学,2022,北京,3,本科批,工科试验班类,（02）,663.0,0.0,666.0,1654.0,,普通类,3_14_0
47,北京航空航天大学,2022,北京,3,本科批,理科试验班类,（02）,663.0,0.0,666.0,1654.0,,普通类,3_14_0
47,北京航空航天大学,2022,北京,3,本科批,理科试验班类,（02）,663.0,0.0,664.0,1654.0,,普通类,3_14_0
47,北京航空航天大学,2022,北京,3,本科批,社会科学试验班,（01）,652.0,0.0,655.0,2546.0,10.0,普通类,3_14_0
47,北京航空航天大学,2022,北京,3,本科批,工科试验班类,（02）,680.0,0.0,682.0,667.0,,普通类,3_14_51492
47,北京航空航天大学,2022,北京,3,本科批,工科试验班类,（02）,678.0,0.0,679.0,761.0,,普通类,3_14_51492
47,北京航空航天大学,2022,北京,3,本科批,理科试验班类,（02）,677.0,0.0,677.0,807.0,,普通类,3_14_51492
47,北京航空航天大学,2022,北京,3,本科批,理科试验班类,（02）,677.0,0.0,677.0,807.0,,普通类,3_14_51492
47,北京航空航天大学,2022,北京,3,本科批,工科试验班类,（02）,676.0,0.0,676.0,857.0,,普通类,3_14_51492
47,北京航空航天大学,2022,北京,3,本科批,工科试验班类,（02）,668.0,0.0,670.0,1341.0,,普通类,3_14_51492
47,北京航空航天大学,2022,北京,3,本科批,工科试验班类,（02）,668.0,0.0,669.0,1341.0,,普通类,3_14_51492
47,北京航空航天大学,2022,北京,3,本科批,工科试验班类,（02）,663.0,0.0,666.0,1654.0,,普通类,3_14_51492
47,北京航空航天大学,2022,北京,3,本科批,理科试验班类,（02）,663.0,0.0,666.0,1654.0,,普通类,3_14_51492
47,北京航空航天大学,2022,北京,3,本科批,理科试验班类,（02）,663.0,0.0,664.0,1654.0,,普通类,3_14_51492
47,北京航空航天大学,2022,天津,3,本科批A段,工科试验班类,（2）,698.0,0.0,0.0,303.0,,普通类,3_46_61429
47,北京航空航天大学,2022,天津,3,本科批A段,工科试验班类,（2）,694.0,0.0,0.0,445.0,,普通类,3_46_61429
47,北京航空航天大学,2022,天津,3,本科批A段,工科试验班类,（2）,693.0,0.0,0.0,502.0,,普通类,3_46_61429
47,北京航空航天大学,2022,天津,3,本科批A段,理科试验班类,（2）,693.0,0.0,0.0,502.0,,普通类,3_46_61429
47,北京航空航天大学,2022,天津,3,本科批A段,工科试验班类,（2）,698.0,0.0,0.0,303.0,,普通类,3_46_0
47,北京航空航天大学,2022,天津,3,本科批A段,工科试验班类,（2）,694.0,0.0,0.0,445.0,,普通类,3_46_0
47,北京航空航天大学,2022,天津,3,本科批A段,工科试验班类,（2）,693.0,0.0,0.0,502.0,,普通类,3_46_0
47,北京航空航天大学,2022,天津,3,本科批A段,理科试验班类,（2）,693.0,0.0,0.0,502.0,,普通类,3_46_0
47,北京航空航天大学,2022,天津,3,本科批A段,社会科学试验班,（1）,679.0,0.0,0.0,1417.0,10.0,普通类,3_46_0
47,北京航空航天大学,2022,天津,3,本科批A段,社会科学试验班,（1）,679.0,0.0,0.0,1417.0,10.0,普通类,3_46_61485
47,北京航空航天大学,2022,河北,2074,本科批,社会科学试验班,,625.0,0.0,0.0,517.0,15.0,普通类,2074_14_0
47,北京航空航天大学,2022,河北,2073,本科批,工科试验班类,,669.0,0.0,0.0,137.0,,普通类,2073_14_0
47,北京航空航天大学,2022,河北,2073,本科批,工科试验班类,,659.0,0.0,0.0,342.0,,普通类,2073_14_0
47,北京航空航天大学,2022,河北,2073,本科批,理科试验班类,,656.0,0.0,0.0,436.0,,普通类,2073_14_0
47,北京航空航天大学,2022,河北,2073,本科批,工科试验班类,,653.0,0.0,0.0,560.0,,普通类,2073_14_0
47,北京航空航天大学,2022,河北,2073,本科批,工科试验班类,,651.0,0.0,0.0,658.0,,普通类,2073_14_0
47,北京航空航天大学,2022,河北,2073,本科批,理科试验班类,,650.0,0.0,0.0,710.0,,普通类,2073_14_0
47,北京航空航天大学,2022,河北,2073,本科批,工科试验班类,,649.0,0.0,0.0,764.0,,普通类,2073_14_0
47,北京航空航天大学,2022,河北,2073,本科批,理科试验班类,,649.0,0.0,0.0,764.0,,普通类,2073_14_0
47,北京航空航天大学,2022,河北,2073,本科批,工科试验班类,,648.0,0.0,0.0,837.0,,普通类,2073_14_0
47,北京航空航天大学,2022,山西,2,本科一批A段,社会科学试验班,,588.0,0.0,589.0,333.0,7.0,普通类,2_51_0
47,北京航空航天大学,2022,山西,1,本科一批A段,工科试验班类,,644.0,0.0,644.0,322.0,,普通类,1_51_0
47,北京航空航天大学,2022,山西,1,本科一批A段,工科试验班类,,643.0,0.0,643.0,340.0,,普通类,1_51_0
47,北京航空航天大学,2022,山西,1,本科一批A段,理科试验班类,,642.0,0.0,642.0,358.0,,普通类,1_51_0
47,北京航空航天大学,2022,山西,1,本科一批A段,工科试验班类,,640.0,0.0,651.0,411.0,,普通类,1_51_0
47,北京航空航天大学,2022,山西,1,本科一批A段,工科试验班类,,635.0,0.0,638.0,552.0,,普通类,1_51_0
47,北京航空航天大学,2022,山西,1,本科一批A段,工科试验班类,,635.0,0.0,635.0,552.0,,普通类,1_51_0
47,北京航空航天大学,2022,山西,1,本科一批A段,理科试验班类,,633.0,0.0,635.0,606.0,,普通类,1_51_0
47,北京航空航天大学,2022,山西,1,本科一批A段,工科试验班类,,630.0,0.0,636.0,710.0,,普通类,1_51_0
47,北京航空航天大学,2022,山西,1,本科一批A段,理科试验班类,,630.0,0.0,633.0,710.0,,普通类,1_51_0
47,北京航空航天大学,2022,内蒙古,1,本科一批B段,工科试验班类,,588.0,605.0,0.0,1997.0,,普通类,1_52_0
47,北京航空航天大学,2022,内蒙古,1,本科一批B段,理科试验班类,,579.0,579.0,0.0,2639.0,,普通类,1_52_0
47,北京航空航天大学,2022,内蒙古,1,本科提前批B段,工科试验班类,,626.0,637.0,0.0,490.0,,普通类,1_37_0
47,北京航空航天大学,2022,内蒙古,1,本科提前批B段,理科试验班类,,624.0,624.0,0.0,524.0,,普通类,1_37_0
47,北京航空航天大学,2022,内蒙古,1,本科一批,工科试验班类,,655.0,655.0,0.0,,,普通类,1_7_0
47,北京航空航天大学,2022,内蒙古,1,本科一批,工科试验班类,,643.0,653.0,0.0,196.0,,普通类,1_7_0
47,北京航空航天大学,2022,内蒙古,1,本科一批,工科试验班类,,634.0,638.0,0.0,328.0,,普通类,1_7_0
47,北京航空航天大学,2022,内蒙古,1,本科一批,工科试验班类,,632.0,654.0,0.0,373.0,,普通类,1_7_0
47,北京航空航天大学,2022,内蒙古,1,本科一批,工科试验班类,,609.0,643.0,0.0,994.0,,普通类,1_7_0
47,北京航空航天大学,2022,内蒙古,1,本科一批,理科试验班类,,609.0,634.0,0.0,994.0,4.0,普通类,1_7_0
47,北京航空航天大学,2022,内蒙古,2,本科一批,社会科学试验班,,581.0,600.0,0.0,254.0,7.0,普通类,2_7_0
47,北京航空航天大学,2022,辽宁,2074,本科批,社会科学试验班,,622.0,0.0,0.0,415.0,,普通类,2074_14_0
47,北京航空航天大学,2022,辽宁,2073,本科批,工科试验班类,,669.0,0.0,0.0,302.0,,普通类,2073_14_0
47,北京航空航天大学,2022,辽宁,2073,本科批,工科试验班类,,669.0,0.0,0.0,302.0,,普通类,2073_14_0
47,北京航空航天大学,2022,辽宁,2073,本科批,理科试验班类,,665.0,0.0,0.0,445.0,,普通类,2073_14_0
47,北京航空航天大学,2022,辽宁,2073,本科批,工科试验班类,,663.0,0.0,0.0,526.0,,普通类,2073_14_0
47,北京航空航天大学,2022,辽宁,2073,本科批,工科试验班类,,662.0,0.0,0.0,569.0,,普通类,2073_14_0
47,北京航空航天大学,2022,辽宁,2073,本科批,理科试验班类,,660.0,0.0,0.0,655.0,,普通类,2073_14_0
47,北京航空航天大学,2022,辽宁,2073,本科批,理科试验班类,,660.0,0.0,0.0,655.0,,普通类,2073_14_0
47,北京航空航天大学,2022,辽宁,2073,本科批,工科试验班类,,658.0,0.0,0.0,726.0,,普通类,2073_14_0
47,北京航空航天大学,2022,辽宁,2073,本科批,工科试验班类,,656.0,0.0,0.0,833.0,,普通类,2073_14_0
47,北京航空航天大学,2022,吉林,1,本科一批A段,工科试验班类,,654.0,654.0,654.0,194.0,,普通类,1_51_0
47,北京航空航天大学,2022,吉林,1,本科一批A段,工科试验班类,,649.0,649.0,649.0,261.0,,普通类,1_51_0
47,北京航空航天大学,2022,吉林,1,本科一批A段,工科试验班类,,644.0,644.0,644.0,338.0,,普通类,1_51_0
47,北京航空航天大学,2022,吉林,1,本科一批A段,理科试验班类,,644.0,644.0,644.0,338.0,,普通类,1_51_0
47,北京航空航天大学,2022,吉林,1,本科一批A段,工科试验班类,,637.0,648.0,641.0,458.0,,普通类,1_51_0
47,北京航空航天大学,2022,吉林,1,本科一批A段,理科试验班类,,628.0,642.0,634.0,676.0,,普通类,1_51_0
47,北京航空航天大学,2022,吉林,1,本科一批A段,工科试验班类,,627.0,645.0,636.0,703.0,,普通类,1_51_0
47,北京航空航天大学,2022,吉林,1,本科一批A段,工科试验班类,,624.0,629.0,626.0,792.0,,普通类,1_51_0
47,北京航空航天大学,2022,吉林,1,本科一批A段,理科试验班类,,622.0,635.0,629.0,856.0,,普通类,1_51_0
47,北京航空航天大学,2022,吉林,1,本科一批A段,理科试验班类,,621.0,638.0,626.0,898.0,,普通类,1_51_0
47,北京航空航天大学,2022,吉林,1,本科一批A段,工科试验班类,,611.0,615.0,613.0,1266.0,,中外合作办学,1_51_0
47,北京航空航天大学,2022,吉林,2,本科一批A段,社会科学试验班,,573.0,575.0,575.0,421.0,4.0,普通类,2_51_0
47,北京航空航天大学,2022,黑龙江,1,本科一批A段,工科试验班类,,649.0,649.0,0.0,159.0,,普通类,1_51_0
47,北京航空航天大学,2022,黑龙江,1,本科一批A段,工科试验班类,,645.0,645.0,0.0,184.0,,普通类,1_51_0
47,北京航空航天大学,2022,黑龙江,1,本科一批A段,理科试验班类,,639.0,639.0,0.0,271.0,,普通类,1_51_0
47,北京航空航天大学,2022,黑龙江,1,本科一批A段,工科试验班类,,634.0,642.0,0.0,368.0,,普通类,1_51_0
47,北京航空航天大学,2022,黑龙江,1,本科一批A段,理科试验班类,,634.0,638.0,0.0,368.0,,普通类,1_51_0
47,北京航空航天大学,2022,黑龙江,1,本科一批A段,理科试验班类,,633.0,639.0,0.0,390.0,,普通类,1_51_0
47,北京航空航天大学,2022,黑龙江,1,本科一批A段,工科试验班类,,627.0,641.0,0.0,522.0,,普通类,1_51_0
47,北京航空航天大学,2022,黑龙江,1,本科一批A段,工科试验班类,,626.0,633.0,0.0,547.0,,普通类,1_51_0
47,北京航空航天大学,2022,黑龙江,1,本科一批A段,理科试验班类,,625.0,632.0,0.0,578.0,,普通类,1_51_0
47,北京航空航天大学,2022,黑龙江,1,本科一批A段,工科试验班类,,619.0,625.0,0.0,731.0,,中外合作办学,1_51_0
47,北京航空航天大学,2022,黑龙江,2,本科一批A段,社会科学试验班,,579.0,580.0,0.0,324.0,4.0,普通类,2_51_0
47,北京航空航天大学,2022,上海,3,本科批,社会科学试验班,（01）,566.0,0.0,567.0,4276.0,4.0,普通类,3_14_86892
47,北京航空航天大学,2022,上海,3,本科批,工科试验班类,（02）,580.0,0.0,584.0,2335.0,,普通类,3_14_0
47,北京航空航天大学,2022,上海,3,本科批,工科试验班类,（02）,580.0,0.0,582.0,2335.0,,普通类,3_14_0
47,北京航空航天大学,2022,上海,3,本科批,理科试验班类,（02）,580.0,0.0,582.0,2335.0,,普通类,3_14_0
47,北京航空航天大学,2022,上海,3,本科批,工科试验班类,（Q3）,579.0,0.0,580.0,2461.0,,普通类,3_14_0
47,北京航空航天大学,2022,上海,3,本科批,社会科学试验班,（01）,566.0,0.0,567.0,4276.0,4.0,普通类,3_14_0
47,北京航空航天大学,2022,上海,3,本科批,工科试验班类,（02）,580.0,0.0,584.0,2335.0,,普通类,3_14_86893
47,北京航空航天大学,2022,上海,3,本科批,工科试验班类,（02）,580.0,0.0,582.0,2335.0,,普通类,3_14_86893
47,北京航空航天大学,2022,上海,3,本科批,理科试验班类,（02）,580.0,0.0,582.0,2335.0,,普通类,3_14_86893
47,北京航空航天大学,2022,上海,3,本科批,工科试验班类,（Q3）,579.0,0.0,580.0,2461.0,,普通类,3_14_86894
47,北京航空航天大学,2022,江苏,2074,本科批,社会科学试验班,（01）,602.0,603.0,0.0,867.0,7.0,普通类,2074_14_75748
47,北京航空航天大学,2022,江苏,2074,本科批,社会科学试验班,（01）,602.0,603.0,0.0,867.0,7.0,普通类,2074_14_0
47,北京航空航天大学,2022,江苏,2073,本科批,工科试验班类,（02）,660.0,660.0,0.0,302.0,,普通类,2073_14_78043
47,北京航空航天大学,2022,江苏,2073,本科批,工科试验班类,（02）,646.0,647.0,0.0,1029.0,,普通类,2073_14_78043
47,北京航空航天大学,2022,江苏,2073,本科批,理科试验班类,（02）,637.0,639.0,0.0,1985.0,,普通类,2073_14_78043
47,北京航空航天大学,2022,江苏,2073,本科批,工科试验班类,（02）,634.0,645.0,0.0,2464.0,,普通类,2073_14_78043
47,北京航空航天大学,2022,江苏,2073,本科批,理科试验班类,（02）,634.0,637.0,0.0,2464.0,,普通类,2073_14_78043
47,北京航空航天大学,2022,江苏,2073,本科批,工科试验班类,（02）,631.0,634.0,0.0,3004.0,,普通类,2073_14_78043
47,北京航空航天大学,2022,江苏,2073,本科批,工科试验班类,（02）,631.0,644.0,0.0,3004.0,,普通类,2073_14_78043
47,北京航空航天大学,2022,江苏,2073,本科批,理科试验班类,（02）,631.0,634.0,0.0,3004.0,,普通类,2073_14_78043
47,北京航空航天大学,2022,江苏,2073,本科批,工科试验班类,（02）,660.0,660.0,0.0,302.0,,普通类,2073_14_0
47,北京航空航天大学,2022,江苏,2073,本科批,工科试验班类,（02）,646.0,647.0,0.0,1029.0,,普通类,2073_14_0
47,北京航空航天大学,2022,江苏,2073,本科批,理科试验班类,（02）,637.0,639.0,0.0,1985.0,,普通类,2073_14_0
47,北京航空航天大学,2022,江苏,2073,本科批,工科试验班类,（02）,634.0,645.0,0.0,2464.0,,普通类,2073_14_0
47,北京航空航天大学,2022,江苏,2073,本科批,理科试验班类,（02）,634.0,637.0,0.0,2464.0,,普通类,2073_14_0
47,北京航空航天大学,2022,江苏,2073,本科批,工科试验班类,（02）,631.0,634.0,0.0,3004.0,,普通类,2073_14_0
47,北京航空航天大学,2022,江苏,2073,本科批,工科试验班类,（02）,631.0,644.0,0.0,3004.0,,普通类,2073_14_0
47,北京航空航天大学,2022,江苏,2073,本科批,理科试验班类,（02）,631.0,634.0,0.0,3004.0,,普通类,2073_14_0
47,北京航空航天大学,2022,浙江,3,平行录取一段,工科试验班类,,674.0,0.0,0.0,1346.0,,普通类,3_16_0
47,北京航空航天大学,2022,浙江,3,平行录取一段,工科试验班类,,672.0,0.0,0.0,1728.0,,普通类,3_16_0
47,北京航空航天大学,2022,浙江,3,平行录取一段,理科试验班类,,671.0,0.0,0.0,1915.0,,普通类,3_16_0
47,北京航空航天大学,2022,浙江,3,平行录取一段,工科试验班类,,664.0,0.0,0.0,3305.0,,普通类,3_16_0
47,北京航空航天大学,2022,浙江,3,平行录取一段,理科试验班类,,662.0,0.0,0.0,3759.0,,普通类,3_16_0
47,北京航空航天大学,2022,浙江,3,平行录取一段,工科试验班类,,660.0,0.0,0.0,4497.0,,普通类,3_16_0
47,北京航空航天大学,2022,浙江,3,平行录取一段,社会科学试验班,,659.0,0.0,0.0,4827.0,,普通类,3_16_0
47,北京航空航天大学,2022,浙江,3,平行录取一段,理科试验班类,,659.0,0.0,0.0,4866.0,,普通类,3_16_0
47,北京航空航天大学,2022,浙江,3,平行录取一段,工科试验班类,,658.0,0.0,0.0,4963.0,,普通类,3_16_0
47,北京航空航天大学,2022,安徽,1,本科一批,工科试验班类,,668.0,0.0,668.0,400.0,,普通类,1_7_0
47,北京航空航天大学,2022,安徽,1,本科一批,工科试验班类,,668.0,0.0,668.0,400.0,,普通类,1_7_0
47,北京航空航天大学,2022,安徽,1,本科一批,工科试验班类,,665.0,0.0,665.0,498.0,,普通类,1_7_0
47,北京航空航天大学,2022,安徽,1,本科一批,理科试验班类,,665.0,0.0,665.0,498.0,,普通类,1_7_0
47,北京航空航天大学,2022,安徽,1,本科一批,理科试验班类,,661.0,0.0,661.0,668.0,,普通类,1_7_0
47,北京航空航天大学,2022,安徽,1,本科一批,工科试验班类,,657.0,0.0,659.0,878.0,,普通类,1_7_0
47,北京航空航天大学,2022,安徽,1,本科一批,理科试验班类,,657.0,0.0,659.0,878.0,,普通类,1_7_0
47,北京航空航天大学,2022,安徽,1,本科一批,理科试验班类,,656.0,0.0,657.0,926.0,,普通类,1_7_0
47,北京航空航天大学,2022,安徽,1,本科一批,工科试验班类,,655.0,0.0,656.0,986.0,,普通类,1_7_0
47,北京航空航天大学,2022,安徽,1,本科一批,工科试验班类,,655.0,0.0,656.0,986.0,,普通类,1_7_0
47,北京航空航天大学,2022,安徽,2,本科一批,社会科学试验班,,601.0,0.0,602.0,644.0,12.0,普通类,2_7_0
47,北京航空航天大学,2022,福建,2074,本科批,社会科学试验班,2303（L999）,612.0,617.0,614.0,663.0,11.0,普通类,2074_14_79284
47,北京航空航天大学,2022,福建,2074,本科批,社会科学试验班,2303（L999）,612.0,617.0,614.0,663.0,11.0,普通类,2074_14_0
47,北京航空航天大学,2022,福建,2073,本科批,工科试验班类,2303（W999）,658.0,659.0,659.0,548.0,,普通类,2073_14_80683
47,北京航空航天大学,2022,福建,2073,本科批,理科试验班类,2303（W999）,657.0,657.0,657.0,598.0,,普通类,2073_14_80683
47,北京航空航天大学,2022,福建,2073,本科批,理科试验班类,2303（W999）,656.0,657.0,657.0,646.0,,普通类,2073_14_80683
47,北京航空航天大学,2022,福建,2073,本科批,工科试验班类,2303（W999）,655.0,655.0,655.0,701.0,,普通类,2073_14_80683
47,北京航空航天大学,2022,福建,2073,本科批,工科试验班类,2303（W999）,654.0,658.0,656.0,754.0,,普通类,2073_14_80683
47,北京航空航天大学,2022,福建,2073,本科批,工科试验班类,2303（W999）,651.0,657.0,653.0,909.0,,普通类,2073_14_80683
47,北京航空航天大学,2022,福建,2073,本科批,理科试验班类,2303（W999）,651.0,652.0,652.0,909.0,,普通类,2073_14_80683
47,北京航空航天大学,2022,福建,2073,本科批,工科试验班类,2303（W999）,658.0,659.0,659.0,548.0,,普通类,2073_14_0
47,北京航空航天大学,2022,福建,2073,本科批,理科试验班类,2303（W999）,657.0,657.0,657.0,598.0,,普通类,2073_14_0
47,北京航空航天大学,2022,福建,2073,本科批,理科试验班类,2303（W999）,656.0,657.0,657.0,646.0,,普通类,2073_14_0
47,北京航空航天大学,2022,福建,2073,本科批,工科试验班类,2303（W999）,655.0,655.0,655.0,701.0,,普通类,2073_14_0
47,北京航空航天大学,2022,福建,2073,本科批,工科试验班类,2303（W999）,654.0,658.0,656.0,754.0,,普通类,2073_14_0
47,北京航空航天大学,2022,福建,2073,本科批,工科试验班类,2303（W999）,651.0,657.0,653.0,909.0,,普通类,2073_14_0
47,北京航空航天大学,2022,福建,2073,本科批,理科试验班类,2303（W999）,651.0,652.0,652.0,909.0,,普通类,2073_14_0
47,北京航空航天大学,2022,江西,2,本科一批,社会科学试验班,,600.0,607.0,0.0,635.0,10.0,普通类,2_7_0
47,北京航空航天大学,2022,江西,1,本科一批,工科试验班类,,650.0,653.0,0.0,335.0,,普通类,1_7_0
47,北京航空航天大学,2022,江西,1,本科一批,工科试验班类,,646.0,651.0,0.0,453.0,,普通类,1_7_0
47,北京航空航天大学,2022,江西,1,本科一批,工科试验班类,,640.0,649.0,0.0,656.0,,普通类,1_7_0
47,北京航空航天大学,2022,江西,1,本科一批,理科试验班类,,639.0,642.0,0.0,693.0,,普通类,1_7_0
47,北京航空航天大学,2022,江西,1,本科一批,工科试验班类,,639.0,639.0,0.0,693.0,,普通类,1_7_0
47,北京航空航天大学,2022,江西,1,本科一批,工科试验班类,,637.0,643.0,0.0,775.0,,普通类,1_7_0
47,北京航空航天大学,2022,江西,1,本科一批,理科试验班类,,637.0,641.0,0.0,775.0,,普通类,1_7_0
47,北京航空航天大学,2022,山东,3,普通类一段,工科试验班类,,660.0,0.0,0.0,519.0,,普通类,3_1570_0
47,北京航空航天大学,2022,山东,3,普通类一段,理科试验班类,,658.0,0.0,0.0,616.0,,普通类,3_1570_0
47,北京航空航天大学,2022,山东,3,普通类一段,工科试验班类,,657.0,0.0,0.0,684.0,,普通类,3_1570_0
47,北京航空航天大学,2022,山东,3,普通类一段,工科试验班类,,651.0,0.0,0.0,1101.0,,普通类,3_1570_0
47,北京航空航天大学,2022,山东,3,普通类一段,理科试验班类,,650.0,0.0,0.0,1255.0,,普通类,3_1570_0
47,北京航空航天大学,2022,山东,3,普通类一段,工科试验班类,,650.0,0.0,0.0,1194.0,,普通类,3_1570_0
47,北京航空航天大学,2022,山东,3,普通类一段,理科试验班类,,650.0,0.0,0.0,1193.0,,普通类,3_1570_0
47,北京航空航天大学,2022,山东,3,普通类一段,工科试验班类,,648.0,0.0,0.0,1371.0,,普通类,3_1570_0
47,北京航空航天大学,2022,山东,3,普通类一段,社会科学试验班,,637.0,0.0,0.0,2959.0,11.0,普通类,3_1570_0
47,北京航空航天大学,2022,河南,2,本科一批,社会科学试验班,,607.0,613.0,610.0,759.0,10.0,普通类,2_7_0
47,北京航空航天大学,2022,河南,1,本科一批,工科试验班类,,668.0,668.0,668.0,488.0,,普通类,1_7_0
47,北京航空航天大学,2022,河南,1,本科一批,理科试验班类,,666.0,666.0,666.0,574.0,,普通类,1_7_0
47,北京航空航天大学,2022,河南,1,本科一批,工科试验班类,,664.0,668.0,666.0,681.0,,普通类,1_7_0
47,北京航空航天大学,2022,河南,1,本科一批,工科试验班类,,664.0,667.0,666.0,681.0,,普通类,1_7_0
47,北京航空航天大学,2022,河南,1,本科一批,工科试验班类,,659.0,667.0,662.0,955.0,,普通类,1_7_0
47,北京航空航天大学,2022,河南,1,本科一批,理科试验班类,,658.0,662.0,659.0,1016.0,,普通类,1_7_0
47,北京航空航天大学,2022,河南,1,本科一批,工科试验班类,,655.0,662.0,658.0,1232.0,,普通类,1_7_0
47,北京航空航天大学,2022,河南,1,本科一批,理科试验班类,,655.0,658.0,656.0,1232.0,,普通类,1_7_0
47,北京航空航天大学,2022,河南,1,本科一批,工科试验班类,,655.0,657.0,656.0,1232.0,,普通类,1_7_0
47,北京航空航天大学,2022,河南,1,本科一批,理科试验班类,,655.0,657.0,656.0,1232.0,,普通类,1_7_0
47,北京航空航天大学,2022,湖北,2073,本科批,工科试验班类,（W03）,660.0,0.0,660.0,406.0,,普通类,2073_14_73241
47,北京航空航天大学,2022,湖北,2073,本科批,工科试验班类,（W03）,658.0,0.0,658.0,472.0,,普通类,2073_14_73241
47,北京航空航天大学,2022,湖北,2073,本科批,工科试验班类,（W03）,654.0,0.0,655.0,613.0,,普通类,2073_14_73241
47,北京航空航天大学,2022,湖北,2073,本科批,理科试验班类,（W03）,653.0,0.0,653.0,654.0,,普通类,2073_14_73241
47,北京航空航天大学,2022,湖北,2073,本科批,理科试验班类,（W03）,650.0,0.0,650.0,798.0,,普通类,2073_14_73241
47,北京航空航天大学,2022,湖北,2073,本科批,工科试验班类,（W03）,647.0,0.0,650.0,963.0,,普通类,2073_14_73241
47,北京航空航天大学,2022,湖北,2073,本科批,理科试验班类,（W03）,643.0,0.0,644.0,1225.0,,普通类,2073_14_73241
47,北京航空航天大学,2022,湖北,2073,本科批,工科试验班类,（W03）,642.0,0.0,645.0,1299.0,,普通类,2073_14_73241
47,北京航空航天大学,2022,湖北,2073,本科批,工科试验班类,（W03）,640.0,0.0,644.0,1464.0,,普通类,2073_14_73241
47,北京航空航天大学,2022,湖北,2073,本科批,理科试验班类,（W03）,640.0,0.0,642.0,1464.0,,普通类,2073_14_73241
47,北京航空航天大学,2022,湖北,2073,本科批,工科试验班类,（W03）,660.0,0.0,660.0,406.0,,普通类,2073_14_0
47,北京航空航天大学,2022,湖北,2073,本科批,工科试验班类,（W03）,658.0,0.0,658.0,472.0,,普通类,2073_14_0
47,北京航空航天大学,2022,湖北,2073,本科批,工科试验班类,（W03）,654.0,0.0,655.0,613.0,,普通类,2073_14_0
47,北京航空航天大学,2022,湖北,2073,本科批,理科试验班类,（W03）,653.0,0.0,653.0,654.0,,普通类,2073_14_0
47,北京航空航天大学,2022,湖北,2073,本科批,理科试验班类,（W03）,650.0,0.0,650.0,798.0,,普通类,2073_14_0
47,北京航空航天大学,2022,湖北,2073,本科批,工科试验班类,（W03）,647.0,0.0,650.0,963.0,,普通类,2073_14_0
47,北京航空航天大学,2022,湖北,2073,本科批,理科试验班类,（W03）,643.0,0.0,644.0,1225.0,,普通类,2073_14_0
47,北京航空航天大学,2022,湖北,2073,本科批,工科试验班类,（W03）,642.0,0.0,645.0,1299.0,,普通类,2073_14_0
47,北京航空航天大学,2022,湖北,2073,本科批,工科试验班类,（W03）,640.0,0.0,644.0,1464.0,,普通类,2073_14_0
47,北京航空航天大学,2022,湖北,2073,本科批,理科试验班类,（W03）,640.0,0.0,642.0,1464.0,,普通类,2073_14_0
47,北京航空航天大学,2022,湖北,2074,本科批,社会科学试验班,（L02）,606.0,0.0,607.0,957.0,,普通类,2074_14_69657
47,北京航空航天大学,2022,湖北,2074,本科批,社会科学试验班,（L02）,606.0,0.0,607.0,957.0,,普通类,2074_14_0
47,北京航空航天大学,2022,湖南,2073,本科批,工科试验班类,（005）,639.0,0.0,642.0,1253.0,,普通类,2073_14_65998
47,北京航空航天大学,2022,湖南,2073,本科批,工科试验班类,（004）,654.0,0.0,654.0,416.0,,普通类,2073_14_0
47,北京航空航天大学,2022,湖南,2073,本科批,理科试验班类,（004）,653.0,0.0,653.0,452.0,,普通类,2073_14_0
47,北京航空航天大学,2022,湖南,2073,本科批,工科试验班类,（004）,652.0,0.0,654.0,488.0,,普通类,2073_14_0
47,北京航空航天大学,2022,湖南,2073,本科批,工科试验班类,（004）,650.0,0.0,650.0,561.0,,普通类,2073_14_0
47,北京航空航天大学,2022,湖南,2073,本科批,理科试验班类,（004）,650.0,0.0,650.0,561.0,,普通类,2073_14_0
47,北京航空航天大学,2022,湖南,2073,本科批,工科试验班类,（004）,645.0,0.0,646.0,823.0,,普通类,2073_14_0
47,北京航空航天大学,2022,湖南,2073,本科批,理科试验班类,（004）,643.0,0.0,645.0,965.0,,普通类,2073_14_0
47,北京航空航天大学,2022,湖南,2073,本科批,工科试验班类,（004）,642.0,0.0,643.0,1028.0,,普通类,2073_14_0
47,北京航空航天大学,2022,湖南,2073,本科批,工科试验班类,（005）,639.0,0.0,642.0,1253.0,,普通类,2073_14_0
47,北京航空航天大学,2022,湖南,2073,本科批,理科试验班类,（004）,639.0,0.0,640.0,1253.0,,普通类,2073_14_0
47,北京航空航天大学,2022,湖南,2073,本科批,工科试验班类,（004）,654.0,0.0,654.0,416.0,,普通类,2073_14_66391
47,北京航空航天大学,2022,湖南,2073,本科批,理科试验班类,（004）,653.0,0.0,653.0,452.0,,普通类,2073_14_66391
47,北京航空航天大学,2022,湖南,2073,本科批,工科试验班类,（004）,652.0,0.0,654.0,488.0,,普通类,2073_14_66391
47,北京航空航天大学,2022,湖南,2073,本科批,工科试验班类,（004）,650.0,0.0,650.0,561.0,,普通类,2073_14_66391
47,北京航空航天大学,2022,湖南,2073,本科批,理科试验班类,（004）,650.0,0.0,650.0,561.0,,普通类,2073_14_66391
47,北京航空航天大学,2022,湖南,2073,本科批,工科试验班类,（004）,645.0,0.0,646.0,823.0,,普通类,2073_14_66391
47,北京航空航天大学,2022,湖南,2073,本科批,理科试验班类,（004）,643.0,0.0,645.0,965.0,,普通类,2073_14_66391
47,北京航空航天大学,2022,湖南,2073,本科批,工科试验班类,（004）,642.0,0.0,643.0,1028.0,,普通类,2073_14_66391
47,北京航空航天大学,2022,湖南,2073,本科批,理科试验班类,（004）,639.0,0.0,640.0,1253.0,,普通类,2073_14_66391
47,北京航空航天大学,2022,湖南,2074,本科批,社会科学试验班,（003）,608.0,0.0,609.0,614.0,,普通类,2074_14_62711
47,北京航空航天大学,2022,湖南,2074,本科批,社会科学试验班,（003）,608.0,0.0,609.0,614.0,,普通类,2074_14_0
47,北京航空航天大学,2022,广东,2073,本科提前批,飞行技术,（101）,593.0,632.0,0.0,27246.0,30.0,普通类,2073_6_57036
47,北京航空航天大学,2022,广东,2073,本科提前批,飞行技术,（101）,593.0,632.0,0.0,27246.0,30.0,普通类,2073_6_0
47,北京航空航天大学,2022,广东,2074,本科批,社会科学试验班,（201）,605.0,610.0,0.0,1264.0,6.0,普通类,2074_14_52670
47,北京航空航天大学,2022,广东,2074,本科批,社会科学试验班,（201）,605.0,610.0,0.0,1264.0,6.0,普通类,2074_14_0
47,北京航空航天大学,2022,广东,2073,本科批,工科试验班类,（203）,673.0,673.0,0.0,322.0,,普通类,2073_14_52671
47,北京航空航天大学,2022,广东,2073,本科批,工科试验班类,（203）,671.0,671.0,0.0,385.0,,普通类,2073_14_52671
47,北京航空航天大学,2022,广东,2073,本科批,理科试验班类,（203）,664.0,664.0,0.0,730.0,,普通类,2073_14_52671
47,北京航空航天大学,2022,广东,2073,本科批,工科试验班类,（203）,663.0,665.0,0.0,794.0,,普通类,2073_14_52671
47,北京航空航天大学,2022,广东,2073,本科批,理科试验班类,（203）,662.0,664.0,0.0,872.0,,普通类,2073_14_52671
47,北京航空航天大学,2022,广东,2073,本科批,工科试验班类,（203）,658.0,666.0,0.0,1223.0,,普通类,2073_14_52671
47,北京航空航天大学,2022,广东,2073,本科批,工科试验班类,（203）,658.0,661.0,0.0,1223.0,,普通类,2073_14_52671
47,北京航空航天大学,2022,广东,2073,本科批,理科试验班类,（203）,658.0,669.0,0.0,1223.0,,普通类,2073_14_52671
47,北京航空航天大学,2022,广东,2073,本科批,工科试验班类,（203）,654.0,670.0,0.0,1648.0,,普通类,2073_14_52671
47,北京航空航天大学,2022,广东,2073,本科批,理科试验班类,（203）,654.0,658.0,0.0,1648.0,,普通类,2073_14_52671
47,北京航空航天大学,2022,广东,2073,本科批,工科试验班类,（203）,673.0,673.0,0.0,322.0,,普通类,2073_14_0
47,北京航空航天大学,2022,广东,2073,本科批,工科试验班类,（203）,671.0,671.0,0.0,385.0,,普通类,2073_14_0
47,北京航空航天大学,2022,广东,2073,本科批,理科试验班类,（203）,664.0,664.0,0.0,730.0,,普通类,2073_14_0
47,北京航空航天大学,2022,广东,2073,本科批,工科试验班类,（203）,663.0,665.0,0.0,794.0,,普通类,2073_14_0
47,北京航空航天大学,2022,广东,2073,本科批,理科试验班类,（203）,662.0,664.0,0.0,872.0,,普通类,2073_14_0
47,北京航空航天大学,2022,广东,2073,本科批,工科试验班类,（203）,658.0,666.0,0.0,1223.0,,普通类,2073_14_0
47,北京航空航天大学,2022,广东,2073,本科批,工科试验班类,（203）,658.0,661.0,0.0,1223.0,,普通类,2073_14_0
47,北京航空航天大学,2022,广东,2073,本科批,理科试验班类,（203）,658.0,669.0,0.0,1223.0,,普通类,2073_14_0
47,北京航空航天大学,2022,广东,2073,本科批,工科试验班类,（203）,654.0,670.0,0.0,1648.0,,普通类,2073_14_0
47,北京航空航天大学,2022,广东,2073,本科批,理科试验班类,（203）,654.0,658.0,0.0,1648.0,,普通类,2073_14_0
47,北京航空航天大学,2022,广西,1,本科一批,工科试验班类,,666.0,669.0,0.0,190.0,,普通类,1_7_0
47,北京航空航天大学,2022,广西,1,本科一批,理科试验班类,,661.0,661.0,0.0,260.0,,普通类,1_7_0
47,北京航空航天大学,2022,广西,1,本科一批,工科试验班类,,658.0,668.0,0.0,317.0,,普通类,1_7_0
47,北京航空航天大学,2022,广西,1,本科一批,理科试验班类,,658.0,658.0,0.0,317.0,,普通类,1_7_0
47,北京航空航天大学,2022,广西,1,本科一批,工科试验班类,,655.0,661.0,0.0,380.0,,普通类,1_7_0
47,北京航空航天大学,2022,广西,2,本科一批,社会科学试验班,,628.0,643.0,0.0,370.0,7.0,普通类,2_7_0
47,北京航空航天大学,2022,海南,3,本科批,社会科学试验班,（04）,732.0,0.0,0.0,671.0,2.0,普通类,3_14_82727
47,北京航空航天大学,2022,海南,3,本科批,工科试验班类,（05）,790.0,0.0,0.0,126.0,,普通类,3_14_0
47,北京航空航天大学,2022,海南,3,本科批,理科试验班类,（05）,788.0,0.0,0.0,132.0,,普通类,3_14_0
47,北京航空航天大学,2022,海南,3,本科批,工科试验班类,（05）,786.0,0.0,0.0,140.0,,普通类,3_14_0
47,北京航空航天大学,2022,海南,3,本科批,工科试验班类,（05）,778.0,0.0,0.0,181.0,,普通类,3_14_0
47,北京航空航天大学,2022,海南,3,本科批,理科试验班类,（05）,764.0,0.0,0.0,278.0,,普通类,3_14_0
47,北京航空航天大学,2022,海南,3,本科批,理科试验班类,（05）,760.0,0.0,0.0,307.0,,普通类,3_14_0
47,北京航空航天大学,2022,海南,3,本科批,社会科学试验班,（04）,732.0,0.0,0.0,671.0,2.0,普通类,3_14_0
47,北京航空航天大学,2022,海南,3,本科批,工科试验班类,（05）,790.0,0.0,0.0,126.0,,普通类,3_14_82498
47,北京航空航天大学,2022,海南,3,本科批,理科试验班类,（05）,788.0,0.0,0.0,132.0,,普通类,3_14_82498
47,北京航空航天大学,2022,海南,3,本科批,工科试验班类,（05）,786.0,0.0,0.0,140.0,,普通类,3_14_82498
47,北京航空航天大学,2022,海南,3,本科批,工科试验班类,（05）,778.0,0.0,0.0,181.0,,普通类,3_14_82498
47,北京航空航天大学,2022,海南,3,本科批,理科试验班类,（05）,764.0,0.0,0.0,278.0,,普通类,3_14_82498
47,北京航空航天大学,2022,海南,3,本科批,理科试验班类,（05）,760.0,0.0,0.0,307.0,,普通类,3_14_82498
47,北京航空航天大学,2022,重庆,2073,本科批,工科试验班类,,661.0,0.0,0.0,254.0,,普通类,2073_14_0
47,北京航空航天大学,2022,重庆,2073,本科批,工科试验班类,,655.0,0.0,0.0,409.0,,普通类,2073_14_0
47,北京航空航天大学,2022,重庆,2073,本科批,理科试验班类,,653.0,0.0,0.0,483.0,,普通类,2073_14_0
47,北京航空航天大学,2022,重庆,2073,本科批,工科试验班类,,652.0,0.0,0.0,510.0,,普通类,2073_14_0
47,北京航空航天大学,2022,重庆,2073,本科批,工科试验班类,,652.0,0.0,0.0,510.0,,普通类,2073_14_0
47,北京航空航天大学,2022,重庆,2073,本科批,理科试验班类,,650.0,0.0,0.0,600.0,,普通类,2073_14_0
47,北京航空航天大学,2022,重庆,2073,本科批,理科试验班类,,649.0,0.0,0.0,634.0,,普通类,2073_14_0
47,北京航空航天大学,2022,重庆,2073,本科批,工科试验班类,,648.0,0.0,0.0,668.0,,普通类,2073_14_0
47,北京航空航天大学,2022,重庆,2074,本科批,社会科学试验班,,613.0,0.0,0.0,508.0,10.0,普通类,2074_14_0
47,北京航空航天大学,2022,四川,1,本科一批,工科试验班类,,685.0,686.0,686.0,206.0,,普通类,1_7_0
47,北京航空航天大学,2022,四川,1,本科一批,工科试验班类,,684.0,684.0,684.0,230.0,,普通类,1_7_0
47,北京航空航天大学,2022,四川,1,本科一批,工科试验班类,,683.0,684.0,684.0,253.0,,普通类,1_7_0
47,北京航空航天大学,2022,四川,1,本科一批,理科试验班类,,678.0,678.0,678.0,419.0,,普通类,1_7_0
47,北京航空航天大学,2022,四川,1,本科一批,工科试验班类,,670.0,677.0,672.0,838.0,,普通类,1_7_0
47,北京航空航天大学,2022,四川,1,本科一批,理科试验班类,,667.0,674.0,670.0,1075.0,,普通类,1_7_0
47,北京航空航天大学,2022,四川,1,本科一批,理科试验班类,,666.0,673.0,670.0,1158.0,,普通类,1_7_0
47,北京航空航天大学,2022,四川,1,本科一批,工科试验班类,,665.0,678.0,669.0,1236.0,,普通类,1_7_0
47,北京航空航天大学,2022,四川,1,本科一批,理科试验班类,,665.0,669.0,667.0,1236.0,,普通类,1_7_0
47,北京航空航天大学,2022,四川,1,本科一批,工科试验班类,,665.0,667.0,666.0,1236.0,,普通类,1_7_0
47,北京航空航天大学,2022,四川,2,本科一批,社会科学试验班,,615.0,619.0,617.0,713.0,,普通类,2_7_0
47,北京航空航天大学,2022,贵州,1,本科一批,理科试验班类,,641.0,642.0,0.0,278.0,,普通类,1_7_0
47,北京航空航天大学,2022,贵州,1,本科一批,工科试验班类,,639.0,647.0,0.0,339.0,,普通类,1_7_0
47,北京航空航天大学,2022,贵州,1,本科一批,工科试验班类,,630.0,639.0,0.0,572.0,,普通类,1_7_0
47,北京航空航天大学,2022,贵州,1,本科一批,工科试验班类,,630.0,636.0,0.0,588.0,,普通类,1_7_0
47,北京航空航天大学,2022,贵州,1,本科一批,工科试验班类,,630.0,637.0,0.0,564.0,,普通类,1_7_0
47,北京航空航天大学,2022,贵州,1,本科一批,理科试验班类,,630.0,637.0,0.0,574.0,,普通类,1_7_0
47,北京航空航天大学,2022,贵州,1,本科一批,工科试验班类,,624.0,628.0,0.0,798.0,,普通类,1_7_0
47,北京航空航天大学,2022,贵州,1,本科一批,理科试验班类,,621.0,622.0,0.0,935.0,,普通类,1_7_0
47,北京航空航天大学,2022,云南,1,本科一批,工科试验班类,,681.0,0.0,0.0,252.0,,普通类,1_7_0
47,北京航空航天大学,2022,云南,1,本科一批,工科试验班类,,675.0,0.0,0.0,382.0,,普通类,1_7_0
47,北京航空航天大学,2022,云南,1,本科一批,理科试验班类,,673.0,0.0,0.0,438.0,,普通类,1_7_0
47,北京航空航天大学,2022,云南,1,本科一批,工科试验班类,,673.0,0.0,0.0,438.0,,普通类,1_7_0
47,北京航空航天大学,2022,云南,1,本科一批,工科试验班类,,672.0,0.0,0.0,465.0,,普通类,1_7_0
47,北京航空航天大学,2022,云南,1,本科一批,工科试验班类,,672.0,0.0,0.0,465.0,,普通类,1_7_0
47,北京航空航天大学,2022,云南,1,本科一批,工科试验班类,,664.0,0.0,0.0,740.0,,普通类,1_7_0
47,北京航空航天大学,2022,云南,1,本科一批,理科试验班类,,664.0,0.0,0.0,740.0,,普通类,1_7_0
47,北京航空航天大学,2022,陕西,1,本科一批,工科试验班类,,669.0,669.0,669.0,253.0,,普通类,1_7_0
47,北京航空航天大学,2022,陕西,1,本科一批,工科试验班类,,662.0,663.0,663.0,389.0,,普通类,1_7_0
47,北京航空航天大学,2022,陕西,1,本科一批,理科试验班类,,662.0,662.0,662.0,407.0,,普通类,1_7_0
47,北京航空航天大学,2022,陕西,1,本科一批,工科试验班类,,661.0,661.0,661.0,413.0,,普通类,1_7_0
47,北京航空航天大学,2022,陕西,1,本科一批,理科试验班类,,661.0,661.0,661.0,424.0,,普通类,1_7_0
47,北京航空航天大学,2022,陕西,1,本科一批,工科试验班类,,656.0,664.0,659.0,525.0,,普通类,1_7_0
47,北京航空航天大学,2022,陕西,1,本科一批,理科试验班类,,655.0,661.0,657.0,596.0,,普通类,1_7_0
47,北京航空航天大学,2022,陕西,1,本科一批,工科试验班类,,652.0,658.0,655.0,661.0,,普通类,1_7_0
47,北京航空航天大学,2022,陕西,1,本科一批,工科试验班类,,652.0,654.0,653.0,668.0,,普通类,1_7_0
47,北京航空航天大学,2022,陕西,1,本科一批,理科试验班类,,651.0,653.0,652.0,708.0,,普通类,1_7_0
47,北京航空航天大学,2022,陕西,2,本科一批,社会科学试验班,,594.0,608.0,602.0,582.0,9.0,普通类,2_7_0
47,北京航空航天大学,2022,陕西,1,国家专项计划本科批,工科试验班类,,636.0,646.0,640.0,1305.0,,普通类,1_12_0
47,北京航空航天大学,2022,陕西,1,国家专项计划本科批,理科试验班类,,635.0,647.0,639.0,1391.0,,普通类,1_12_0
47,北京航空航天大学,2022,甘肃,2,本科一批I段,社会科学试验班,,575.0,584.0,578.0,270.0,6.0,普通类,2_111_0
47,北京航空航天大学,2022,甘肃,1,本科一批I段,工科试验班类,,627.0,627.0,627.0,192.0,,普通类,1_111_0
47,北京航空航天大学,2022,甘肃,1,本科一批I段,工科试验班类,,627.0,627.0,627.0,192.0,,普通类,1_111_0
47,北京航空航天大学,2022,甘肃,1,本科一批I段,理科试验班类,,618.0,624.0,621.0,307.0,,普通类,1_111_0
47,北京航空航天大学,2022,甘肃,1,本科一批I段,工科试验班类,,615.0,623.0,619.0,364.0,,普通类,1_111_0
47,北京航空航天大学,2022,甘肃,1,本科一批I段,工科试验班类,,615.0,615.0,615.0,364.0,,普通类,1_111_0
47,北京航空航天大学,2022,甘肃,1,本科一批I段,工科试验班类,,613.0,624.0,617.0,402.0,,普通类,1_111_0
47,北京航空航天大学,2022,甘肃,1,本科一批I段,理科试验班类,,609.0,614.0,611.0,480.0,,普通类,1_111_0
47,北京航空航天大学,2022,甘肃,1,本科一批I段,工科试验班类,,584.0,611.0,596.0,1406.0,,普通类,1_111_0
47,北京航空航天大学,2022,甘肃,1,本科一批I段,理科试验班类,,582.0,582.0,582.0,1533.0,,普通类,1_111_0
47,北京航空航天大学,2022,宁夏,1,本科一批,工科试验班类,,601.0,0.0,601.0,,,普通类,1_7_0
47,北京航空航天大学,2022,宁夏,1,本科一批,工科试验班类,,599.0,0.0,602.0,144.0,,普通类,1_7_0
47,北京航空航天大学,2022,宁夏,2,本科一批,社会科学试验班,,578.0,0.0,581.0,141.0,,普通类,2_7_0
47,北京航空航天大学,2022,新疆,1,本科一批,工科试验班类,,626.0,626.0,0.0,,,普通类,1_7_0
47,北京航空航天大学,2022,新疆,1,本科一批,理科试验班类,,610.0,610.0,0.0,,,普通类,1_7_0
47,北京航空航天大学,2022,新疆,1,本科一批,工科试验班类,,603.0,618.0,0.0,,,普通类,1_7_0
47,北京航空航天大学,2022,新疆,1,本科一批,理科试验班类,,603.0,603.0,0.0,,,普通类,1_7_0
47,北京航空航天大学,2022,新疆,1,本科一批,工科试验班类,,602.0,604.0,0.0,,,普通类,1_7_0
47,北京航空航天大学,2022,新疆,1,本科一批,工科试验班类,,601.0,610.0,0.0,,,普通类,1_7_0
47,北京航空航天大学,2022,新疆,1,本科一批,理科试验班类,,600.0,603.0,0.0,,,普通类,1_7_0
47,北京航空航天大学,2022,新疆,1,本科一批,工科试验班类,,598.0,604.0,0.0,,,普通类,1_7_0
47,北京航空航天大学,2023,北京,3,本科批,工科试验班类,（03）,640.0,0.0,0.0,3925.0,,中外合作办学,3_14_109079
47,北京航空航天大学,2023,北京,3,本科批,工科试验班类,（02）,670.0,0.0,0.0,1066.0,,普通类,3_14_0
47,北京航空航天大学,2023,北京,3,本科批,工科试验班类,（02）,670.0,0.0,0.0,1066.0,,普通类,3_14_0
47,北京航空航天大学,2023,北京,3,本科批,工科试验班类,（02）,670.0,0.0,0.0,1066.0,,普通类,3_14_0
47,北京航空航天大学,2023,北京,3,本科批,理科试验班类,（02）,670.0,0.0,0.0,1066.0,,普通类,3_14_0
47,北京航空航天大学,2023,北京,3,本科批,理科试验班类,（02）,670.0,0.0,0.0,1066.0,,普通类,3_14_0
47,北京航空航天大学,2023,北京,3,本科批,工科试验班类,（02）,660.0,0.0,0.0,1836.0,,普通类,3_14_0
47,北京航空航天大学,2023,北京,3,本科批,工科试验班类,（02）,660.0,0.0,0.0,1836.0,,普通类,3_14_0
47,北京航空航天大学,2023,北京,3,本科批,工科试验班类,（02）,660.0,0.0,0.0,1836.0,,普通类,3_14_0
47,北京航空航天大学,2023,北京,3,本科批,理科试验班类,（02）,660.0,0.0,0.0,1836.0,,普通类,3_14_0
47,北京航空航天大学,2023,北京,3,本科批,理科试验班类,（02）,660.0,0.0,0.0,1836.0,,普通类,3_14_0
47,北京航空航天大学,2023,北京,3,本科批,社会科学试验班,（01）,650.0,0.0,0.0,2754.0,,普通类,3_14_0
47,北京航空航天大学,2023,北京,3,本科批,工科试验班类,（03）,640.0,0.0,0.0,3925.0,,中外合作办学,3_14_0
47,北京航空航天大学,2023,北京,3,本科批,社会科学试验班,（01）,650.0,0.0,0.0,2754.0,,普通类,3_14_109081
47,北京航空航天大学,2023,北京,3,本科批,工科试验班类,（02）,670.0,0.0,0.0,1066.0,,普通类,3_14_109080
47,北京航空航天大学,2023,北京,3,本科批,工科试验班类,（02）,670.0,0.0,0.0,1066.0,,普通类,3_14_109080
47,北京航空航天大学,2023,北京,3,本科批,工科试验班类,（02）,670.0,0.0,0.0,1066.0,,普通类,3_14_109080
47,北京航空航天大学,2023,北京,3,本科批,理科试验班类,（02）,670.0,0.0,0.0,1066.0,,普通类,3_14_109080
47,北京航空航天大学,2023,北京,3,本科批,理科试验班类,（02）,670.0,0.0,0.0,1066.0,,普通类,3_14_109080
47,北京航空航天大学,2023,北京,3,本科批,工科试验班类,（02）,660.0,0.0,0.0,1836.0,,普通类,3_14_109080
47,北京航空航天大学,2023,北京,3,本科批,工科试验班类,（02）,660.0,0.0,0.0,1836.0,,普通类,3_14_109080
47,北京航空航天大学,2023,北京,3,本科批,工科试验班类,（02）,660.0,0.0,0.0,1836.0,,普通类,3_14_109080
47,北京航空航天大学,2023,北京,3,本科批,理科试验班类,（02）,660.0,0.0,0.0,1836.0,,普通类,3_14_109080
47,北京航空航天大学,2023,北京,3,本科批,理科试验班类,（02）,660.0,0.0,0.0,1836.0,,普通类,3_14_109080
47,北京航空航天大学,2023,天津,3,本科批A段,工科试验班类,（4）,667.0,0.0,0.0,1681.0,,中外合作办学,3_46_129422
47,北京航空航天大学,2023,天津,3,本科批A段,工科试验班类,（1）,691.0,0.0,0.0,,,普通类,3_46_0
47,北京航空航天大学,2023,天津,3,本科批A段,工科试验班类,（1）,687.0,0.0,0.0,,,普通类,3_46_0
47,北京航空航天大学,2023,天津,3,本科批A段,理科试验班类,（1）,686.0,0.0,0.0,,,普通类,3_46_0
47,北京航空航天大学,2023,天津,3,本科批A段,工科试验班类,（1）,685.0,0.0,0.0,,,普通类,3_46_0
47,北京航空航天大学,2023,天津,3,本科批A段,理科试验班类,（1）,685.0,0.0,0.0,,,普通类,3_46_0
47,北京航空航天大学,2023,天津,3,本科批A段,社会科学试验班,（2）,671.0,0.0,0.0,1356.0,10.0,普通类,3_46_0
47,北京航空航天大学,2023,天津,3,本科批A段,工科试验班类,（4）,667.0,0.0,0.0,1681.0,,中外合作办学,3_46_0
47,北京航空航天大学,2023,天津,3,本科批A段,社会科学试验班,（2）,671.0,0.0,0.0,1356.0,10.0,普通类,3_46_130457
47,北京航空航天大学,2023,天津,3,本科批A段,工科试验班类,（1）,691.0,0.0,0.0,,,普通类,3_46_131177
47,北京航空航天大学,2023,天津,3,本科批A段,工科试验班类,（1）,687.0,0.0,0.0,,,普通类,3_46_131177
47,北京航空航天大学,2023,天津,3,本科批A段,理科试验班类,（1）,686.0,0.0,0.0,,,普通类,3_46_131177
47,北京航空航天大学,2023,天津,3,本科批A段,工科试验班类,（1）,685.0,0.0,0.0,,,普通类,3_46_131177
47,北京航空航天大学,2023,天津,3,本科批A段,理科试验班类,（1）,685.0,0.0,0.0,,,普通类,3_46_131177
47,北京航空航天大学,2023,河北,2073,本科批,工科试验班类,,685.0,0.0,0.0,85.0,,普通类,2073_14_0
47,北京航空航天大学,2023,河北,2073,本科批,工科试验班类,,675.0,0.0,0.0,294.0,,普通类,2073_14_0
47,北京航空航天大学,2023,河北,2073,本科批,理科试验班类,,672.0,0.0,0.0,384.0,,普通类,2073_14_0
47,北京航空航天大学,2023,河北,2073,本科批,工科试验班类,,668.0,0.0,0.0,548.0,,普通类,2073_14_0
47,北京航空航天大学,2023,河北,2073,本科批,工科试验班类,,666.0,0.0,0.0,666.0,,普通类,2073_14_0
47,北京航空航天大学,2023,河北,2073,本科批,理科试验班类,,666.0,0.0,0.0,666.0,,普通类,2073_14_0
47,北京航空航天大学,2023,河北,2073,本科批,理科试验班类,,665.0,0.0,0.0,725.0,,普通类,2073_14_0
47,北京航空航天大学,2023,河北,2073,本科批,工科试验班类,,664.0,0.0,0.0,785.0,,普通类,2073_14_0
47,北京航空航天大学,2023,河北,2073,本科批,工科试验班类,,661.0,0.0,0.0,969.0,,普通类,2073_14_0
47,北京航空航天大学,2023,河北,2073,本科批,工科试验班类,,628.0,0.0,0.0,5897.0,,中外合作办学,2073_14_0
47,北京航空航天大学,2023,河北,2074,本科批,社会科学试验班,,636.0,0.0,0.0,475.0,,普通类,2074_14_0
47,北京航空航天大学,2023,河北,2073,本科提前批B段,工科试验班类,,655.0,0.0,0.0,1463.0,6.0,普通类,2073_37_0
47,北京航空航天大学,2023,河北,2073,本科提前批B段,理科试验班类,,653.0,0.0,0.0,1660.0,5.0,普通类,2073_37_0
47,北京航空航天大学,2023,河北,2074,本科提前批B段,设计学类,,638.0,0.0,0.0,410.0,,普通类,2074_37_0
47,北京航空航天大学,2023,河北,2073,本科提前批A段,飞行技术,,527.0,590.0,559.0,69642.0,18.0,普通类,2073_36_0
47,北京航空航天大学,2023,山西,2,本科一批A段,社会科学试验班,,581.0,0.0,0.0,390.0,8.0,普通类,2_51_0
47,北京航空航天大学,2023,山西,1,本科一批A1段,工科试验班类,,591.0,0.0,0.0,6076.0,5.0,中外合作办学,1_98_0
47,北京航空航天大学,2023,山西,1,本科一批A段,工科试验班类,,662.0,0.0,0.0,228.0,,普通类,1_51_0
47,北京航空航天大学,2023,山西,1,本科一批A段,工科试验班类,,656.0,0.0,0.0,369.0,,普通类,1_51_0
47,北京航空航天大学,2023,山西,1,本科一批A段,理科试验班类,,656.0,0.0,0.0,369.0,,普通类,1_51_0
47,北京航空航天大学,2023,山西,1,本科一批A段,工科试验班类,,653.0,0.0,0.0,442.0,,普通类,1_51_0
47,北京航空航天大学,2023,山西,1,本科一批A段,工科试验班类,,651.0,0.0,0.0,504.0,,普通类,1_51_0
47,北京航空航天大学,2023,山西,1,本科一批A段,工科试验班类,,650.0,0.0,0.0,543.0,,普通类,1_51_0
47,北京航空航天大学,2023,山西,1,本科一批A段,理科试验班类,,649.0,0.0,0.0,574.0,,普通类,1_51_0
47,北京航空航天大学,2023,山西,1,本科一批A段,理科试验班类,,648.0,0.0,0.0,607.0,,普通类,1_51_0
47,北京航空航天大学,2023,山西,1,本科一批A段,工科试验班类,,647.0,0.0,0.0,646.0,,普通类,1_51_0
47,北京航空航天大学,2023,山西,1,本科一批A段,理科试验班类,,647.0,0.0,0.0,646.0,,普通类,1_51_0
47,北京航空航天大学,2023,内蒙古,1,本科提前批B段,工科试验班类,,624.0,641.0,0.0,761.0,,普通类,1_37_0
47,北京航空航天大学,2023,内蒙古,1,本科提前批B段,理科试验班类,,624.0,624.0,0.0,761.0,,普通类,1_37_0
47,北京航空航天大学,2023,内蒙古,2,本科一批,社会科学试验班,,578.0,595.0,0.0,404.0,7.0,普通类,2_7_0
47,北京航空航天大学,2023,内蒙古,1,本科一批,工科试验班类,,656.0,664.0,0.0,168.0,,普通类,1_7_0
47,北京航空航天大学,2023,内蒙古,1,本科一批,工科试验班类,,652.0,652.0,0.0,203.0,,普通类,1_7_0
47,北京航空航天大学,2023,内蒙古,1,本科一批,工科试验班类,,645.0,652.0,0.0,312.0,,普通类,1_7_0
47,北京航空航天大学,2023,内蒙古,1,本科一批,工科试验班类,,639.0,649.0,0.0,417.0,,普通类,1_7_0
47,北京航空航天大学,2023,内蒙古,1,本科一批,理科试验班类,,637.0,644.0,0.0,454.0,3.0,普通类,1_7_0
47,北京航空航天大学,2023,内蒙古,1,本科一批,工科试验班类,,636.0,652.0,0.0,483.0,,普通类,1_7_0
47,北京航空航天大学,2023,内蒙古,1,本科一批,工科试验班类,,605.0,620.0,0.0,1465.0,,中外合作办学,1_7_0
47,北京航空航天大学,2023,内蒙古,1,本科一批B段,理科试验班类,,628.0,628.0,0.0,662.0,,普通类,1_52_0
47,北京航空航天大学,2023,内蒙古,1,本科一批B段,工科试验班类,,606.0,621.0,0.0,1406.0,,普通类,1_52_0
47,北京航空航天大学,2023,辽宁,2074,本科批,社会科学试验班,,630.0,0.0,0.0,373.0,,普通类,2074_14_0
47,北京航空航天大学,2023,辽宁,2073,本科批,工科试验班类,,687.0,0.0,0.0,281.0,,普通类,2073_14_0
47,北京航空航天大学,2023,辽宁,2073,本科批,工科试验班类,,686.0,0.0,0.0,303.0,,普通类,2073_14_0
47,北京航空航天大学,2023,辽宁,2073,本科批,理科试验班类,,685.0,0.0,0.0,328.0,,普通类,2073_14_0
47,北京航空航天大学,2023,辽宁,2073,本科批,工科试验班类,,678.0,0.0,0.0,577.0,,普通类,2073_14_0
47,北京航空航天大学,2023,辽宁,2073,本科批,理科试验班类,,678.0,0.0,0.0,577.0,,普通类,2073_14_0
47,北京航空航天大学,2023,辽宁,2073,本科批,理科试验班类,,676.0,0.0,0.0,671.0,,普通类,2073_14_0
47,北京航空航天大学,2023,辽宁,2073,本科批,工科试验班类,,673.0,0.0,0.0,837.0,,普通类,2073_14_0
47,北京航空航天大学,2023,辽宁,2073,本科批,工科试验班类,,667.0,0.0,0.0,1159.0,,中外合作办学,2073_14_0
47,北京航空航天大学,2023,吉林,2,本科一批A段,社会科学试验班,,573.0,579.0,0.0,356.0,5.0,普通类,2_51_0
47,北京航空航天大学,2023,吉林,1,本科一批A段,工科试验班类,,659.0,659.0,0.0,198.0,,普通类,1_51_0
47,北京航空航天大学,2023,吉林,1,本科一批A段,理科试验班类,,655.0,655.0,0.0,256.0,,普通类,1_51_0
47,北京航空航天大学,2023,吉林,1,本科一批A段,工科试验班类,,652.0,652.0,0.0,295.0,,普通类,1_51_0
47,北京航空航天大学,2023,吉林,1,本科一批A段,工科试验班类,,646.0,646.0,0.0,420.0,,普通类,1_51_0
47,北京航空航天大学,2023,吉林,1,本科一批A段,工科试验班类,,643.0,654.0,0.0,490.0,,普通类,1_51_0
47,北京航空航天大学,2023,吉林,1,本科一批A段,理科试验班类,,641.0,643.0,0.0,546.0,,普通类,1_51_0
47,北京航空航天大学,2023,吉林,1,本科一批A段,理科试验班类,,639.0,650.0,0.0,586.0,,普通类,1_51_0
47,北京航空航天大学,2023,吉林,1,本科一批A段,工科试验班类,,635.0,652.0,0.0,729.0,,普通类,1_51_0
47,北京航空航天大学,2023,吉林,1,本科一批A段,理科试验班类,,635.0,647.0,0.0,729.0,,普通类,1_51_0
47,北京航空航天大学,2023,吉林,1,本科一批A段,工科试验班类,,620.0,633.0,0.0,1267.0,,中外合作办学,1_51_0
47,北京航空航天大学,2023,黑龙江,2,本科一批A段,社会科学试验班,,560.0,570.0,0.0,303.0,,普通类,2_51_0
47,北京航空航天大学,2023,黑龙江,1,本科一批A段,工科试验班类,,659.0,659.0,0.0,222.0,,普通类,1_51_0
47,北京航空航天大学,2023,黑龙江,1,本科一批A段,工科试验班类,,658.0,658.0,0.0,241.0,,普通类,1_51_0
47,北京航空航天大学,2023,黑龙江,1,本科一批A段,理科试验班类,,655.0,655.0,0.0,291.0,,普通类,1_51_0
47,北京航空航天大学,2023,黑龙江,1,本科一批A段,工科试验班类,,646.0,656.0,0.0,486.0,,普通类,1_51_0
47,北京航空航天大学,2023,黑龙江,1,本科一批A段,理科试验班类,,643.0,643.0,0.0,572.0,,普通类,1_51_0
47,北京航空航天大学,2023,黑龙江,1,本科一批A段,工科试验班类,,638.0,643.0,0.0,747.0,,普通类,1_51_0
47,北京航空航天大学,2023,黑龙江,1,本科一批A段,理科试验班类,,633.0,652.0,0.0,931.0,,普通类,1_51_0
47,北京航空航天大学,2023,黑龙江,1,本科一批A段,工科试验班类,,629.0,641.0,0.0,1089.0,,中外合作办学,1_51_0
47,北京航空航天大学,2023,黑龙江,1,本科一批A段,工科试验班类,,626.0,658.0,0.0,1203.0,,普通类,1_51_0
47,北京航空航天大学,2023,黑龙江,1,本科一批A段,理科试验班类,,623.0,651.0,0.0,1336.0,,普通类,1_51_0
47,北京航空航天大学,2023,黑龙江,1,本科一批A段,工科试验班类,,617.0,619.0,0.0,1649.0,,中外合作办学,1_51_0
47,北京航空航天大学,2023,上海,3,本科批,社会科学试验班,（01）,570.0,0.0,571.0,3914.0,4.0,普通类,3_14_107601
47,北京航空航天大学,2023,上海,3,本科批,工科试验班类,（02）,580.0,0.0,588.0,2393.0,,普通类,3_14_0
47,北京航空航天大学,2023,上海,3,本科批,工科试验班类,（03）,580.0,0.0,583.0,2393.0,,普通类,3_14_0
47,北京航空航天大学,2023,上海,3,本科批,理科试验班类,（02）,580.0,0.0,583.0,2393.0,,普通类,3_14_0
47,北京航空航天大学,2023,上海,3,本科批,工科试验班类,（02）,580.0,0.0,582.0,2393.0,,普通类,3_14_0
47,北京航空航天大学,2023,上海,3,本科批,理科试验班类,（02）,580.0,0.0,582.0,2393.0,,普通类,3_14_0
47,北京航空航天大学,2023,上海,3,本科批,工科试验班类,（04）,571.0,0.0,572.0,3741.0,,中外合作办学,3_14_0
47,北京航空航天大学,2023,上海,3,本科批,社会科学试验班,（01）,570.0,0.0,571.0,3914.0,4.0,普通类,3_14_0
47,北京航空航天大学,2023,上海,3,本科批,工科试验班类,（02）,580.0,0.0,588.0,2393.0,,普通类,3_14_107600
47,北京航空航天大学,2023,上海,3,本科批,理科试验班类,（02）,580.0,0.0,583.0,2393.0,,普通类,3_14_107600
47,北京航空航天大学,2023,上海,3,本科批,工科试验班类,（02）,580.0,0.0,582.0,2393.0,,普通类,3_14_107600
47,北京航空航天大学,2023,上海,3,本科批,理科试验班类,（02）,580.0,0.0,582.0,2393.0,,普通类,3_14_107600
47,北京航空航天大学,2023,上海,3,本科批,工科试验班类,（03）,580.0,0.0,583.0,2393.0,,普通类,3_14_107599
47,北京航空航天大学,2023,上海,3,本科批,工科试验班类,（04）,571.0,0.0,572.0,3741.0,,中外合作办学,3_14_107598
47,北京航空航天大学,2023,江苏,2074,本科批,社会科学试验班,（01）,629.0,632.0,0.0,959.0,6.0,普通类,2074_14_114524
47,北京航空航天大学,2023,江苏,2074,本科批,社会科学试验班,（01）,629.0,632.0,0.0,959.0,6.0,普通类,2074_14_0
47,北京航空航天大学,2023,江苏,2073,本科批,工科试验班类,（02）,670.0,670.0,0.0,1162.0,,普通类,2073_14_114523
47,北京航空航天大学,2023,江苏,2073,本科批,工科试验班类,（02）,669.0,670.0,0.0,1291.0,,普通类,2073_14_114523
47,北京航空航天大学,2023,江苏,2073,本科批,理科试验班类,（02）,664.0,667.0,0.0,2019.0,,普通类,2073_14_114523
47,北京航空航天大学,2023,江苏,2073,本科批,理科试验班类,（02）,664.0,668.0,0.0,2019.0,,普通类,2073_14_114523
47,北京航空航天大学,2023,江苏,2073,本科批,工科试验班类,（02）,663.0,667.0,0.0,2183.0,,普通类,2073_14_114523
47,北京航空航天大学,2023,江苏,2073,本科批,工科试验班类,（02）,663.0,668.0,0.0,2183.0,,普通类,2073_14_114523
47,北京航空航天大学,2023,江苏,2073,本科批,工科试验班类,（02）,660.0,667.0,0.0,2754.0,,普通类,2073_14_114523
47,北京航空航天大学,2023,江苏,2073,本科批,理科试验班类,（02）,659.0,663.0,0.0,2949.0,,普通类,2073_14_114523
47,北京航空航天大学,2023,江苏,2073,本科批,工科试验班类,（02）,670.0,670.0,0.0,1162.0,,普通类,2073_14_0
47,北京航空航天大学,2023,江苏,2073,本科批,工科试验班类,（02）,669.0,670.0,0.0,1291.0,,普通类,2073_14_0
47,北京航空航天大学,2023,江苏,2073,本科批,理科试验班类,（02）,664.0,667.0,0.0,2019.0,,普通类,2073_14_0
47,北京航空航天大学,2023,江苏,2073,本科批,理科试验班类,（02）,664.0,668.0,0.0,2019.0,,普通类,2073_14_0
47,北京航空航天大学,2023,江苏,2073,本科批,工科试验班类,（02）,663.0,667.0,0.0,2183.0,,普通类,2073_14_0
47,北京航空航天大学,2023,江苏,2073,本科批,工科试验班类,（02）,663.0,668.0,0.0,2183.0,,普通类,2073_14_0
47,北京航空航天大学,2023,江苏,2073,本科批,工科试验班类,（02）,660.0,667.0,0.0,2754.0,,普通类,2073_14_0
47,北京航空航天大学,2023,江苏,2073,本科批,理科试验班类,（02）,659.0,663.0,0.0,2949.0,,普通类,2073_14_0
47,北京航空航天大学,2023,江苏,2073,本科批,工科试验班类,（03）,649.0,655.0,0.0,5542.0,,中外合作办学,2073_14_0
47,北京航空航天大学,2023,江苏,2073,本科批,工科试验班类,（03）,649.0,655.0,0.0,5542.0,,中外合作办学,2073_14_114522
47,北京航空航天大学,2023,浙江,3,平行录取一段,工科试验班类,,686.0,0.0,0.0,1102.0,,普通类,3_16_0
47,北京航空航天大学,2023,浙江,3,平行录取一段,工科试验班类,,684.0,0.0,0.0,1387.0,,普通类,3_16_0
47,北京航空航天大学,2023,浙江,3,平行录取一段,理科试验班类,,684.0,0.0,0.0,1517.0,,普通类,3_16_0
47,北京航空航天大学,2023,浙江,3,平行录取一段,工科试验班类,,677.0,0.0,0.0,2831.0,,普通类,3_16_0
47,北京航空航天大学,2023,浙江,3,平行录取一段,工科试验班类,,676.0,0.0,0.0,3046.0,,普通类,3_16_0
47,北京航空航天大学,2023,浙江,3,平行录取一段,理科试验班类,,675.0,0.0,0.0,3241.0,,普通类,3_16_0
47,北京航空航天大学,2023,浙江,3,平行录取一段,工科试验班类,,671.0,0.0,0.0,4394.0,,普通类,3_16_0
47,北京航空航天大学,2023,浙江,3,平行录取一段,理科试验班类,,671.0,0.0,0.0,4162.0,,普通类,3_16_0
47,北京航空航天大学,2023,浙江,3,平行录取一段,社会科学试验班,,665.0,0.0,0.0,6252.0,,普通类,3_16_0
47,北京航空航天大学,2023,浙江,3,平行录取一段,工科试验班类,,657.0,0.0,0.0,9139.0,,中外合作办学,3_16_0
47,北京航空航天大学,2023,安徽,2,本科一批,社会科学试验班,,615.0,618.0,616.0,617.0,12.0,普通类,2_7_0
47,北京航空航天大学,2023,安徽,1,本科一批,工科试验班类,,671.0,671.0,671.0,618.0,,普通类,1_7_0
47,北京航空航天大学,2023,安徽,1,本科一批,工科试验班类,,670.0,670.0,670.0,695.0,,普通类,1_7_0
47,北京航空航天大学,2023,安徽,1,本科一批,工科试验班类,,669.0,669.0,669.0,752.0,,普通类,1_7_0
47,北京航空航天大学,2023,安徽,1,本科一批,理科试验班类,,669.0,669.0,669.0,752.0,,普通类,1_7_0
47,北京航空航天大学,2023,安徽,1,本科一批,工科试验班类,,666.0,670.0,668.0,954.0,,普通类,1_7_0
47,北京航空航天大学,2023,安徽,1,本科一批,理科试验班类,,665.0,667.0,666.0,1036.0,,普通类,1_7_0
47,北京航空航天大学,2023,安徽,1,本科一批,理科试验班类,,664.0,667.0,666.0,1116.0,,普通类,1_7_0
47,北京航空航天大学,2023,安徽,1,本科一批,理科试验班类,,661.0,667.0,663.0,1398.0,,普通类,1_7_0
47,北京航空航天大学,2023,安徽,1,本科一批,工科试验班类,,659.0,667.0,663.0,1595.0,,普通类,1_7_0
47,北京航空航天大学,2023,安徽,1,本科一批,工科试验班类,,658.0,669.0,663.0,1695.0,,普通类,1_7_0
47,北京航空航天大学,2023,安徽,1,本科一批,工科试验班类,,641.0,647.0,644.0,4097.0,,中外合作办学,1_7_0
47,北京航空航天大学,2023,福建,2074,本科批,社会科学试验班,2306（L999）,625.0,631.0,627.0,599.0,10.0,普通类,2074_14_119549
47,北京航空航天大学,2023,福建,2074,本科批,社会科学试验班,2306（L999）,625.0,631.0,627.0,599.0,10.0,普通类,2074_14_0
47,北京航空航天大学,2023,福建,2073,本科批,工科试验班类,2306（W999）,673.0,673.0,673.0,461.0,,普通类,2073_14_119550
47,北京航空航天大学,2023,福建,2073,本科批,理科试验班类,2306（W999）,672.0,672.0,672.0,505.0,,普通类,2073_14_119550
47,北京航空航天大学,2023,福建,2073,本科批,理科试验班类,2306（W999）,670.0,671.0,671.0,581.0,,普通类,2073_14_119550
47,北京航空航天大学,2023,福建,2073,本科批,工科试验班类,2306（W999）,668.0,671.0,669.0,672.0,,普通类,2073_14_119550
47,北京航空航天大学,2023,福建,2073,本科批,工科试验班类,2306（W999）,667.0,669.0,668.0,726.0,,普通类,2073_14_119550
47,北京航空航天大学,2023,福建,2073,本科批,理科试验班类,2306（W999）,666.0,671.0,669.0,777.0,,普通类,2073_14_119550
47,北京航空航天大学,2023,福建,2073,本科批,工科试验班类,2306（W999）,666.0,672.0,668.0,777.0,,普通类,2073_14_119550
47,北京航空航天大学,2023,福建,2073,本科批,工科试验班类,2306（W999）,673.0,673.0,673.0,461.0,,普通类,2073_14_0
47,北京航空航天大学,2023,福建,2073,本科批,理科试验班类,2306（W999）,672.0,672.0,672.0,505.0,,普通类,2073_14_0
47,北京航空航天大学,2023,福建,2073,本科批,理科试验班类,2306（W999）,670.0,671.0,671.0,581.0,,普通类,2073_14_0
47,北京航空航天大学,2023,福建,2073,本科批,工科试验班类,2306（W999）,668.0,671.0,669.0,672.0,,普通类,2073_14_0
47,北京航空航天大学,2023,福建,2073,本科批,工科试验班类,2306（W999）,667.0,669.0,668.0,726.0,,普通类,2073_14_0
47,北京航空航天大学,2023,福建,2073,本科批,理科试验班类,2306（W999）,666.0,671.0,669.0,777.0,,普通类,2073_14_0
47,北京航空航天大学,2023,福建,2073,本科批,工科试验班类,2306（W999）,666.0,672.0,668.0,777.0,,普通类,2073_14_0
47,北京航空航天大学,2023,福建,2073,本科批,工科试验班类,2307（W999）,639.0,646.0,642.0,3389.0,,中外合作办学,2073_14_0
47,北京航空航天大学,2023,福建,2073,本科批,工科试验班类,2307（W999）,639.0,646.0,642.0,3389.0,,中外合作办学,2073_14_119548
47,北京航空航天大学,2023,江西,1,本科一批,工科试验班类,,672.0,0.0,0.0,296.0,,普通类,1_7_0
47,北京航空航天大学,2023,江西,1,本科一批,工科试验班类,,666.0,0.0,0.0,436.0,,普通类,1_7_0
47,北京航空航天大学,2023,江西,1,本科一批,理科试验班类,,663.0,0.0,0.0,557.0,,普通类,1_7_0
47,北京航空航天大学,2023,江西,1,本科一批,工科试验班类,,662.0,0.0,0.0,596.0,,普通类,1_7_0
47,北京航空航天大学,2023,江西,1,本科一批,工科试验班类,,662.0,0.0,0.0,618.0,,普通类,1_7_0
47,北京航空航天大学,2023,江西,1,本科一批,工科试验班类,,661.0,0.0,0.0,638.0,,普通类,1_7_0
47,北京航空航天大学,2023,江西,1,本科一批,理科试验班类,,661.0,0.0,0.0,628.0,,普通类,1_7_0
47,北京航空航天大学,2023,江西,1,本科一批,工科试验班类,,629.0,0.0,0.0,3326.0,,中外合作办学,1_7_0
47,北京航空航天大学,2023,江西,1,国家专项计划本科批,工科试验班类,,647.0,0.0,0.0,1518.0,,普通类,1_12_0
47,北京航空航天大学,2023,江西,1,国家专项计划本科批,理科试验班类,,647.0,0.0,0.0,1535.0,,普通类,1_12_0
47,北京航空航天大学,2023,江西,2,本科一批,社会科学试验班,,620.0,0.0,0.0,538.0,10.0,普通类,2_7_0
47,北京航空航天大学,2023,山东,3,普通类一段,工科试验班类,,681.0,0.0,0.0,438.0,,普通类,3_1570_0
47,北京航空航天大学,2023,山东,3,普通类一段,理科试验班类,,680.0,0.0,0.0,454.0,,普通类,3_1570_0
47,北京航空航天大学,2023,山东,3,普通类一段,工科试验班类,,677.0,0.0,0.0,621.0,,普通类,3_1570_0
47,北京航空航天大学,2023,山东,3,普通类一段,工科试验班类,,671.0,0.0,0.0,1106.0,,普通类,3_1570_0
47,北京航空航天大学,2023,山东,3,普通类一段,工科试验班类,,671.0,0.0,0.0,1115.0,,普通类,3_1570_0
47,北京航空航天大学,2023,山东,3,普通类一段,理科试验班类,,670.0,0.0,0.0,1205.0,,普通类,3_1570_0
47,北京航空航天大学,2023,山东,3,普通类一段,理科试验班类,,668.0,0.0,0.0,1335.0,,普通类,3_1570_0
47,北京航空航天大学,2023,山东,3,普通类一段,工科试验班类,,667.0,0.0,0.0,1441.0,,普通类,3_1570_0
47,北京航空航天大学,2023,山东,3,普通类一段,社会科学试验班,,650.0,0.0,0.0,4052.0,11.0,普通类,3_1570_0
47,北京航空航天大学,2023,山东,3,普通类一段,工科试验班类,,643.0,0.0,0.0,5702.0,,中外合作办学,3_1570_0
47,北京航空航天大学,2023,河南,2,本科一批,社会科学试验班,,639.0,645.0,642.0,700.0,10.0,普通类,2_7_0
47,北京航空航天大学,2023,河南,1,本科一批,工科试验班类,,682.0,682.0,682.0,481.0,,普通类,1_7_0
47,北京航空航天大学,2023,河南,1,本科一批,工科试验班类,,681.0,686.0,684.0,518.0,,普通类,1_7_0
47,北京航空航天大学,2023,河南,1,本科一批,工科试验班类,,677.0,681.0,678.0,682.0,,普通类,1_7_0
47,北京航空航天大学,2023,河南,1,本科一批,理科试验班类,,677.0,677.0,677.0,682.0,,普通类,1_7_0
47,北京航空航天大学,2023,河南,1,本科一批,工科试验班类,,672.0,680.0,674.0,969.0,,普通类,1_7_0
47,北京航空航天大学,2023,河南,1,本科一批,理科试验班类,,669.0,672.0,671.0,1165.0,,普通类,1_7_0
47,北京航空航天大学,2023,河南,1,本科一批,理科试验班类,,669.0,669.0,669.0,1165.0,,普通类,1_7_0
47,北京航空航天大学,2023,河南,1,本科一批,工科试验班类,,667.0,680.0,670.0,1319.0,,普通类,1_7_0
47,北京航空航天大学,2023,河南,1,本科一批,工科试验班类,,667.0,681.0,670.0,1319.0,,普通类,1_7_0
47,北京航空航天大学,2023,河南,1,本科一批,理科试验班类,,667.0,673.0,668.0,1319.0,,普通类,1_7_0
47,北京航空航天大学,2023,河南,1,本科一批,工科试验班类,,636.0,648.0,640.0,6059.0,,中外合作办学,1_7_0
47,北京航空航天大学,2023,湖北,2074,本科批,社会科学试验班,(02),618.0,0.0,621.0,951.0,9.0,普通类,2074_14_94782
47,北京航空航天大学,2023,湖北,2074,本科批,社会科学试验班,(02),618.0,0.0,621.0,951.0,9.0,普通类,2074_14_0
47,北京航空航天大学,2023,湖北,2073,本科批,工科试验班类,(04),641.0,0.0,647.0,5367.0,,中外合作办学,2073_14_94780
47,北京航空航天大学,2023,湖北,2073,本科批,工科试验班类,(04),641.0,0.0,647.0,5367.0,,中外合作办学,2073_14_0
47,北京航空航天大学,2023,广东,2074,本科批,社会科学试验班,（201）,626.0,632.0,0.0,1041.0,7.0,普通类,2074_14_95750
47,北京航空航天大学,2023,广东,2074,本科批,社会科学试验班,（201）,626.0,632.0,0.0,1041.0,7.0,普通类,2074_14_0
47,北京航空航天大学,2023,广东,2073,本科批,工科试验班类,（202）,682.0,682.0,0.0,362.0,,普通类,2073_14_97263
47,北京航空航天大学,2023,广东,2073,本科批,理科试验班类,（202）,680.0,680.0,0.0,452.0,,普通类,2073_14_97263
47,北京航空航天大学,2023,广东,2073,本科批,工科试验班类,（202）,675.0,679.0,0.0,707.0,,普通类,2073_14_97263
47,北京航空航天大学,2023,广东,2073,本科批,工科试验班类,（202）,674.0,674.0,0.0,781.0,,普通类,2073_14_97263
47,北京航空航天大学,2023,广东,2073,本科批,理科试验班类,（202）,673.0,674.0,0.0,836.0,,普通类,2073_14_97263
47,北京航空航天大学,2023,广东,2073,本科批,工科试验班类,（202）,670.0,673.0,0.0,1067.0,,普通类,2073_14_97263
47,北京航空航天大学,2023,广东,2073,本科批,工科试验班类,（202）,670.0,674.0,0.0,1067.0,,普通类,2073_14_97263
47,北京航空航天大学,2023,广东,2073,本科批,理科试验班类,（202）,670.0,673.0,0.0,1067.0,,普通类,2073_14_97263
47,北京航空航天大学,2023,广东,2073,本科批,理科试验班类,（202）,668.0,671.0,0.0,1242.0,,普通类,2073_14_97263
47,北京航空航天大学,2023,广东,2073,本科批,工科试验班类,（202）,666.0,673.0,0.0,1465.0,,普通类,2073_14_97263
47,北京航空航天大学,2023,广东,2073,本科批,工科试验班类,（202）,682.0,682.0,0.0,362.0,,普通类,2073_14_0
47,北京航空航天大学,2023,广东,2073,本科批,理科试验班类,（202）,680.0,680.0,0.0,452.0,,普通类,2073_14_0
47,北京航空航天大学,2023,广东,2073,本科批,工科试验班类,（202）,675.0,679.0,0.0,707.0,,普通类,2073_14_0
47,北京航空航天大学,2023,广东,2073,本科批,工科试验班类,（202）,674.0,674.0,0.0,781.0,,普通类,2073_14_0
47,北京航空航天大学,2023,广东,2073,本科批,理科试验班类,（202）,673.0,674.0,0.0,836.0,,普通类,2073_14_0
47,北京航空航天大学,2023,广东,2073,本科批,工科试验班类,（202）,670.0,673.0,0.0,1067.0,,普通类,2073_14_0
47,北京航空航天大学,2023,广东,2073,本科批,工科试验班类,（202）,670.0,674.0,0.0,1067.0,,普通类,2073_14_0
47,北京航空航天大学,2023,广东,2073,本科批,理科试验班类,（202）,670.0,673.0,0.0,1067.0,,普通类,2073_14_0
47,北京航空航天大学,2023,广东,2073,本科批,理科试验班类,（202）,668.0,671.0,0.0,1242.0,,普通类,2073_14_0
47,北京航空航天大学,2023,广东,2073,本科批,工科试验班类,（202）,666.0,673.0,0.0,1465.0,,普通类,2073_14_0
47,北京航空航天大学,2023,广东,2073,本科批,工科试验班类,（204）,649.0,657.0,0.0,4334.0,,中外合作办学,2073_14_0
47,北京航空航天大学,2023,广东,2073,本科批,工科试验班类,（204）,649.0,657.0,0.0,4334.0,,中外合作办学,2073_14_97264
47,北京航空航天大学,2023,广西,1,本科一批,工科试验班类,,677.0,684.0,681.0,168.0,2.0,普通类,1_7_0
47,北京航空航天大学,2023,广西,1,本科一批,理科试验班类,,677.0,677.0,677.0,168.0,1.0,普通类,1_7_0
47,北京航空航天大学,2023,广西,1,本科一批,理科试验班类,,674.0,674.0,674.0,225.0,1.0,普通类,1_7_0
47,北京航空航天大学,2023,广西,1,本科一批,工科试验班类,,668.0,671.0,670.0,340.0,2.0,普通类,1_7_0
47,北京航空航天大学,2023,广西,1,本科一批,工科试验班类,,665.0,677.0,669.0,431.0,11.0,普通类,1_7_0
47,北京航空航天大学,2023,广西,1,本科一批,理科试验班类,,665.0,665.0,665.0,431.0,1.0,普通类,1_7_0
47,北京航空航天大学,2023,广西,1,本科一批,工科试验班类,,663.0,681.0,668.0,481.0,13.0,普通类,1_7_0
47,北京航空航天大学,2023,广西,2,本科一批,社会科学试验班,,632.0,635.0,634.0,344.0,6.0,普通类,2_7_0
47,北京航空航天大学,2023,海南,3,本科批,社会科学试验班,（02）,742.0,0.0,0.0,569.0,,普通类,3_14_120221
47,北京航空航天大学,2023,海南,3,本科批,工科试验班类,（03）,798.0,0.0,0.0,106.0,,普通类,3_14_0
47,北京航空航天大学,2023,海南,3,本科批,工科试验班类,（03）,788.0,0.0,0.0,144.0,,普通类,3_14_0
47,北京航空航天大学,2023,海南,3,本科批,工科试验班类,（03）,779.0,0.0,0.0,193.0,,普通类,3_14_0
47,北京航空航天大学,2023,海南,3,本科批,理科试验班类,（03）,775.0,0.0,0.0,222.0,,普通类,3_14_0
47,北京航空航天大学,2023,海南,3,本科批,理科试验班类,（03）,757.0,0.0,0.0,371.0,,普通类,3_14_0
47,北京航空航天大学,2023,海南,3,本科批,社会科学试验班,（02）,742.0,0.0,0.0,569.0,,普通类,3_14_0
47,北京航空航天大学,2023,海南,3,本科批,工科试验班类,（80）,730.0,0.0,0.0,781.0,,中外合作办学,3_14_0
47,北京航空航天大学,2023,海南,3,本科批,工科试验班类,（03）,798.0,0.0,0.0,106.0,,普通类,3_14_120222
47,北京航空航天大学,2023,海南,3,本科批,工科试验班类,（03）,788.0,0.0,0.0,144.0,,普通类,3_14_120222
47,北京航空航天大学,2023,海南,3,本科批,工科试验班类,（03）,779.0,0.0,0.0,193.0,,普通类,3_14_120222
47,北京航空航天大学,2023,海南,3,本科批,理科试验班类,（03）,775.0,0.0,0.0,222.0,,普通类,3_14_120222
47,北京航空航天大学,2023,海南,3,本科批,理科试验班类,（03）,757.0,0.0,0.0,371.0,,普通类,3_14_120222
47,北京航空航天大学,2023,海南,3,本科批,工科试验班类,（80）,730.0,0.0,0.0,781.0,,中外合作办学,3_14_120223
47,北京航空航天大学,2023,重庆,2073,本科批,工科试验班类,,670.0,0.0,0.0,284.0,,普通类,2073_14_0
47,北京航空航天大学,2023,重庆,2073,本科批,工科试验班类,,667.0,0.0,0.0,362.0,,普通类,2073_14_0
47,北京航空航天大学,2023,重庆,2073,本科批,理科试验班类,,667.0,0.0,0.0,362.0,,普通类,2073_14_0
47,北京航空航天大学,2023,重庆,2073,本科批,工科试验班类,,661.0,0.0,0.0,547.0,,普通类,2073_14_0
47,北京航空航天大学,2023,重庆,2073,本科批,工科试验班类,,661.0,0.0,0.0,547.0,,普通类,2073_14_0
47,北京航空航天大学,2023,重庆,2073,本科批,理科试验班类,,661.0,0.0,0.0,547.0,,普通类,2073_14_0
47,北京航空航天大学,2023,重庆,2073,本科批,工科试验班类,,658.0,0.0,0.0,662.0,,普通类,2073_14_0
47,北京航空航天大学,2023,重庆,2073,本科批,工科试验班类,,633.0,0.0,0.0,2255.0,,中外合作办学,2073_14_0
47,北京航空航天大学,2023,重庆,2074,本科批,社会科学试验班,,612.0,0.0,0.0,578.0,,普通类,2074_14_0
47,北京航空航天大学,2023,重庆,2073,本科提前批B段,工科试验班类,,647.0,0.0,0.0,1230.0,,普通类,2073_37_0
47,北京航空航天大学,2023,重庆,2073,本科提前批B段,理科试验班类,,646.0,0.0,0.0,1283.0,,普通类,2073_37_0
47,北京航空航天大学,2023,四川,2,本科一批,社会科学试验班,,606.0,610.0,608.0,752.0,10.0,普通类,2_7_0
47,北京航空航天大学,2023,四川,1,本科一批,工科试验班类,,688.0,688.0,688.0,250.0,,普通类,1_7_0
47,北京航空航天大学,2023,四川,1,本科一批,工科试验班类,,687.0,695.0,691.0,279.0,,普通类,1_7_0
47,北京航空航天大学,2023,四川,1,本科一批,理科试验班类,,683.0,683.0,683.0,467.0,,普通类,1_7_0
47,北京航空航天大学,2023,四川,1,本科一批,工科试验班类,,682.0,682.0,682.0,508.0,,普通类,1_7_0
47,北京航空航天大学,2023,四川,1,本科一批,工科试验班类,,676.0,683.0,679.0,866.0,,普通类,1_7_0
47,北京航空航天大学,2023,四川,1,本科一批,理科试验班类,,675.0,682.0,678.0,946.0,,普通类,1_7_0
47,北京航空航天大学,2023,四川,1,本科一批,理科试验班类,,675.0,678.0,677.0,946.0,,普通类,1_7_0
47,北京航空航天大学,2023,四川,1,本科一批,工科试验班类,,674.0,679.0,676.0,1027.0,,普通类,1_7_0
47,北京航空航天大学,2023,四川,1,本科一批,工科试验班类,,674.0,681.0,676.0,1027.0,,普通类,1_7_0
47,北京航空航天大学,2023,四川,1,本科一批,理科试验班类,,674.0,676.0,674.0,1027.0,,普通类,1_7_0
47,北京航空航天大学,2023,四川,1,本科一批,工科试验班类,,655.0,663.0,658.0,3522.0,,中外合作办学,1_7_0
47,北京航空航天大学,2023,贵州,1,本科一批,工科试验班类,,663.0,673.0,0.0,305.0,,普通类,1_7_0
47,北京航空航天大学,2023,贵州,1,本科一批,理科试验班类,,663.0,663.0,0.0,305.0,,普通类,1_7_0
47,北京航空航天大学,2023,贵州,1,本科一批,理科试验班类,,657.0,658.0,0.0,460.0,,普通类,1_7_0
47,北京航空航天大学,2023,贵州,1,本科一批,工科试验班类,,655.0,663.0,0.0,531.0,,普通类,1_7_0
47,北京航空航天大学,2023,贵州,1,本科一批,工科试验班类,,652.0,655.0,0.0,604.0,,普通类,1_7_0
47,北京航空航天大学,2023,贵州,1,本科一批,理科试验班类,,652.0,661.0,0.0,604.0,,普通类,1_7_0
47,北京航空航天大学,2023,贵州,1,本科一批,工科试验班类,,651.0,662.0,0.0,630.0,,普通类,1_7_0
47,北京航空航天大学,2023,贵州,1,本科一批,理科试验班类,,644.0,645.0,0.0,864.0,,普通类,1_7_0
47,北京航空航天大学,2023,贵州,1,本科一批,工科试验班类,,641.0,652.0,0.0,990.0,,普通类,1_7_0
47,北京航空航天大学,2023,贵州,1,本科一批,工科试验班类,,624.0,644.0,0.0,1914.0,,中外合作办学,1_7_0
47,北京航空航天大学,2023,云南,1,本科一批,工科试验班类,,674.0,674.0,0.0,208.0,,普通类,1_7_0
47,北京航空航天大学,2023,云南,1,本科一批,工科试验班类,,667.0,682.0,0.0,307.0,,普通类,1_7_0
47,北京航空航天大学,2023,云南,1,本科一批,工科试验班类,,665.0,675.0,0.0,345.0,,普通类,1_7_0
47,北京航空航天大学,2023,云南,1,本科一批,工科试验班类,,662.0,666.0,0.0,415.0,,普通类,1_7_0
47,北京航空航天大学,2023,云南,1,本科一批,理科试验班类,,661.0,661.0,0.0,435.0,,普通类,1_7_0
47,北京航空航天大学,2023,云南,1,本科一批,理科试验班类,,661.0,661.0,0.0,435.0,,普通类,1_7_0
47,北京航空航天大学,2023,云南,1,本科一批,工科试验班类,,658.0,666.0,0.0,516.0,,普通类,1_7_0
47,北京航空航天大学,2023,云南,1,本科一批,工科试验班类,,652.0,658.0,0.0,718.0,,普通类,1_7_0
47,北京航空航天大学,2023,云南,1,本科一批,理科试验班类,,651.0,652.0,0.0,762.0,,普通类,1_7_0
47,北京航空航天大学,2023,陕西,2,本科一批,社会科学试验班,,618.0,622.0,619.0,431.0,9.0,普通类,2_7_0
47,北京航空航天大学,2023,陕西,1,本科一批,工科试验班类,,682.0,682.0,682.0,286.0,,普通类,1_7_0
47,北京航空航天大学,2023,陕西,1,本科一批,工科试验班类,,681.0,694.0,688.0,312.0,,普通类,1_7_0
47,北京航空航天大学,2023,陕西,1,本科一批,工科试验班类,,681.0,681.0,681.0,312.0,,普通类,1_7_0
47,北京航空航天大学,2023,陕西,1,本科一批,理科试验班类,,681.0,681.0,681.0,312.0,,普通类,1_7_0
47,北京航空航天大学,2023,陕西,1,本科一批,理科试验班类,,678.0,679.0,678.0,378.0,,普通类,1_7_0
47,北京航空航天大学,2023,陕西,1,本科一批,工科试验班类,,673.0,681.0,675.0,511.0,,普通类,1_7_0
47,北京航空航天大学,2023,陕西,1,本科一批,理科试验班类,,672.0,677.0,675.0,540.0,,普通类,1_7_0
47,北京航空航天大学,2023,陕西,1,本科一批,工科试验班类,,672.0,680.0,674.0,540.0,,普通类,1_7_0
47,北京航空航天大学,2023,陕西,1,本科一批,工科试验班类,,670.0,680.0,672.0,601.0,,普通类,1_7_0
47,北京航空航天大学,2023,陕西,1,本科一批,理科试验班类,,668.0,672.0,669.0,658.0,,普通类,1_7_0
47,北京航空航天大学,2023,陕西,1,本科一批,工科试验班类,,649.0,660.0,651.0,1423.0,,中外合作办学,1_7_0
47,北京航空航天大学,2023,甘肃,2,本科一批I段,社会科学试验班,,591.0,606.0,595.0,262.0,9.0,普通类,2_111_0
47,北京航空航天大学,2023,甘肃,1,本科一批I段,工科试验班类,,643.0,643.0,643.0,163.0,,普通类,1_111_0
47,北京航空航天大学,2023,甘肃,1,本科一批I段,工科试验班类,,640.0,640.0,640.0,191.0,,普通类,1_111_0
47,北京航空航天大学,2023,甘肃,1,本科一批I段,理科试验班类,,627.0,627.0,627.0,374.0,,普通类,1_111_0
47,北京航空航天大学,2023,甘肃,1,本科一批I段,工科试验班类,,625.0,630.0,627.0,412.0,,普通类,1_111_0
47,北京航空航天大学,2023,甘肃,1,本科一批I段,工科试验班类,,622.0,634.0,626.0,462.0,,普通类,1_111_0
47,北京航空航天大学,2023,甘肃,1,本科一批I段,工科试验班类,,621.0,627.0,625.0,481.0,,普通类,1_111_0
47,北京航空航天大学,2023,甘肃,1,本科一批I段,理科试验班类,,621.0,625.0,623.0,481.0,,普通类,1_111_0
47,北京航空航天大学,2023,甘肃,1,本科一批I段,理科试验班类,,614.0,621.0,618.0,654.0,,普通类,1_111_0
47,北京航空航天大学,2023,青海,2,本科一段,社会科学试验班,,555.0,0.0,0.0,107.0,2.0,普通类,2_1564_0
47,北京航空航天大学,2023,青海,1,本科一段,工科试验班类,,603.0,0.0,0.0,75.0,,普通类,1_1564_0
47,北京航空航天大学,2023,青海,1,本科一段,工科试验班类,,592.0,0.0,0.0,115.0,,普通类,1_1564_0
47,北京航空航天大学,2023,青海,1,本科一段,工科试验班类,,584.0,0.0,0.0,152.0,,普通类,1_1564_0
47,北京航空航天大学,2023,新疆,1,本科一批,工科试验班类,,638.0,638.0,0.0,,1.0,普通类,1_7_0
47,北京航空航天大学,2023,新疆,1,本科一批,工科试验班类,,628.0,638.0,0.0,,14.0,普通类,1_7_0
47,北京航空航天大学,2023,新疆,1,本科一批,理科试验班类,,628.0,633.0,0.0,,2.0,普通类,1_7_0
47,北京航空航天大学,2023,新疆,1,本科一批,理科试验班类,,627.0,627.0,0.0,,1.0,普通类,1_7_0
47,北京航空航天大学,2023,新疆,1,本科一批,工科试验班类,,625.0,630.0,0.0,,2.0,普通类,1_7_0
47,北京航空航天大学,2023,新疆,1,本科一批,工科试验班类,,622.0,636.0,0.0,,14.0,普通类,1_7_0
47,北京航空航天大学,2023,新疆,1,本科一批,理科试验班类,,620.0,632.0,0.0,,9.0,普通类,1_7_0
47,北京航空航天大学,2023,新疆,1,本科一批,工科试验班类,,617.0,620.0,0.0,,3.0,普通类,1_7_0
47,北京航空航天大学,2024,北京,3,本科批,社会科学试验班,（01）,651.0,0.0,0.0,3065.0,33.0,普通类,3_14_175095
47,北京航空航天大学,2024,北京,3,本科批,计算机科学与技术,（02）,667.0,0.0,0.0,1617.0,3.0,普通类,3_14_0
47,北京航空航天大学,2024,北京,3,本科批,飞行器动力工程,（02）,667.0,0.0,0.0,1617.0,4.0,普通类,3_14_0
47,北京航空航天大学,2024,北京,3,本科批,工科试验班类,（02）,667.0,0.0,0.0,1617.0,5.0,普通类,3_14_0
47,北京航空航天大学,2024,北京,3,本科批,工科试验班类,（02）,667.0,0.0,0.0,1617.0,7.0,普通类,3_14_0
47,北京航空航天大学,2024,北京,3,本科批,工科试验班类,（02）,667.0,0.0,0.0,1617.0,70.0,普通类,3_14_0
47,北京航空航天大学,2024,北京,3,本科批,工科试验班类,（02）,667.0,0.0,0.0,1617.0,74.0,普通类,3_14_0
47,北京航空航天大学,2024,北京,3,本科批,理科试验班类,（02）,667.0,0.0,0.0,1617.0,10.0,普通类,3_14_0
47,北京航空航天大学,2024,北京,3,本科批,理科试验班类,（02）,667.0,0.0,0.0,1617.0,20.0,普通类,3_14_0
47,北京航空航天大学,2024,北京,3,本科批,物理学,（02）,667.0,0.0,0.0,1617.0,3.0,普通类,3_14_0
47,北京航空航天大学,2024,北京,3,本科批,微电子科学与工程,（02）,667.0,0.0,0.0,1617.0,4.0,普通类,3_14_0
47,北京航空航天大学,2024,北京,3,本科批,网络空间安全,（02）,667.0,0.0,0.0,1617.0,4.0,普通类,3_14_0
47,北京航空航天大学,2024,北京,3,本科批,社会科学试验班,（01）,651.0,0.0,0.0,3065.0,33.0,普通类,3_14_0
47,北京航空航天大学,2024,北京,3,本科批,工科试验班类,（03）,646.0,0.0,0.0,3611.0,14.0,普通类,3_14_0
47,北京航空航天大学,2024,北京,3,本科批,计算机科学与技术,（02）,667.0,0.0,0.0,1617.0,3.0,普通类,3_14_174519
47,北京航空航天大学,2024,北京,3,本科批,飞行器动力工程,（02）,667.0,0.0,0.0,1617.0,4.0,普通类,3_14_174519
47,北京航空航天大学,2024,北京,3,本科批,工科试验班类,（02）,667.0,0.0,0.0,1617.0,5.0,普通类,3_14_174519
47,北京航空航天大学,2024,北京,3,本科批,工科试验班类,（02）,667.0,0.0,0.0,1617.0,7.0,普通类,3_14_174519
47,北京航空航天大学,2024,北京,3,本科批,工科试验班类,（02）,667.0,0.0,0.0,1617.0,70.0,普通类,3_14_174519
47,北京航空航天大学,2024,北京,3,本科批,工科试验班类,（02）,667.0,0.0,0.0,1617.0,74.0,普通类,3_14_174519
47,北京航空航天大学,2024,北京,3,本科批,理科试验班类,（02）,667.0,0.0,0.0,1617.0,10.0,普通类,3_14_174519
47,北京航空航天大学,2024,北京,3,本科批,理科试验班类,（02）,667.0,0.0,0.0,1617.0,20.0,普通类,3_14_174519
47,北京航空航天大学,2024,北京,3,本科批,物理学,（02）,667.0,0.0,0.0,1617.0,3.0,普通类,3_14_174519
47,北京航空航天大学,2024,北京,3,本科批,微电子科学与工程,（02）,667.0,0.0,0.0,1617.0,4.0,普通类,3_14_174519
47,北京航空航天大学,2024,北京,3,本科批,网络空间安全,（02）,667.0,0.0,0.0,1617.0,4.0,普通类,3_14_174519
47,北京航空航天大学,2024,北京,3,本科批,工科试验班类,（03）,646.0,0.0,0.0,3611.0,14.0,普通类,3_14_174172
47,北京航空航天大学,2024,天津,3,本科批A段,工科试验班类,（02）,684.0,0.0,0.0,,8.0,普通类,3_46_147656
47,北京航空航天大学,2024,天津,3,本科批A段,网络空间安全,（02）,683.0,0.0,0.0,,4.0,普通类,3_46_147656
47,北京航空航天大学,2024,天津,3,本科批A段,微电子科学与工程,（02）,682.0,0.0,0.0,,4.0,普通类,3_46_147656
47,北京航空航天大学,2024,天津,3,本科批A段,理科试验班类,（02）,681.0,0.0,0.0,,1.0,普通类,3_46_147656
47,北京航空航天大学,2024,天津,3,本科批A段,工程力学,（02）,680.0,0.0,0.0,389.0,3.0,普通类,3_46_147656
47,北京航空航天大学,2024,天津,3,本科批A段,工科试验班类,（02）,677.0,0.0,0.0,506.0,5.0,普通类,3_46_147656
47,北京航空航天大学,2024,天津,3,本科批A段,工科试验班类,（02）,677.0,0.0,0.0,506.0,48.0,普通类,3_46_147656
47,北京航空航天大学,2024,天津,3,本科批A段,工科试验班类,（02）,684.0,0.0,0.0,,8.0,普通类,3_46_0
47,北京航空航天大学,2024,天津,3,本科批A段,网络空间安全,（02）,683.0,0.0,0.0,,4.0,普通类,3_46_0
47,北京航空航天大学,2024,天津,3,本科批A段,微电子科学与工程,（02）,682.0,0.0,0.0,,4.0,普通类,3_46_0
47,北京航空航天大学,2024,天津,3,本科批A段,理科试验班类,（02）,681.0,0.0,0.0,,1.0,普通类,3_46_0
47,北京航空航天大学,2024,天津,3,本科批A段,工程力学,（02）,680.0,0.0,0.0,389.0,3.0,普通类,3_46_0
47,北京航空航天大学,2024,天津,3,本科批A段,工科试验班类,（02）,677.0,0.0,0.0,506.0,5.0,普通类,3_46_0
47,北京航空航天大学,2024,天津,3,本科批A段,工科试验班类,（02）,677.0,0.0,0.0,506.0,48.0,普通类,3_46_0
47,北京航空航天大学,2024,天津,3,本科批A段,工科试验班类,（05）,661.0,0.0,0.0,1489.0,2.0,联合培养,3_46_0
47,北京航空航天大学,2024,天津,3,本科批A段,社会科学试验班,（03）,656.0,0.0,0.0,1937.0,10.0,普通类,3_46_0
47,北京航空航天大学,2024,天津,3,本科批A段,工科试验班类,（05）,661.0,0.0,0.0,1489.0,2.0,联合培养,3_46_146454
47,北京航空航天大学,2024,天津,3,本科批A段,社会科学试验班,（03）,656.0,0.0,0.0,1937.0,10.0,普通类,3_46_147053
47,北京航空航天大学,2024,河北,2073,本科批,工科试验班类,,672.0,0.0,0.0,256.0,,普通类,2073_14_0
47,北京航空航天大学,2024,河北,2073,本科批,计算机科学与技术,,671.0,0.0,0.0,291.0,,普通类,2073_14_0
47,北京航空航天大学,2024,河北,2073,本科批,物理学,,669.0,0.0,0.0,341.0,,普通类,2073_14_0
47,北京航空航天大学,2024,河北,2073,本科批,微电子科学与工程,,669.0,0.0,0.0,341.0,,普通类,2073_14_0
47,北京航空航天大学,2024,河北,2073,本科批,人工智能,,669.0,0.0,0.0,341.0,,普通类,2073_14_0
47,北京航空航天大学,2024,河北,2073,本科批,飞行器动力工程,,668.0,0.0,0.0,370.0,,普通类,2073_14_0
47,北京航空航天大学,2024,河北,2073,本科批,数学与应用数学,,667.0,0.0,0.0,396.0,,普通类,2073_14_0
47,北京航空航天大学,2024,河北,2073,本科批,工程力学,,667.0,0.0,0.0,396.0,,普通类,2073_14_0
47,北京航空航天大学,2024,河北,2073,本科批,工科试验班类,,661.0,0.0,0.0,660.0,,普通类,2073_14_0
47,北京航空航天大学,2024,河北,2073,本科批,工科试验班类,,660.0,0.0,0.0,720.0,,普通类,2073_14_0
47,北京航空航天大学,2024,河北,2073,本科批,理科试验班类,,660.0,0.0,0.0,720.0,,普通类,2073_14_0
47,北京航空航天大学,2024,河北,2073,本科批,理科试验班类,,660.0,0.0,0.0,720.0,,普通类,2073_14_0
47,北京航空航天大学,2024,河北,2073,本科批,工科试验班类,,658.0,0.0,0.0,853.0,,普通类,2073_14_0
47,北京航空航天大学,2024,河北,2073,本科批,飞行器动力工程,,644.0,0.0,0.0,2192.0,,普通类,2073_14_0
47,北京航空航天大学,2024,河北,2073,本科批,工科试验班类,,635.0,0.0,0.0,3628.0,,中外合作办学,2073_14_0
47,北京航空航天大学,2024,河北,2074,本科批,社会科学试验班,,642.0,0.0,0.0,533.0,,普通类,2074_14_0
47,北京航空航天大学,2024,河北,2073,本科提前批B段,工科试验班类,,652.0,0.0,0.0,1335.0,,普通类,2073_37_0
47,北京航空航天大学,2024,河北,2073,本科提前批B段,理科试验班类,,651.0,0.0,0.0,1422.0,,普通类,2073_37_0
47,北京航空航天大学,2024,山西,2,本科一批A段,社会科学试验班,,607.0,0.0,0.0,337.0,11.0,普通类,2_51_0
47,北京航空航天大学,2024,山西,1,本科一批A段,工科试验班类,,671.0,0.0,0.0,365.0,3.0,普通类,1_51_0
47,北京航空航天大学,2024,山西,1,本科一批A段,人工智能,,670.0,0.0,0.0,386.0,2.0,普通类,1_51_0
47,北京航空航天大学,2024,山西,1,本科一批A段,数学与应用数学,,669.0,0.0,0.0,422.0,2.0,普通类,1_51_0
47,北京航空航天大学,2024,山西,1,本科一批A段,微电子科学与工程,,669.0,0.0,0.0,422.0,3.0,普通类,1_51_0
47,北京航空航天大学,2024,山西,1,本科一批A段,工科试验班类,,665.0,0.0,0.0,535.0,47.0,普通类,1_51_0
47,北京航空航天大学,2024,山西,1,本科一批A段,化学,,662.0,0.0,0.0,654.0,3.0,普通类,1_51_0
47,北京航空航天大学,2024,山西,1,本科一批A段,工科试验班类,,656.0,0.0,0.0,925.0,5.0,普通类,1_51_0
47,北京航空航天大学,2024,山西,1,本科一批A段,理科试验班类,,654.0,0.0,0.0,1033.0,3.0,普通类,1_51_0
47,北京航空航天大学,2024,山西,1,本科一批A段,理科试验班类,,653.0,0.0,0.0,1084.0,12.0,普通类,1_51_0
47,北京航空航天大学,2024,山西,1,本科一批A段,工科试验班类,,652.0,0.0,0.0,1132.0,51.0,普通类,1_51_0
47,北京航空航天大学,2024,内蒙古,2,本科一批,社会科学试验班,,603.0,609.0,0.0,213.0,7.0,普通类,2_7_0
47,北京航空航天大学,2024,内蒙古,1,本科一批,数学与应用数学,,681.0,681.0,0.0,150.0,1.0,普通类,1_7_0
47,北京航空航天大学,2024,内蒙古,1,本科一批,工科试验班类,,679.0,685.0,0.0,165.0,,普通类,1_7_0
47,北京航空航天大学,2024,内蒙古,1,本科一批,计算机科学与技术,,678.0,678.0,0.0,178.0,1.0,普通类,1_7_0
47,北京航空航天大学,2024,内蒙古,1,本科一批,微电子科学与工程,,675.0,677.0,0.0,208.0,2.0,普通类,1_7_0
47,北京航空航天大学,2024,内蒙古,1,本科一批,人工智能,,675.0,676.0,0.0,208.0,3.0,普通类,1_7_0
47,北京航空航天大学,2024,内蒙古,1,本科一批,网络空间安全,,673.0,673.0,0.0,236.0,1.0,普通类,1_7_0
47,北京航空航天大学,2024,内蒙古,1,本科一批,工科试验班类,,664.0,674.0,0.0,399.0,,普通类,1_7_0
47,北京航空航天大学,2024,内蒙古,1,本科一批,工科试验班类,,662.0,671.0,0.0,441.0,,普通类,1_7_0
47,北京航空航天大学,2024,内蒙古,1,本科一批,工科试验班类,,661.0,673.0,0.0,459.0,,普通类,1_7_0
47,北京航空航天大学,2024,内蒙古,1,本科一批,理科试验班类,,661.0,663.0,0.0,459.0,3.0,普通类,1_7_0
47,北京航空航天大学,2024,内蒙古,1,本科一批,工科试验班类,,639.0,645.0,0.0,1284.0,,普通类,1_7_0
47,北京航空航天大学,2024,内蒙古,1,本科提前批B段,工科试验班类,,652.0,659.0,0.0,774.0,,普通类,1_37_0
47,北京航空航天大学,2024,内蒙古,1,本科一批B段,工科试验班类,,645.0,651.0,0.0,1044.0,,普通类,1_52_0
47,北京航空航天大学,2024,辽宁,2074,本科批,社会科学试验班,,640.0,0.0,0.0,366.0,,普通类,2074_14_0
47,北京航空航天大学,2024,辽宁,2073,本科批,计算机科学与技术,,690.0,0.0,0.0,264.0,,普通类,2073_14_0
47,北京航空航天大学,2024,辽宁,2073,本科批,工科试验班类,,689.0,0.0,0.0,289.0,,普通类,2073_14_0
47,北京航空航天大学,2024,辽宁,2073,本科批,工程力学,,688.0,0.0,0.0,316.0,,普通类,2073_14_0
47,北京航空航天大学,2024,辽宁,2073,本科批,微电子科学与工程,,688.0,0.0,0.0,316.0,,普通类,2073_14_0
47,北京航空航天大学,2024,辽宁,2073,本科批,人工智能,,688.0,0.0,0.0,316.0,,普通类,2073_14_0
47,北京航空航天大学,2024,辽宁,2073,本科批,数学与应用数学,,685.0,0.0,0.0,442.0,,普通类,2073_14_0
47,北京航空航天大学,2024,辽宁,2073,本科批,物理学,,685.0,0.0,0.0,442.0,,普通类,2073_14_0
47,北京航空航天大学,2024,辽宁,2073,本科批,飞行器动力工程,,684.0,0.0,0.0,477.0,,普通类,2073_14_0
47,北京航空航天大学,2024,辽宁,2073,本科批,工科试验班类,,682.0,0.0,0.0,569.0,,普通类,2073_14_0
47,北京航空航天大学,2024,辽宁,2073,本科批,理科试验班类,,680.0,0.0,0.0,654.0,,普通类,2073_14_0
47,北京航空航天大学,2024,辽宁,2073,本科批,工科试验班类,,679.0,0.0,0.0,700.0,,普通类,2073_14_0
47,北京航空航天大学,2024,辽宁,2073,本科批,理科试验班类,,679.0,0.0,0.0,700.0,,普通类,2073_14_0
47,北京航空航天大学,2024,辽宁,2073,本科批,工科试验班类,,678.0,0.0,0.0,748.0,,普通类,2073_14_0
47,北京航空航天大学,2024,辽宁,2073,本科批,飞行器动力工程,,673.0,0.0,0.0,1090.0,,普通类,2073_14_0
47,北京航空航天大学,2024,吉林,2073,提前批B段,工科试验班类,（03）,646.0,652.0,649.0,1717.0,2.0,普通类,2073_4019_228585
47,北京航空航天大学,2024,吉林,2073,提前批B段,工科试验班类,（03）,646.0,652.0,649.0,1717.0,2.0,普通类,2073_4019_0
47,北京航空航天大学,2024,吉林,2073,提前批A段,飞行技术,（01）,590.0,647.0,618.0,7771.0,10.0,普通类,2073_4018_228453
47,北京航空航天大学,2024,吉林,2073,提前批A段,飞行技术,（01）,590.0,647.0,618.0,7771.0,10.0,普通类,2073_4018_0
47,北京航空航天大学,2024,吉林,2074,提前批B段,运动康复,（02）,414.0,414.0,414.0,17197.0,1.0,普通类,2074_4019_228391
47,北京航空航天大学,2024,吉林,2074,提前批B段,运动康复,（02）,414.0,414.0,414.0,17197.0,1.0,普通类,2074_4019_0
47,北京航空航天大学,2024,吉林,2074,本科批,社会科学试验班,（004）,625.0,636.0,630.0,312.0,6.0,普通类,2074_14_143314
47,北京航空航天大学,2024,吉林,2074,本科批,社会科学试验班,（004）,625.0,636.0,630.0,312.0,6.0,普通类,2074_14_0
47,北京航空航天大学,2024,吉林,2073,本科批,工科试验班类,（006）,679.0,685.0,682.0,319.0,3.0,普通类,2073_14_142686
47,北京航空航天大学,2024,吉林,2073,本科批,微电子科学与工程,（006）,679.0,679.0,679.0,319.0,2.0,普通类,2073_14_142686
47,北京航空航天大学,2024,吉林,2073,本科批,网络空间安全,（006）,678.0,680.0,679.0,348.0,2.0,普通类,2073_14_142686
47,北京航空航天大学,2024,吉林,2073,本科批,工程力学,（006）,676.0,677.0,676.0,403.0,2.0,普通类,2073_14_142686
47,北京航空航天大学,2024,吉林,2073,本科批,工科试验班类,（006）,674.0,679.0,676.0,448.0,31.0,普通类,2073_14_142686
47,北京航空航天大学,2024,吉林,2073,本科批,工科试验班类,（006）,667.0,677.0,672.0,651.0,37.0,普通类,2073_14_142686
47,北京航空航天大学,2024,吉林,2073,本科批,工科试验班类,（006）,667.0,678.0,672.0,651.0,4.0,普通类,2073_14_142686
47,北京航空航天大学,2024,吉林,2073,本科批,化学,（006）,667.0,675.0,671.0,651.0,2.0,普通类,2073_14_142686
47,北京航空航天大学,2024,吉林,2073,本科批,理科试验班类,（006）,666.0,677.0,671.0,699.0,11.0,普通类,2073_14_142686
47,北京航空航天大学,2024,吉林,2073,本科批,理科试验班类,（006）,666.0,673.0,669.0,699.0,7.0,普通类,2073_14_142686
47,北京航空航天大学,2024,吉林,2073,本科批,工科试验班类,（006）,679.0,685.0,682.0,319.0,3.0,普通类,2073_14_0
47,北京航空航天大学,2024,吉林,2073,本科批,微电子科学与工程,（006）,679.0,679.0,679.0,319.0,2.0,普通类,2073_14_0
47,北京航空航天大学,2024,吉林,2073,本科批,网络空间安全,（006）,678.0,680.0,679.0,348.0,2.0,普通类,2073_14_0
47,北京航空航天大学,2024,吉林,2073,本科批,工程力学,（006）,676.0,677.0,676.0,403.0,2.0,普通类,2073_14_0
47,北京航空航天大学,2024,吉林,2073,本科批,工科试验班类,（006）,674.0,679.0,676.0,448.0,31.0,普通类,2073_14_0
47,北京航空航天大学,2024,吉林,2073,本科批,工科试验班类,（006）,667.0,677.0,672.0,651.0,37.0,普通类,2073_14_0
47,北京航空航天大学,2024,吉林,2073,本科批,工科试验班类,（006）,667.0,678.0,672.0,651.0,4.0,普通类,2073_14_0
47,北京航空航天大学,2024,吉林,2073,本科批,化学,（006）,667.0,675.0,671.0,651.0,2.0,普通类,2073_14_0
47,北京航空航天大学,2024,吉林,2073,本科批,理科试验班类,（006）,666.0,677.0,671.0,699.0,11.0,普通类,2073_14_0
47,北京航空航天大学,2024,吉林,2073,本科批,理科试验班类,（006）,666.0,673.0,669.0,699.0,7.0,普通类,2073_14_0
47,北京航空航天大学,2024,吉林,2073,本科批,工科试验班类,（008）,665.0,665.0,665.0,733.0,1.0,国家专项计划,2073_14_0
47,北京航空航天大学,2024,吉林,2073,本科批,飞行器动力工程,（007）,660.0,662.0,661.0,921.0,4.0,中外合作办学,2073_14_0
47,北京航空航天大学,2024,吉林,2073,本科批,飞行器动力工程,（007）,660.0,662.0,661.0,921.0,4.0,中外合作办学,2073_14_142519
47,北京航空航天大学,2024,吉林,2073,本科批,工科试验班类,（008）,665.0,665.0,665.0,733.0,1.0,国家专项计划,2073_14_142394
47,北京航空航天大学,2024,黑龙江,2074,本科批,社会科学试验班,（002）,641.0,646.0,0.0,247.0,,普通类,2074_14_160953
47,北京航空航天大学,2024,黑龙江,2074,本科批,社会科学试验班,（002）,641.0,646.0,0.0,247.0,,普通类,2074_14_0
47,北京航空航天大学,2024,黑龙江,2073,本科批,工科试验班类,（009）,658.0,662.0,0.0,1547.0,,中外合作办学,2073_14_157641
47,北京航空航天大学,2024,黑龙江,2073,本科批,工科试验班类,（007）,692.0,694.0,0.0,186.0,,普通类,2073_14_0
47,北京航空航天大学,2024,黑龙江,2073,本科批,微电子科学与工程,（007）,687.0,687.0,0.0,267.0,,普通类,2073_14_0
47,北京航空航天大学,2024,黑龙江,2073,本科批,人工智能,（007）,687.0,689.0,0.0,267.0,,普通类,2073_14_0
47,北京航空航天大学,2024,黑龙江,2073,本科批,飞行器动力工程,（007）,686.0,690.0,0.0,291.0,,普通类,2073_14_0
47,北京航空航天大学,2024,黑龙江,2073,本科批,工程力学,（007）,683.0,685.0,0.0,368.0,,普通类,2073_14_0
47,北京航空航天大学,2024,黑龙江,2073,本科批,工科试验班类,（007）,679.0,693.0,0.0,479.0,,普通类,2073_14_0
47,北京航空航天大学,2024,黑龙江,2073,本科批,工科试验班类,（007）,677.0,685.0,0.0,552.0,,普通类,2073_14_0
47,北京航空航天大学,2024,黑龙江,2073,本科批,理科试验班类,（007）,675.0,675.0,0.0,649.0,,普通类,2073_14_0
47,北京航空航天大学,2024,黑龙江,2073,本科批,理科试验班类,（007）,674.0,683.0,0.0,692.0,,普通类,2073_14_0
47,北京航空航天大学,2024,黑龙江,2073,本科批,工科试验班类,（007）,671.0,680.0,0.0,819.0,,普通类,2073_14_0
47,北京航空航天大学,2024,黑龙江,2073,本科批,飞行器动力工程,（008）,661.0,665.0,0.0,1368.0,,中外合作办学,2073_14_0
47,北京航空航天大学,2024,黑龙江,2073,本科批,工科试验班类,（009）,658.0,662.0,0.0,1547.0,,中外合作办学,2073_14_0
47,北京航空航天大学,2024,黑龙江,2073,本科批,飞行器动力工程,（008）,661.0,665.0,0.0,1368.0,,中外合作办学,2073_14_157772
47,北京航空航天大学,2024,黑龙江,2073,本科批,工科试验班类,（007）,692.0,694.0,0.0,186.0,,普通类,2073_14_157944
47,北京航空航天大学,2024,黑龙江,2073,本科批,微电子科学与工程,（007）,687.0,687.0,0.0,267.0,,普通类,2073_14_157944
47,北京航空航天大学,2024,黑龙江,2073,本科批,人工智能,（007）,687.0,689.0,0.0,267.0,,普通类,2073_14_157944
47,北京航空航天大学,2024,黑龙江,2073,本科批,飞行器动力工程,（007）,686.0,690.0,0.0,291.0,,普通类,2073_14_157944
47,北京航空航天大学,2024,黑龙江,2073,本科批,工程力学,（007）,683.0,685.0,0.0,368.0,,普通类,2073_14_157944
47,北京航空航天大学,2024,黑龙江,2073,本科批,工科试验班类,（007）,679.0,693.0,0.0,479.0,,普通类,2073_14_157944
47,北京航空航天大学,2024,黑龙江,2073,本科批,工科试验班类,（007）,677.0,685.0,0.0,552.0,,普通类,2073_14_157944
47,北京航空航天大学,2024,黑龙江,2073,本科批,理科试验班类,（007）,675.0,675.0,0.0,649.0,,普通类,2073_14_157944
47,北京航空航天大学,2024,黑龙江,2073,本科批,理科试验班类,（007）,674.0,683.0,0.0,692.0,,普通类,2073_14_157944
47,北京航空航天大学,2024,黑龙江,2073,本科批,工科试验班类,（007）,671.0,680.0,0.0,819.0,,普通类,2073_14_157944
47,北京航空航天大学,2024,上海,3,本科批,工科试验班类,（01）,586.0,0.0,588.0,1980.0,1.0,普通类,3_14_149701
47,北京航空航天大学,2024,上海,3,本科批,人工智能,（01）,586.0,0.0,588.0,1980.0,2.0,普通类,3_14_149701
47,北京航空航天大学,2024,上海,3,本科批,数学与应用数学,（01）,586.0,0.0,587.0,1980.0,1.0,普通类,3_14_149701
47,北京航空航天大学,2024,上海,3,本科批,工科试验班类,（01）,586.0,0.0,587.0,1980.0,9.0,普通类,3_14_149701
47,北京航空航天大学,2024,上海,3,本科批,理科试验班类,（01）,586.0,0.0,586.0,1980.0,2.0,普通类,3_14_149701
47,北京航空航天大学,2024,上海,3,本科批,工科试验班类,（01）,586.0,0.0,588.0,1980.0,1.0,普通类,3_14_0
47,北京航空航天大学,2024,上海,3,本科批,人工智能,（01）,586.0,0.0,588.0,1980.0,2.0,普通类,3_14_0
47,北京航空航天大学,2024,上海,3,本科批,数学与应用数学,（01）,586.0,0.0,587.0,1980.0,1.0,普通类,3_14_0
47,北京航空航天大学,2024,上海,3,本科批,工科试验班类,（01）,586.0,0.0,587.0,1980.0,9.0,普通类,3_14_0
47,北京航空航天大学,2024,上海,3,本科批,理科试验班类,（01）,586.0,0.0,586.0,1980.0,2.0,普通类,3_14_0
47,北京航空航天大学,2024,上海,3,本科批,工科试验班类,（Q3）,580.0,0.0,587.0,2684.0,3.0,普通类,3_14_0
47,北京航空航天大学,2024,上海,3,本科批,工科试验班类,（Q4）,576.0,0.0,577.0,3250.0,2.0,普通类,3_14_0
47,北京航空航天大学,2024,上海,3,本科批,社会科学试验班,（02）,566.0,0.0,569.0,4841.0,4.0,普通类,3_14_0
47,北京航空航天大学,2024,上海,3,本科批,社会科学试验班,（02）,566.0,0.0,569.0,4841.0,4.0,普通类,3_14_149130
47,北京航空航天大学,2024,上海,3,本科批,工科试验班类,（Q3）,580.0,0.0,587.0,2684.0,3.0,普通类,3_14_148435
47,北京航空航天大学,2024,上海,3,本科批,工科试验班类,（Q4）,576.0,0.0,577.0,3250.0,2.0,普通类,3_14_148432
47,北京航空航天大学,2024,江苏,2074,本科批,社会科学试验班,（01）,627.0,629.0,0.0,923.0,6.0,普通类,2074_14_182179
47,北京航空航天大学,2024,江苏,2074,本科批,社会科学试验班,（01）,627.0,629.0,0.0,923.0,6.0,普通类,2074_14_0
47,北京航空航天大学,2024,江苏,2073,本科批,工科试验班类,（02）,672.0,674.0,0.0,887.0,2.0,普通类,2073_14_181207
47,北京航空航天大学,2024,江苏,2073,本科批,人工智能,（02）,670.0,670.0,0.0,1067.0,1.0,普通类,2073_14_181207
47,北京航空航天大学,2024,江苏,2073,本科批,物理学,（02）,666.0,669.0,0.0,1540.0,3.0,普通类,2073_14_181207
47,北京航空航天大学,2024,江苏,2073,本科批,网络空间安全,（02）,665.0,670.0,0.0,1669.0,3.0,普通类,2073_14_181207
47,北京航空航天大学,2024,江苏,2073,本科批,工科试验班类,（02）,660.0,664.0,0.0,2475.0,3.0,普通类,2073_14_181207
47,北京航空航天大学,2024,江苏,2073,本科批,工科试验班类,（02）,659.0,666.0,0.0,2662.0,31.0,普通类,2073_14_181207
47,北京航空航天大学,2024,江苏,2073,本科批,工科试验班类,（02）,658.0,664.0,0.0,2842.0,32.0,普通类,2073_14_181207
47,北京航空航天大学,2024,江苏,2073,本科批,理科试验班类,（02）,657.0,660.0,0.0,3026.0,7.0,普通类,2073_14_181207
47,北京航空航天大学,2024,江苏,2073,本科批,理科试验班类,（02）,657.0,663.0,0.0,3026.0,4.0,普通类,2073_14_181207
47,北京航空航天大学,2024,江苏,2073,本科批,工科试验班类,（02）,672.0,674.0,0.0,887.0,2.0,普通类,2073_14_0
47,北京航空航天大学,2024,江苏,2073,本科批,人工智能,（02）,670.0,670.0,0.0,1067.0,1.0,普通类,2073_14_0
47,北京航空航天大学,2024,江苏,2073,本科批,物理学,（02）,666.0,669.0,0.0,1540.0,3.0,普通类,2073_14_0
47,北京航空航天大学,2024,江苏,2073,本科批,网络空间安全,（02）,665.0,670.0,0.0,1669.0,3.0,普通类,2073_14_0
47,北京航空航天大学,2024,江苏,2073,本科批,工科试验班类,（02）,660.0,664.0,0.0,2475.0,3.0,普通类,2073_14_0
47,北京航空航天大学,2024,江苏,2073,本科批,工科试验班类,（02）,659.0,666.0,0.0,2662.0,31.0,普通类,2073_14_0
47,北京航空航天大学,2024,江苏,2073,本科批,工科试验班类,（02）,658.0,664.0,0.0,2842.0,32.0,普通类,2073_14_0
47,北京航空航天大学,2024,江苏,2073,本科批,理科试验班类,（02）,657.0,660.0,0.0,3026.0,7.0,普通类,2073_14_0
47,北京航空航天大学,2024,江苏,2073,本科批,理科试验班类,（02）,657.0,663.0,0.0,3026.0,4.0,普通类,2073_14_0
47,北京航空航天大学,2024,江苏,2073,本科批,工科试验班类,（03）,650.0,653.0,0.0,4770.0,6.0,中外合作办学,2073_14_0
47,北京航空航天大学,2024,江苏,2073,本科批,工科试验班类,（03）,650.0,653.0,0.0,4770.0,6.0,中外合作办学,2073_14_180335
47,北京航空航天大学,2024,浙江,3,平行录取一段,计算机科学与技术,,690.0,0.0,0.0,1023.0,,普通类,3_16_0
47,北京航空航天大学,2024,浙江,3,平行录取一段,工科试验班类,,689.0,0.0,0.0,1106.0,,普通类,3_16_0
47,北京航空航天大学,2024,浙江,3,平行录取一段,微电子科学与工程,,686.0,0.0,0.0,1507.0,,普通类,3_16_0
47,北京航空航天大学,2024,浙江,3,平行录取一段,数学与应用数学,,685.0,0.0,0.0,1542.0,,普通类,3_16_0
47,北京航空航天大学,2024,浙江,3,平行录取一段,人工智能,,685.0,0.0,0.0,1622.0,,普通类,3_16_0
47,北京航空航天大学,2024,浙江,3,平行录取一段,网络空间安全,,684.0,0.0,0.0,1714.0,,普通类,3_16_0
47,北京航空航天大学,2024,浙江,3,平行录取一段,工程力学,,683.0,0.0,0.0,1889.0,,普通类,3_16_0
47,北京航空航天大学,2024,浙江,3,平行录取一段,工科试验班类,,678.0,0.0,0.0,2822.0,,普通类,3_16_0
47,北京航空航天大学,2024,浙江,3,平行录取一段,工科试验班类,,676.0,0.0,0.0,3283.0,,普通类,3_16_0
47,北京航空航天大学,2024,浙江,3,平行录取一段,理科试验班类,,675.0,0.0,0.0,3351.0,,普通类,3_16_0
47,北京航空航天大学,2024,浙江,3,平行录取一段,工科试验班类,,672.0,0.0,0.0,4318.0,,普通类,3_16_0
47,北京航空航天大学,2024,浙江,3,平行录取一段,理科试验班类,,672.0,0.0,0.0,4315.0,,普通类,3_16_0
47,北京航空航天大学,2024,浙江,3,平行录取一段,社会科学试验班,,664.0,0.0,0.0,6675.0,,普通类,3_16_0
47,北京航空航天大学,2024,浙江,3,平行录取一段,工科试验班类,,658.0,0.0,0.0,8712.0,,中外合作办学,3_16_0
47,北京航空航天大学,2024,安徽,2074,本科批,社会科学试验班,1039（L001）,637.0,646.0,640.0,713.0,13.0,普通类,2074_14_189062
47,北京航空航天大学,2024,安徽,2074,本科批,社会科学试验班,1039（L001）,637.0,646.0,640.0,713.0,13.0,普通类,2074_14_0
47,北京航空航天大学,2024,安徽,2073,本科批,工科试验班类,1039（W003）,679.0,685.0,682.0,650.0,2.0,普通类,2073_14_189061
47,北京航空航天大学,2024,安徽,2073,本科批,计算机科学与技术,1039（W003）,678.0,678.0,678.0,725.0,1.0,普通类,2073_14_189061
47,北京航空航天大学,2024,安徽,2073,本科批,微电子科学与工程,1039（W003）,678.0,679.0,678.0,725.0,3.0,普通类,2073_14_189061
47,北京航空航天大学,2024,安徽,2073,本科批,网络空间安全,1039（W003）,677.0,678.0,677.0,792.0,3.0,普通类,2073_14_189061
47,北京航空航天大学,2024,安徽,2073,本科批,工科试验班类,1039（W003）,675.0,678.0,676.0,968.0,38.0,普通类,2073_14_189061
47,北京航空航天大学,2024,安徽,2073,本科批,理科试验班类,1039（W003）,674.0,675.0,674.0,1057.0,5.0,普通类,2073_14_189061
47,北京航空航天大学,2024,安徽,2073,本科批,工科试验班类,1039（W003）,671.0,677.0,674.0,1349.0,4.0,普通类,2073_14_189061
47,北京航空航天大学,2024,安徽,2073,本科批,工科试验班类,1039（W003）,671.0,678.0,673.0,1349.0,42.0,普通类,2073_14_189061
47,北京航空航天大学,2024,安徽,2073,本科批,理科试验班类,1039（W003）,671.0,678.0,673.0,1349.0,12.0,普通类,2073_14_189061
47,北京航空航天大学,2024,安徽,2073,本科批,工科试验班类,1039（W003）,679.0,685.0,682.0,650.0,2.0,普通类,2073_14_0
47,北京航空航天大学,2024,安徽,2073,本科批,计算机科学与技术,1039（W003）,678.0,678.0,678.0,725.0,1.0,普通类,2073_14_0
47,北京航空航天大学,2024,安徽,2073,本科批,微电子科学与工程,1039（W003）,678.0,679.0,678.0,725.0,3.0,普通类,2073_14_0
47,北京航空航天大学,2024,安徽,2073,本科批,网络空间安全,1039（W003）,677.0,678.0,677.0,792.0,3.0,普通类,2073_14_0
47,北京航空航天大学,2024,安徽,2073,本科批,工科试验班类,1039（W003）,675.0,678.0,676.0,968.0,38.0,普通类,2073_14_0
47,北京航空航天大学,2024,安徽,2073,本科批,理科试验班类,1039（W003）,674.0,675.0,674.0,1057.0,5.0,普通类,2073_14_0
47,北京航空航天大学,2024,安徽,2073,本科批,工科试验班类,1039（W003）,671.0,677.0,674.0,1349.0,4.0,普通类,2073_14_0
47,北京航空航天大学,2024,安徽,2073,本科批,工科试验班类,1039（W003）,671.0,678.0,673.0,1349.0,42.0,普通类,2073_14_0
47,北京航空航天大学,2024,安徽,2073,本科批,理科试验班类,1039（W003）,671.0,678.0,673.0,1349.0,12.0,普通类,2073_14_0
47,北京航空航天大学,2024,安徽,2073,本科批,工科试验班类,1039（W004）,656.0,664.0,658.0,3676.0,5.0,中外合作办学,2073_14_0
47,北京航空航天大学,2024,安徽,2073,本科批,工科试验班类,1039（W004）,656.0,664.0,658.0,3676.0,5.0,中外合作办学,2073_14_189060
47,北京航空航天大学,2024,福建,2074,本科批,社会科学试验班,2307（L999）,618.0,625.0,621.0,554.0,10.0,普通类,2074_14_177999
47,北京航空航天大学,2024,福建,2074,本科批,社会科学试验班,2307（L999）,618.0,625.0,621.0,554.0,10.0,普通类,2074_14_0
47,北京航空航天大学,2024,福建,2073,本科批,工科试验班类,2307（W500）,678.0,678.0,678.0,401.0,2.0,普通类,2073_14_177998
47,北京航空航天大学,2024,福建,2073,本科批,人工智能,2307（W500）,675.0,676.0,676.0,517.0,2.0,普通类,2073_14_177998
47,北京航空航天大学,2024,福建,2073,本科批,数学与应用数学,2307（W500）,674.0,675.0,675.0,565.0,3.0,普通类,2073_14_177998
47,北京航空航天大学,2024,福建,2073,本科批,工科试验班类,2307（W500）,672.0,676.0,673.0,672.0,24.0,普通类,2073_14_177998
47,北京航空航天大学,2024,福建,2073,本科批,理科试验班类,2307（W500）,670.0,674.0,672.0,767.0,5.0,普通类,2073_14_177998
47,北京航空航天大学,2024,福建,2073,本科批,工科试验班类,2307（W500）,669.0,674.0,671.0,832.0,3.0,普通类,2073_14_177998
47,北京航空航天大学,2024,福建,2073,本科批,理科试验班类,2307（W500）,668.0,673.0,671.0,901.0,7.0,普通类,2073_14_177998
47,北京航空航天大学,2024,福建,2073,本科批,工科试验班类,2307（W500）,667.0,674.0,670.0,990.0,28.0,普通类,2073_14_177998
47,北京航空航天大学,2024,福建,2073,本科批,工科试验班类,2307（W500）,678.0,678.0,678.0,401.0,2.0,普通类,2073_14_0
47,北京航空航天大学,2024,福建,2073,本科批,人工智能,2307（W500）,675.0,676.0,676.0,517.0,2.0,普通类,2073_14_0
47,北京航空航天大学,2024,福建,2073,本科批,数学与应用数学,2307（W500）,674.0,675.0,675.0,565.0,3.0,普通类,2073_14_0
47,北京航空航天大学,2024,福建,2073,本科批,工科试验班类,2307（W500）,672.0,676.0,673.0,672.0,24.0,普通类,2073_14_0
47,北京航空航天大学,2024,福建,2073,本科批,理科试验班类,2307（W500）,670.0,674.0,672.0,767.0,5.0,普通类,2073_14_0
47,北京航空航天大学,2024,福建,2073,本科批,工科试验班类,2307（W500）,669.0,674.0,671.0,832.0,3.0,普通类,2073_14_0
47,北京航空航天大学,2024,福建,2073,本科批,理科试验班类,2307（W500）,668.0,673.0,671.0,901.0,7.0,普通类,2073_14_0
47,北京航空航天大学,2024,福建,2073,本科批,工科试验班类,2307（W500）,667.0,674.0,670.0,990.0,28.0,普通类,2073_14_0
47,北京航空航天大学,2024,福建,2073,本科批,工科试验班类,2308（W500）,648.0,651.0,649.0,3082.0,4.0,中外合作办学,2073_14_0
47,北京航空航天大学,2024,福建,2073,本科批,工科试验班类,2308（W500）,648.0,651.0,649.0,3082.0,4.0,中外合作办学,2073_14_177997
47,北京航空航天大学,2024,江西,2074,本科批,社会科学试验班,（101）,628.0,0.0,0.0,498.0,11.0,普通类,2074_14_169356
47,北京航空航天大学,2024,江西,2074,本科批,社会科学试验班,（101）,628.0,0.0,0.0,498.0,11.0,普通类,2074_14_0
47,北京航空航天大学,2024,江西,2073,本科批,工科试验班类,（501）,663.0,0.0,0.0,334.0,2.0,普通类,2073_14_166687
47,北京航空航天大学,2024,江西,2073,本科批,人工智能,（501）,661.0,0.0,0.0,402.0,1.0,普通类,2073_14_166687
47,北京航空航天大学,2024,江西,2073,本科批,微电子科学与工程,（501）,660.0,0.0,0.0,439.0,2.0,普通类,2073_14_166687
47,北京航空航天大学,2024,江西,2073,本科批,飞行器动力工程,（501）,657.0,0.0,0.0,554.0,4.0,普通类,2073_14_166687
47,北京航空航天大学,2024,江西,2073,本科批,工科试验班类,（501）,656.0,0.0,0.0,610.0,3.0,普通类,2073_14_166687
47,北京航空航天大学,2024,江西,2073,本科批,工科试验班类,（501）,655.0,0.0,0.0,657.0,30.0,普通类,2073_14_166687
47,北京航空航天大学,2024,江西,2073,本科批,工科试验班类,（501）,653.0,0.0,0.0,780.0,35.0,普通类,2073_14_166687
47,北京航空航天大学,2024,江西,2073,本科批,理科试验班类,（501）,653.0,0.0,0.0,780.0,10.0,普通类,2073_14_166687
47,北京航空航天大学,2024,江西,2073,本科批,化学,（501）,653.0,0.0,0.0,780.0,3.0,普通类,2073_14_166687
47,北京航空航天大学,2024,江西,2073,本科批,工科试验班类,（501）,663.0,0.0,0.0,334.0,2.0,普通类,2073_14_0
47,北京航空航天大学,2024,江西,2073,本科批,人工智能,（501）,661.0,0.0,0.0,402.0,1.0,普通类,2073_14_0
47,北京航空航天大学,2024,江西,2073,本科批,微电子科学与工程,（501）,660.0,0.0,0.0,439.0,2.0,普通类,2073_14_0
47,北京航空航天大学,2024,江西,2073,本科批,飞行器动力工程,（501）,657.0,0.0,0.0,554.0,4.0,普通类,2073_14_0
47,北京航空航天大学,2024,江西,2073,本科批,工科试验班类,（501）,656.0,0.0,0.0,610.0,3.0,普通类,2073_14_0
47,北京航空航天大学,2024,江西,2073,本科批,工科试验班类,（501）,655.0,0.0,0.0,657.0,30.0,普通类,2073_14_0
47,北京航空航天大学,2024,江西,2073,本科批,工科试验班类,（501）,653.0,0.0,0.0,780.0,35.0,普通类,2073_14_0
47,北京航空航天大学,2024,江西,2073,本科批,理科试验班类,（501）,653.0,0.0,0.0,780.0,10.0,普通类,2073_14_0
47,北京航空航天大学,2024,江西,2073,本科批,化学,（501）,653.0,0.0,0.0,780.0,3.0,普通类,2073_14_0
47,北京航空航天大学,2024,江西,2073,本科批,工科试验班类,（561）,640.0,0.0,0.0,1913.0,12.0,普通类,2073_14_0
47,北京航空航天大学,2024,江西,2073,本科批,理科试验班类,（561）,640.0,0.0,0.0,1913.0,3.0,普通类,2073_14_0
47,北京航空航天大学,2024,江西,2073,本科批,工科试验班类,（502）,631.0,0.0,0.0,3209.0,5.0,中外合作办学,2073_14_0
47,北京航空航天大学,2024,江西,2073,本科批,工科试验班类,（502）,631.0,0.0,0.0,3209.0,5.0,中外合作办学,2073_14_164867
47,北京航空航天大学,2024,江西,2073,本科批,工科试验班类,（561）,640.0,0.0,0.0,1913.0,12.0,普通类,2073_14_162496
47,北京航空航天大学,2024,江西,2073,本科批,理科试验班类,（561）,640.0,0.0,0.0,1913.0,3.0,普通类,2073_14_162496
47,北京航空航天大学,2024,山东,3,普通类一段,计算机科学与技术,,678.0,0.0,0.0,442.0,2.0,普通类,3_1570_0
47,北京航空航天大学,2024,山东,3,普通类一段,工科试验班类,,677.0,0.0,0.0,511.0,,普通类,3_1570_0
47,北京航空航天大学,2024,山东,3,普通类一段,人工智能,,676.0,0.0,0.0,524.0,1.0,普通类,3_1570_0
47,北京航空航天大学,2024,山东,3,普通类一段,数学与应用数学,,674.0,0.0,0.0,648.0,1.0,普通类,3_1570_0
47,北京航空航天大学,2024,山东,3,普通类一段,微电子科学与工程,,674.0,0.0,0.0,622.0,2.0,普通类,3_1570_0
47,北京航空航天大学,2024,山东,3,普通类一段,工程力学,,673.0,0.0,0.0,729.0,2.0,普通类,3_1570_0
47,北京航空航天大学,2024,山东,3,普通类一段,网络空间安全,,673.0,0.0,0.0,719.0,2.0,普通类,3_1570_0
47,北京航空航天大学,2024,山东,3,普通类一段,物理学,,671.0,0.0,0.0,856.0,2.0,普通类,3_1570_0
47,北京航空航天大学,2024,山东,3,普通类一段,工科试验班类,,667.0,0.0,0.0,1135.0,,普通类,3_1570_0
47,北京航空航天大学,2024,山东,3,普通类一段,理科试验班类,,666.0,0.0,0.0,1222.0,,普通类,3_1570_0
47,北京航空航天大学,2024,山东,3,普通类一段,工科试验班类,,665.0,0.0,0.0,1307.0,,普通类,3_1570_0
47,北京航空航天大学,2024,山东,3,普通类一段,工科试验班类,,664.0,0.0,0.0,1411.0,,普通类,3_1570_0
47,北京航空航天大学,2024,山东,3,普通类一段,理科试验班类,,664.0,0.0,0.0,1349.0,,普通类,3_1570_0
47,北京航空航天大学,2024,山东,3,普通类一段,社会科学试验班,,641.0,0.0,0.0,5011.0,13.0,普通类,3_1570_0
47,北京航空航天大学,2024,山东,3,普通类一段,工科试验班类,,641.0,0.0,0.0,5003.0,,中外合作办学,3_1570_0
47,北京航空航天大学,2024,河南,2,本科一批,社会科学试验班,,620.0,632.0,623.0,690.0,13.0,普通类,2_7_0
47,北京航空航天大学,2024,河南,1,本科一批,工科试验班类,,680.0,685.0,683.0,573.0,3.0,普通类,1_7_0
47,北京航空航天大学,2024,河南,1,本科一批,计算机科学与技术,,678.0,683.0,681.0,684.0,2.0,普通类,1_7_0
47,北京航空航天大学,2024,河南,1,本科一批,微电子科学与工程,,678.0,678.0,678.0,684.0,3.0,普通类,1_7_0
47,北京航空航天大学,2024,河南,1,本科一批,网络空间安全,,677.0,677.0,677.0,746.0,3.0,普通类,1_7_0
47,北京航空航天大学,2024,河南,1,本科一批,工科试验班类,,674.0,677.0,675.0,958.0,44.0,普通类,1_7_0
47,北京航空航天大学,2024,河南,1,本科一批,化学,,672.0,674.0,673.0,1095.0,2.0,普通类,1_7_0
47,北京航空航天大学,2024,河南,1,本科一批,工科试验班类,,671.0,672.0,672.0,1180.0,5.0,普通类,1_7_0
47,北京航空航天大学,2024,河南,1,本科一批,理科试验班类,,670.0,674.0,672.0,1246.0,11.0,普通类,1_7_0
47,北京航空航天大学,2024,河南,1,本科一批,工科试验班类,,669.0,677.0,672.0,1318.0,50.0,普通类,1_7_0
47,北京航空航天大学,2024,河南,1,本科一批,理科试验班类,,669.0,673.0,670.0,1318.0,11.0,普通类,1_7_0
47,北京航空航天大学,2024,河南,1,本科一批,工科试验班类,,643.0,658.0,649.0,5177.0,7.0,中外合作办学,1_7_0
47,北京航空航天大学,2024,湖南,2074,本科批,社会科学试验班,（102）,623.0,629.0,0.0,609.0,9.0,普通类,2074_14_195152
47,北京航空航天大学,2024,湖南,2074,本科批,社会科学试验班,（102）,623.0,629.0,0.0,609.0,9.0,普通类,2074_14_0
47,北京航空航天大学,2024,湖南,2073,本科批,计算机科学与技术,（103）,678.0,680.0,0.0,351.0,2.0,普通类,2073_14_193926
47,北京航空航天大学,2024,湖南,2073,本科批,工科试验班类,（103）,674.0,678.0,0.0,487.0,3.0,普通类,2073_14_193926
47,北京航空航天大学,2024,湖南,2073,本科批,工科试验班类,（103）,672.0,679.0,0.0,567.0,4.0,普通类,2073_14_193926
47,北京航空航天大学,2024,湖南,2073,本科批,网络空间安全,（103）,672.0,672.0,0.0,567.0,2.0,普通类,2073_14_193926
47,北京航空航天大学,2024,湖南,2073,本科批,飞行器动力工程,（103）,670.0,671.0,0.0,676.0,3.0,普通类,2073_14_193926
47,北京航空航天大学,2024,湖南,2073,本科批,化学,（103）,666.0,668.0,0.0,899.0,3.0,普通类,2073_14_193926
47,北京航空航天大学,2024,湖南,2073,本科批,工科试验班类,（103）,665.0,671.0,0.0,960.0,50.0,普通类,2073_14_193926
47,北京航空航天大学,2024,湖南,2073,本科批,理科试验班类,（103）,663.0,664.0,0.0,1102.0,18.0,普通类,2073_14_193926
47,北京航空航天大学,2024,湖南,2073,本科批,工科试验班类,（103）,662.0,673.0,0.0,1159.0,46.0,普通类,2073_14_193926
47,北京航空航天大学,2024,湖南,2073,本科批,理科试验班类,（103）,662.0,670.0,0.0,1159.0,6.0,普通类,2073_14_193926
47,北京航空航天大学,2024,湖南,2073,本科批,计算机科学与技术,（103）,678.0,680.0,0.0,351.0,2.0,普通类,2073_14_0
47,北京航空航天大学,2024,湖南,2073,本科批,工科试验班类,（103）,674.0,678.0,0.0,487.0,3.0,普通类,2073_14_0
47,北京航空航天大学,2024,湖南,2073,本科批,工科试验班类,（103）,672.0,679.0,0.0,567.0,4.0,普通类,2073_14_0
47,北京航空航天大学,2024,湖南,2073,本科批,网络空间安全,（103）,672.0,672.0,0.0,567.0,2.0,普通类,2073_14_0
47,北京航空航天大学,2024,湖南,2073,本科批,飞行器动力工程,（103）,670.0,671.0,0.0,676.0,3.0,普通类,2073_14_0
47,北京航空航天大学,2024,湖南,2073,本科批,化学,（103）,666.0,668.0,0.0,899.0,3.0,普通类,2073_14_0
47,北京航空航天大学,2024,湖南,2073,本科批,工科试验班类,（103）,665.0,671.0,0.0,960.0,50.0,普通类,2073_14_0
47,北京航空航天大学,2024,湖南,2073,本科批,理科试验班类,（103）,663.0,664.0,0.0,1102.0,18.0,普通类,2073_14_0
47,北京航空航天大学,2024,湖南,2073,本科批,工科试验班类,（103）,662.0,673.0,0.0,1159.0,46.0,普通类,2073_14_0
47,北京航空航天大学,2024,湖南,2073,本科批,理科试验班类,（103）,662.0,670.0,0.0,1159.0,6.0,普通类,2073_14_0
47,北京航空航天大学,2024,湖南,2073,本科批,理科试验班类,（706）,656.0,656.0,0.0,1671.0,1.0,民族班,2073_14_0
47,北京航空航天大学,2024,湖南,2073,本科批,工科试验班类,（305）,653.0,663.0,0.0,1968.0,12.0,国家专项计划,2073_14_0
47,北京航空航天大学,2024,湖南,2073,本科批,工科试验班类,（706）,651.0,661.0,0.0,2194.0,5.0,民族班,2073_14_0
47,北京航空航天大学,2024,湖南,2073,本科批,理科试验班类,（305）,650.0,651.0,0.0,2302.0,3.0,国家专项计划,2073_14_0
47,北京航空航天大学,2024,湖南,2073,本科批,工科试验班类,（204）,633.0,648.0,0.0,4822.0,7.0,中外合作办学,2073_14_0
47,北京航空航天大学,2024,湖南,2073,本科批,工科试验班类,（204）,633.0,648.0,0.0,4822.0,7.0,中外合作办学,2073_14_190634
47,北京航空航天大学,2024,湖南,2073,本科批,工科试验班类,（305）,653.0,663.0,0.0,1968.0,12.0,国家专项计划,2073_14_190203
47,北京航空航天大学,2024,湖南,2073,本科批,理科试验班类,（305）,650.0,651.0,0.0,2302.0,3.0,国家专项计划,2073_14_190203
47,北京航空航天大学,2024,湖南,2073,本科批,理科试验班类,（706）,656.0,656.0,0.0,1671.0,1.0,民族班,2073_14_189813
47,北京航空航天大学,2024,湖南,2073,本科批,工科试验班类,（706）,651.0,661.0,0.0,2194.0,5.0,民族班,2073_14_189813
47,北京航空航天大学,2024,广东,2074,本科批,社会科学试验班,（201）,625.0,0.0,0.0,828.0,8.0,普通类,2074_14_156546
47,北京航空航天大学,2024,广东,2074,本科批,社会科学试验班,（201）,625.0,0.0,0.0,828.0,8.0,普通类,2074_14_0
47,北京航空航天大学,2024,广东,2073,本科批,工科试验班类,（202）,674.0,0.0,0.0,480.0,2.0,普通类,2073_14_155603
47,北京航空航天大学,2024,广东,2073,本科批,微电子科学与工程,（202）,668.0,0.0,0.0,823.0,2.0,普通类,2073_14_155603
47,北京航空航天大学,2024,广东,2073,本科批,人工智能,（202）,667.0,0.0,0.0,901.0,1.0,普通类,2073_14_155603
47,北京航空航天大学,2024,广东,2073,本科批,数学与应用数学,（202）,664.0,0.0,0.0,1141.0,2.0,普通类,2073_14_155603
47,北京航空航天大学,2024,广东,2073,本科批,工程力学,（202）,662.0,0.0,0.0,1324.0,2.0,普通类,2073_14_155603
47,北京航空航天大学,2024,广东,2073,本科批,工科试验班类,（202）,662.0,0.0,0.0,1324.0,4.0,普通类,2073_14_155603
47,北京航空航天大学,2024,广东,2073,本科批,工科试验班类,（202）,662.0,0.0,0.0,1324.0,34.0,普通类,2073_14_155603
47,北京航空航天大学,2024,广东,2073,本科批,理科试验班类,（202）,662.0,0.0,0.0,1324.0,10.0,普通类,2073_14_155603
47,北京航空航天大学,2024,广东,2073,本科批,理科试验班类,（202）,660.0,0.0,0.0,1545.0,15.0,普通类,2073_14_155603
47,北京航空航天大学,2024,广东,2073,本科批,工科试验班类,（202）,658.0,0.0,0.0,1756.0,36.0,普通类,2073_14_155603
47,北京航空航天大学,2024,广东,2073,本科批,工科试验班类,（202）,674.0,0.0,0.0,480.0,2.0,普通类,2073_14_0
47,北京航空航天大学,2024,广东,2073,本科批,微电子科学与工程,（202）,668.0,0.0,0.0,823.0,2.0,普通类,2073_14_0
47,北京航空航天大学,2024,广东,2073,本科批,人工智能,（202）,667.0,0.0,0.0,901.0,1.0,普通类,2073_14_0
47,北京航空航天大学,2024,广东,2073,本科批,数学与应用数学,（202）,664.0,0.0,0.0,1141.0,2.0,普通类,2073_14_0
47,北京航空航天大学,2024,广东,2073,本科批,工程力学,（202）,662.0,0.0,0.0,1324.0,2.0,普通类,2073_14_0
47,北京航空航天大学,2024,广东,2073,本科批,工科试验班类,（202）,662.0,0.0,0.0,1324.0,4.0,普通类,2073_14_0
47,北京航空航天大学,2024,广东,2073,本科批,工科试验班类,（202）,662.0,0.0,0.0,1324.0,34.0,普通类,2073_14_0
47,北京航空航天大学,2024,广东,2073,本科批,理科试验班类,（202）,662.0,0.0,0.0,1324.0,10.0,普通类,2073_14_0
47,北京航空航天大学,2024,广东,2073,本科批,理科试验班类,（202）,660.0,0.0,0.0,1545.0,15.0,普通类,2073_14_0
47,北京航空航天大学,2024,广东,2073,本科批,工科试验班类,（202）,658.0,0.0,0.0,1756.0,36.0,普通类,2073_14_0
47,北京航空航天大学,2024,广东,2073,本科批,工科试验班类,（206）,641.0,0.0,0.0,4677.0,7.0,普通类,2073_14_0
47,北京航空航天大学,2024,广东,2073,本科批,工科试验班类,（206）,641.0,0.0,0.0,4677.0,7.0,普通类,2073_14_153271
47,北京航空航天大学,2024,广东,2073,本科提前批,飞行技术,（101）,596.0,0.0,0.0,24887.0,35.0,普通类,2073_6_156936
47,北京航空航天大学,2024,广东,2073,本科提前批,飞行技术,（101）,596.0,0.0,0.0,24887.0,35.0,普通类,2073_6_0
47,北京航空航天大学,2024,广西,2074,本科批,社会科学试验班,（102）,628.0,647.0,635.0,381.0,,普通类,2074_14_200218
47,北京航空航天大学,2024,广西,2074,本科批,社会科学试验班,（102）,628.0,647.0,635.0,381.0,,普通类,2074_14_0
47,北京航空航天大学,2024,广西,2073,本科批,人工智能,（101）,668.0,668.0,668.0,234.0,,普通类,2073_14_200951
47,北京航空航天大学,2024,广西,2073,本科批,网络空间安全,（101）,666.0,668.0,667.0,269.0,,普通类,2073_14_200951
47,北京航空航天大学,2024,广西,2073,本科批,数学与应用数学,（101）,666.0,666.0,666.0,269.0,,普通类,2073_14_200951
47,北京航空航天大学,2024,广西,2073,本科批,工科试验班类,（101）,665.0,679.0,670.0,290.0,,普通类,2073_14_200951
47,北京航空航天大学,2024,广西,2073,本科批,理科试验班类,（101）,663.0,663.0,663.0,345.0,,普通类,2073_14_200951
47,北京航空航天大学,2024,广西,2073,本科批,工科试验班类,（101）,662.0,662.0,662.0,366.0,,普通类,2073_14_200951
47,北京航空航天大学,2024,广西,2073,本科批,工科试验班类,（101）,661.0,665.0,663.0,397.0,,普通类,2073_14_200951
47,北京航空航天大学,2024,广西,2073,本科批,工科试验班类,（101）,661.0,668.0,663.0,397.0,,普通类,2073_14_200951
47,北京航空航天大学,2024,广西,2073,本科批,人工智能,（101）,668.0,668.0,668.0,234.0,,普通类,2073_14_0
47,北京航空航天大学,2024,广西,2073,本科批,网络空间安全,（101）,666.0,668.0,667.0,269.0,,普通类,2073_14_0
47,北京航空航天大学,2024,广西,2073,本科批,数学与应用数学,（101）,666.0,666.0,666.0,269.0,,普通类,2073_14_0
47,北京航空航天大学,2024,广西,2073,本科批,工科试验班类,（101）,665.0,679.0,670.0,290.0,,普通类,2073_14_0
47,北京航空航天大学,2024,广西,2073,本科批,理科试验班类,（101）,663.0,663.0,663.0,345.0,,普通类,2073_14_0
47,北京航空航天大学,2024,广西,2073,本科批,工科试验班类,（101）,662.0,662.0,662.0,366.0,,普通类,2073_14_0
47,北京航空航天大学,2024,广西,2073,本科批,工科试验班类,（101）,661.0,665.0,663.0,397.0,,普通类,2073_14_0
47,北京航空航天大学,2024,广西,2073,本科批,工科试验班类,（101）,661.0,668.0,663.0,397.0,,普通类,2073_14_0
47,北京航空航天大学,2024,广西,2073,本科批,工科试验班类,（701）,654.0,660.0,658.0,659.0,,民族班,2073_14_0
47,北京航空航天大学,2024,广西,2073,本科批,理科试验班类,（701）,654.0,654.0,654.0,659.0,,民族班,2073_14_0
47,北京航空航天大学,2024,广西,2073,本科批,工科试验班类,（501）,623.0,631.0,627.0,3234.0,,国家专项计划,2073_14_0
47,北京航空航天大学,2024,广西,2073,本科批,理科试验班类,（501）,622.0,629.0,626.0,3380.0,,国家专项计划,2073_14_0
47,北京航空航天大学,2024,广西,2073,本科批,工科试验班类,（501）,623.0,631.0,627.0,3234.0,,国家专项计划,2073_14_197087
47,北京航空航天大学,2024,广西,2073,本科批,理科试验班类,（501）,622.0,629.0,626.0,3380.0,,国家专项计划,2073_14_197087
47,北京航空航天大学,2024,广西,2073,本科批,工科试验班类,（701）,654.0,660.0,658.0,659.0,,民族班,2073_14_196795
47,北京航空航天大学,2024,广西,2073,本科批,理科试验班类,（701）,654.0,654.0,654.0,659.0,,民族班,2073_14_196795
47,北京航空航天大学,2024,重庆,2074,本科批,社会科学试验班,,622.0,0.0,0.0,636.0,,普通类,2074_14_0
47,北京航空航天大学,2024,重庆,2073,本科批,计算机科学与技术,,689.0,0.0,0.0,161.0,,普通类,2073_14_0
47,北京航空航天大学,2024,重庆,2073,本科批,工科试验班类,,680.0,0.0,0.0,345.0,,普通类,2073_14_0
47,北京航空航天大学,2024,重庆,2073,本科批,人工智能,,680.0,0.0,0.0,345.0,,普通类,2073_14_0
47,北京航空航天大学,2024,重庆,2073,本科批,网络空间安全,,679.0,0.0,0.0,376.0,,普通类,2073_14_0
47,北京航空航天大学,2024,重庆,2073,本科批,数学与应用数学,,677.0,0.0,0.0,447.0,,普通类,2073_14_0
47,北京航空航天大学,2024,重庆,2073,本科批,工科试验班类,,675.0,0.0,0.0,518.0,,普通类,2073_14_0
47,北京航空航天大学,2024,重庆,2073,本科批,工科试验班类,,674.0,0.0,0.0,560.0,,普通类,2073_14_0
47,北京航空航天大学,2024,重庆,2073,本科批,理科试验班类,,673.0,0.0,0.0,617.0,,普通类,2073_14_0
47,北京航空航天大学,2024,重庆,2073,本科批,工科试验班类,,672.0,0.0,0.0,671.0,,普通类,2073_14_0
47,北京航空航天大学,2024,重庆,2073,本科批,工科试验班类,,652.0,0.0,0.0,2258.0,,中外合作办学,2073_14_0
47,北京航空航天大学,2024,重庆,2073,本科提前批B段,工科试验班类,,666.0,0.0,0.0,1020.0,,普通类,2073_37_0
47,北京航空航天大学,2024,重庆,2073,本科提前批B段,理科试验班类,,664.0,0.0,0.0,1162.0,,普通类,2073_37_0
47,北京航空航天大学,2024,四川,2,本科一批,社会科学试验班,,610.0,0.0,0.0,688.0,12.0,普通类,2_7_0
47,北京航空航天大学,2024,四川,1,本科一批,工科试验班类,,689.0,0.0,0.0,228.0,,普通类,1_7_0
47,北京航空航天大学,2024,四川,1,本科一批,微电子科学与工程,,683.0,0.0,0.0,446.0,2.0,普通类,1_7_0
47,北京航空航天大学,2024,四川,1,本科一批,人工智能,,680.0,0.0,0.0,618.0,1.0,普通类,1_7_0
47,北京航空航天大学,2024,四川,1,本科一批,工程力学,,679.0,0.0,0.0,671.0,3.0,普通类,1_7_0
47,北京航空航天大学,2024,四川,1,本科一批,飞行器动力工程,,678.0,0.0,0.0,741.0,4.0,普通类,1_7_0
47,北京航空航天大学,2024,四川,1,本科一批,工科试验班类,,676.0,0.0,0.0,894.0,,普通类,1_7_0
47,北京航空航天大学,2024,四川,1,本科一批,工科试验班类,,674.0,0.0,0.0,1047.0,,普通类,1_7_0
47,北京航空航天大学,2024,四川,1,本科一批,工科试验班类,,674.0,0.0,0.0,1047.0,,普通类,1_7_0
47,北京航空航天大学,2024,四川,1,本科一批,理科试验班类,,673.0,0.0,0.0,1134.0,,普通类,1_7_0
47,北京航空航天大学,2024,四川,1,本科一批,理科试验班类,,673.0,0.0,0.0,1134.0,,普通类,1_7_0
47,北京航空航天大学,2024,四川,1,本科一批,工科试验班类,,657.0,0.0,0.0,3312.0,,中外合作办学,1_7_0
47,北京航空航天大学,2024,贵州,2074,本科批,社会科学试验班,,632.0,0.0,0.0,437.0,3.0,普通类,2074_14_0
47,北京航空航天大学,2024,贵州,2073,本科批,工科试验班类,,674.0,0.0,0.0,223.0,,普通类,2073_14_0
47,北京航空航天大学,2024,贵州,2073,本科批,人工智能,,674.0,0.0,0.0,233.0,1.0,普通类,2073_14_0
47,北京航空航天大学,2024,贵州,2073,本科批,数学与应用数学,,672.0,0.0,0.0,284.0,1.0,普通类,2073_14_0
47,北京航空航天大学,2024,贵州,2073,本科批,飞行器动力工程,,671.0,0.0,0.0,329.0,2.0,普通类,2073_14_0
47,北京航空航天大学,2024,贵州,2073,本科批,工程力学,,671.0,0.0,0.0,303.0,1.0,普通类,2073_14_0
47,北京航空航天大学,2024,贵州,2073,本科批,微电子科学与工程,,671.0,0.0,0.0,327.0,1.0,普通类,2073_14_0
47,北京航空航天大学,2024,贵州,2073,本科批,物理学,,669.0,0.0,0.0,378.0,1.0,普通类,2073_14_0
47,北京航空航天大学,2024,贵州,2073,本科批,工科试验班类,,663.0,0.0,0.0,563.0,,普通类,2073_14_0
47,北京航空航天大学,2024,贵州,2073,本科批,工科试验班类,,663.0,0.0,0.0,573.0,,普通类,2073_14_0
47,北京航空航天大学,2024,贵州,2073,本科批,理科试验班类,,663.0,0.0,0.0,585.0,,普通类,2073_14_0
47,北京航空航天大学,2024,贵州,2073,本科批,工科试验班类,,660.0,0.0,0.0,710.0,,普通类,2073_14_0
47,北京航空航天大学,2024,贵州,2073,本科批,工科试验班类,,655.0,0.0,0.0,978.0,,普通类,2073_14_0
47,北京航空航天大学,2024,贵州,2073,本科批,理科试验班类,,654.0,0.0,0.0,1063.0,,普通类,2073_14_0
47,北京航空航天大学,2024,贵州,2073,本科批,理科试验班类,,648.0,0.0,0.0,1420.0,,普通类,2073_14_0
47,北京航空航天大学,2024,贵州,2073,本科批,工科试验班类,,647.0,0.0,0.0,1525.0,,普通类,2073_14_0
47,北京航空航天大学,2024,贵州,2073,本科批,工科试验班类,,646.0,0.0,0.0,1622.0,,中外合作办学,2073_14_0
47,北京航空航天大学,2024,云南,2,本科一批,社会科学试验班,,646.0,651.0,0.0,285.0,3.0,普通类,2_7_0
47,北京航空航天大学,2024,云南,1,本科一批,工科试验班类,,669.0,680.0,0.0,314.0,1.0,普通类,1_7_0
47,北京航空航天大学,2024,云南,1,本科一批,网络空间安全,,668.0,669.0,0.0,340.0,2.0,普通类,1_7_0
47,北京航空航天大学,2024,云南,1,本科一批,工科试验班类,,665.0,667.0,0.0,425.0,2.0,普通类,1_7_0
47,北京航空航天大学,2024,云南,1,本科一批,理科试验班类,,665.0,665.0,0.0,425.0,7.0,普通类,1_7_0
47,北京航空航天大学,2024,云南,1,本科一批,物理学,,665.0,669.0,0.0,425.0,2.0,普通类,1_7_0
47,北京航空航天大学,2024,云南,1,本科一批,工科试验班类,,664.0,667.0,0.0,456.0,17.0,普通类,1_7_0
47,北京航空航天大学,2024,云南,1,本科一批,工科试验班类,,663.0,673.0,0.0,488.0,14.0,普通类,1_7_0
47,北京航空航天大学,2024,云南,1,本科一批,工科试验班类,,657.0,663.0,0.0,681.0,5.0,普通类,1_7_0
47,北京航空航天大学,2024,云南,1,本科一批,理科试验班类,,656.0,662.0,0.0,721.0,2.0,普通类,1_7_0
47,北京航空航天大学,2024,陕西,2,本科一批,社会科学试验班,,605.0,607.0,606.0,435.0,,普通类,2_7_0
47,北京航空航天大学,2024,陕西,1,本科一批,计算机科学与技术,,688.0,688.0,688.0,195.0,,普通类,1_7_0
47,北京航空航天大学,2024,陕西,1,本科一批,工科试验班类,,680.0,683.0,682.0,364.0,,普通类,1_7_0
47,北京航空航天大学,2024,陕西,1,本科一批,人工智能,,680.0,680.0,680.0,364.0,,普通类,1_7_0
47,北京航空航天大学,2024,陕西,1,本科一批,飞行器动力工程,,678.0,679.0,679.0,426.0,,普通类,1_7_0
47,北京航空航天大学,2024,陕西,1,本科一批,工科试验班类,,674.0,678.0,676.0,592.0,,普通类,1_7_0
47,北京航空航天大学,2024,陕西,1,本科一批,工科试验班类,,672.0,675.0,674.0,665.0,,普通类,1_7_0
47,北京航空航天大学,2024,陕西,1,本科一批,工科试验班类,,667.0,677.0,673.0,905.0,,普通类,1_7_0
47,北京航空航天大学,2024,陕西,1,本科一批,理科试验班类,,667.0,677.0,672.0,905.0,,普通类,1_7_0
47,北京航空航天大学,2024,陕西,1,本科一批,理科试验班类,,666.0,674.0,668.0,957.0,,普通类,1_7_0
47,北京航空航天大学,2024,陕西,1,本科一批,工科试验班类,,658.0,670.0,0.0,1422.0,12.0,国家专项计划,1_7_0
47,北京航空航天大学,2024,陕西,1,本科一批,理科试验班类,,656.0,657.0,0.0,1533.0,4.0,国家专项计划,1_7_0
47,北京航空航天大学,2024,陕西,1,本科一批,工科试验班类,,647.0,661.0,651.0,2233.0,,中外合作办学,1_7_0
47,北京航空航天大学,2024,甘肃,2074,本科批C段,社会科学试验班,（004）,627.0,637.0,630.0,231.0,10.0,普通类,2074_3453_139781
47,北京航空航天大学,2024,甘肃,2074,本科批C段,社会科学试验班,（004）,627.0,637.0,630.0,231.0,10.0,普通类,2074_3453_0
47,北京航空航天大学,2024,甘肃,2073,本科批C段,计算机科学与技术,（005）,667.0,667.0,667.0,199.0,1.0,普通类,2073_3453_139305
47,北京航空航天大学,2024,甘肃,2073,本科批C段,工科试验班类,（005）,664.0,664.0,664.0,269.0,1.0,普通类,2073_3453_139305
47,北京航空航天大学,2024,甘肃,2073,本科批C段,微电子科学与工程,（005）,664.0,0.0,0.0,269.0,2.0,普通类,2073_3453_139305
47,北京航空航天大学,2024,甘肃,2073,本科批C段,理科试验班类,（005）,661.0,661.0,661.0,341.0,4.0,普通类,2073_3453_139305
47,北京航空航天大学,2024,甘肃,2073,本科批C段,工科试验班类,（005）,660.0,660.0,660.0,370.0,2.0,普通类,2073_3453_139305
47,北京航空航天大学,2024,甘肃,2073,本科批C段,化学,（005）,657.0,657.0,657.0,439.0,2.0,普通类,2073_3453_139305
47,北京航空航天大学,2024,甘肃,2073,本科批C段,工科试验班类,（005）,657.0,0.0,0.0,439.0,15.0,普通类,2073_3453_139305
47,北京航空航天大学,2024,甘肃,2073,本科批C段,工科试验班类,（005）,656.0,0.0,0.0,461.0,16.0,普通类,2073_3453_139305
47,北京航空航天大学,2024,甘肃,2073,本科批C段,计算机科学与技术,（005）,667.0,667.0,667.0,199.0,1.0,普通类,2073_3453_0
47,北京航空航天大学,2024,甘肃,2073,本科批C段,工科试验班类,（005）,664.0,664.0,664.0,269.0,1.0,普通类,2073_3453_0
47,北京航空航天大学,2024,甘肃,2073,本科批C段,微电子科学与工程,（005）,664.0,0.0,0.0,269.0,2.0,普通类,2073_3453_0
47,北京航空航天大学,2024,甘肃,2073,本科批C段,理科试验班类,（005）,661.0,661.0,661.0,341.0,4.0,普通类,2073_3453_0
47,北京航空航天大学,2024,甘肃,2073,本科批C段,工科试验班类,（005）,660.0,660.0,660.0,370.0,2.0,普通类,2073_3453_0
47,北京航空航天大学,2024,甘肃,2073,本科批C段,化学,（005）,657.0,657.0,657.0,439.0,2.0,普通类,2073_3453_0
47,北京航空航天大学,2024,甘肃,2073,本科批C段,工科试验班类,（005）,657.0,0.0,0.0,439.0,15.0,普通类,2073_3453_0
47,北京航空航天大学,2024,甘肃,2073,本科批C段,工科试验班类,（005）,656.0,0.0,0.0,461.0,16.0,普通类,2073_3453_0
47,北京航空航天大学,2024,甘肃,2073,本科批C段,工科试验班类,（006）,639.0,0.0,0.0,1162.0,24.0,国家专项计划,2073_3453_0
47,北京航空航天大学,2024,甘肃,2073,本科批C段,工科试验班类,（007）,638.0,0.0,0.0,1218.0,7.0,民族班,2073_3453_0
47,北京航空航天大学,2024,甘肃,2073,本科批C段,理科试验班类,（006）,638.0,0.0,0.0,1218.0,8.0,国家专项计划,2073_3453_0
47,北京航空航天大学,2024,甘肃,2073,本科批C段,理科试验班类,（007）,636.0,0.0,0.0,1359.0,2.0,民族班,2073_3453_0
47,北京航空航天大学,2024,甘肃,2073,本科批C段,工科试验班类,（006）,639.0,0.0,0.0,1162.0,24.0,国家专项计划,2073_3453_138961
47,北京航空航天大学,2024,甘肃,2073,本科批C段,理科试验班类,（006）,638.0,0.0,0.0,1218.0,8.0,国家专项计划,2073_3453_138961
47,北京航空航天大学,2024,甘肃,2073,本科批C段,工科试验班类,（007）,638.0,0.0,0.0,1218.0,7.0,民族班,2073_3453_138709
47,北京航空航天大学,2024,甘肃,2073,本科批C段,理科试验班类,（007）,636.0,0.0,0.0,1359.0,2.0,民族班,2073_3453_138709
47,北京航空航天大学,2024,青海,2,本科一段,社会科学试验班,,567.0,571.0,569.0,127.0,2.0,普通类,2_1564_0
47,北京航空航天大学,2024,青海,1,本科一段,工科试验班类,,625.0,633.0,628.0,66.0,4.0,普通类,1_1564_0
47,北京航空航天大学,2024,青海,1,本科一段,人工智能,,621.0,621.0,621.0,79.0,1.0,普通类,1_1564_0
47,北京航空航天大学,2024,青海,1,本科一段,工科试验班类,,620.0,622.0,621.0,87.0,4.0,普通类,1_1564_0
47,北京航空航天大学,2024,青海,1,本科一段,工科试验班类,,620.0,620.0,620.0,87.0,1.0,普通类,1_1564_0
47,北京航空航天大学,2024,宁夏,2,本科一批,社会科学试验班,,605.0,611.0,608.0,127.0,2.0,普通类,2_7_0
47,北京航空航天大学,2024,宁夏,1,本科一批,人工智能,,634.0,634.0,634.0,104.0,1.0,普通类,1_7_0
47,北京航空航天大学,2024,宁夏,1,本科一批,工科试验班类,,633.0,642.0,636.0,110.0,7.0,普通类,1_7_0
47,北京航空航天大学,2024,宁夏,1,本科一批,工科试验班类,,632.0,637.0,633.0,121.0,5.0,普通类,1_7_0
47,北京航空航天大学,2024,宁夏,1,本科一批,数学与应用数学,,632.0,632.0,632.0,121.0,1.0,普通类,1_7_0
47,北京航空航天大学,2024,宁夏,1,本科一批,工科试验班类,,631.0,631.0,631.0,124.0,1.0,普通类,1_7_0
47,北京航空航天大学,2024,宁夏,1,本科一批,工科试验班类,,596.0,611.0,603.0,,5.0,民族班,1_7_0
47,北京航空航天大学,2024,宁夏,1,本科一批,理科试验班类,,594.0,614.0,601.0,,3.0,民族班,1_7_0
47,北京航空航天大学,2024,新疆,1,本科一批,工科试验班类,,637.0,637.0,0.0,,1.0,普通类,1_7_0
47,北京航空航天大学,2024,新疆,1,本科一批,微电子科学与工程,,632.0,633.0,0.0,,2.0,普通类,1_7_0
47,北京航空航天大学,2024,新疆,1,本科一批,物理学,,629.0,629.0,0.0,,2.0,普通类,1_7_0
47,北京航空航天大学,2024,新疆,1,本科一批,工科试验班类,,626.0,630.0,0.0,,2.0,普通类,1_7_0
47,北京航空航天大学,2024,新疆,1,本科一批,工科试验班类,,622.0,0.0,0.0,,14.0,普通类,1_7_0
47,北京航空航天大学,2024,新疆,1,本科一批,工科试验班类,,618.0,630.0,0.0,,16.0,普通类,1_7_0
47,北京航空航天大学,2024,新疆,1,本科一批,理科试验班类,,617.0,620.0,0.0,,6.0,普通类,1_7_0
47,北京航空航天大学,2024,新疆,1,本科一批,飞行器动力工程,,606.0,613.0,0.0,,3.0,普通类,1_7_0
143,北京理工大学,2020,北京,3,本科批,会计学,（03）,630.0,0.0,0.0,4830.0,48.0,中外合作办学,3_14_115
143,北京理工大学,2020,北京,3,本科批,理科试验班,（02）,665.0,0.0,0.0,1437.0,11.0,普通类,3_14_0
143,北京理工大学,2020,北京,3,本科批,设计学类,（01）,654.0,0.0,0.0,2285.0,5.0,普通类,3_14_0
143,北京理工大学,2020,北京,3,本科批,经济管理试验班,（01）,654.0,0.0,0.0,2285.0,3.0,普通类,3_14_0
143,北京理工大学,2020,北京,3,本科批,工科试验班,（02）,654.0,0.0,0.0,2285.0,13.0,普通类,3_14_0
143,北京理工大学,2020,北京,3,本科批,工科试验班,（02）,653.0,0.0,0.0,2349.0,113.0,普通类,3_14_0
143,北京理工大学,2020,北京,3,本科批,理科试验班,（02）,653.0,0.0,0.0,2349.0,13.0,普通类,3_14_0
143,北京理工大学,2020,北京,3,本科批,工科试验班,（02）,653.0,0.0,0.0,2349.0,21.0,普通类,3_14_0
143,北京理工大学,2020,北京,3,本科批,会计学,（03）,630.0,0.0,0.0,4830.0,48.0,中外合作办学,3_14_0
143,北京理工大学,2020,北京,3,本科批,理科试验班,（02）,665.0,0.0,0.0,1437.0,11.0,普通类,3_14_114
143,北京理工大学,2020,北京,3,本科批,工科试验班,（02）,654.0,0.0,0.0,2285.0,13.0,普通类,3_14_114
143,北京理工大学,2020,北京,3,本科批,工科试验班,（02）,653.0,0.0,0.0,2349.0,113.0,普通类,3_14_114
143,北京理工大学,2020,北京,3,本科批,理科试验班,（02）,653.0,0.0,0.0,2349.0,13.0,普通类,3_14_114
143,北京理工大学,2020,北京,3,本科批,工科试验班,（02）,653.0,0.0,0.0,2349.0,21.0,普通类,3_14_114
143,北京理工大学,2020,北京,3,本科批,设计学类,（01）,654.0,0.0,0.0,2285.0,5.0,普通类,3_14_113
143,北京理工大学,2020,北京,3,本科批,经济管理试验班,（01）,654.0,0.0,0.0,2285.0,3.0,普通类,3_14_113
143,北京理工大学,2020,天津,3,本科提前批A段,社会科学试验班,（1）,657.0,0.0,0.0,3789.0,10.0,普通类,3_36_11913
143,北京理工大学,2020,天津,3,本科提前批A段,工科试验班,（2）,685.0,0.0,0.0,921.0,14.0,普通类,3_36_0
143,北京理工大学,2020,天津,3,本科提前批A段,社会科学试验班,（1）,657.0,0.0,0.0,3789.0,10.0,普通类,3_36_0
143,北京理工大学,2020,天津,3,本科提前批A段,工科试验班,（2）,685.0,0.0,0.0,921.0,14.0,普通类,3_36_11914
143,北京理工大学,2020,天津,3,本科批A段,理科试验班,（3）,693.0,0.0,0.0,478.0,7.0,普通类,3_46_9446
143,北京理工大学,2020,天津,3,本科批A段,工科试验班,（3）,688.0,0.0,0.0,725.0,2.0,普通类,3_46_9446
143,北京理工大学,2020,天津,3,本科批A段,工科试验班,（3）,686.0,0.0,0.0,856.0,21.0,普通类,3_46_9446
143,北京理工大学,2020,天津,3,本科批A段,理科试验班,（3）,686.0,0.0,0.0,856.0,5.0,普通类,3_46_9446
143,北京理工大学,2020,天津,3,本科批A段,工科试验班,（3）,686.0,0.0,0.0,856.0,16.0,普通类,3_46_9446
143,北京理工大学,2020,天津,3,本科批A段,理科试验班,（3）,693.0,0.0,0.0,478.0,7.0,普通类,3_46_0
143,北京理工大学,2020,天津,3,本科批A段,工科试验班,（3）,688.0,0.0,0.0,725.0,2.0,普通类,3_46_0
143,北京理工大学,2020,天津,3,本科批A段,工科试验班,（3）,686.0,0.0,0.0,856.0,21.0,普通类,3_46_0
143,北京理工大学,2020,天津,3,本科批A段,理科试验班,（3）,686.0,0.0,0.0,856.0,5.0,普通类,3_46_0
143,北京理工大学,2020,天津,3,本科批A段,工科试验班,（3）,686.0,0.0,0.0,856.0,16.0,普通类,3_46_0
143,北京理工大学,2020,河北,1,本科提前批,理科试验班,,679.0,683.0,680.0,1215.0,24.0,普通类,1_6_0
143,北京理工大学,2020,河北,1,本科提前批,工科试验班,,672.0,675.0,674.0,2080.0,2.0,普通类,1_6_0
143,北京理工大学,2020,河北,1,本科提前批,理科试验班,,670.0,673.0,672.0,2384.0,6.0,普通类,1_6_0
143,北京理工大学,2020,河北,1,本科提前批,会计学,,652.0,661.0,656.0,6430.0,10.0,中外合作办学,1_6_0
143,北京理工大学,2020,河北,2,本科批,社会科学试验班,,632.0,637.0,634.0,730.0,15.0,普通类,2_14_0
143,北京理工大学,2020,河北,1,本科批,理科试验班,,686.0,690.0,687.0,652.0,37.0,普通类,1_14_0
143,北京理工大学,2020,河北,1,本科批,工科试验班,,683.0,685.0,684.0,850.0,38.0,普通类,1_14_0
143,北京理工大学,2020,河北,1,本科批,工科试验班,,682.0,685.0,684.0,922.0,10.0,普通类,1_14_0
143,北京理工大学,2020,河北,1,本科批,工科试验班,,682.0,683.0,683.0,922.0,2.0,普通类,1_14_0
143,北京理工大学,2020,河北,1,本科批,工科试验班,,682.0,685.0,683.0,922.0,19.0,普通类,1_14_0
143,北京理工大学,2020,河北,1,本科批,经济管理试验班,,682.0,682.0,682.0,922.0,1.0,普通类,1_14_0
143,北京理工大学,2020,山西,1,本科一批A段,理科试验班,,657.0,0.0,0.0,769.0,,普通类,1_51_0
143,北京理工大学,2020,山西,1,本科一批A段,工科试验班,,651.0,0.0,0.0,1100.0,,普通类,1_51_0
143,北京理工大学,2020,山西,1,本科一批A段,经济管理试验班,,650.0,0.0,0.0,1167.0,1.0,普通类,1_51_0
143,北京理工大学,2020,山西,1,本科一批A段,理科试验班,,650.0,0.0,0.0,1167.0,,普通类,1_51_0
143,北京理工大学,2020,山西,1,本科一批A段,工科试验班,,649.0,0.0,0.0,1240.0,,普通类,1_51_0
143,北京理工大学,2020,山西,1,本科一批A段,工科试验班,,649.0,0.0,0.0,1240.0,,普通类,1_51_0
143,北京理工大学,2020,山西,1,本科一批A段,工科试验班,,649.0,0.0,0.0,1240.0,,普通类,1_51_0
143,北京理工大学,2020,山西,2,本科一批A段,社会科学试验班,,595.0,0.0,0.0,675.0,16.0,普通类,2_51_0
143,北京理工大学,2020,内蒙古,1,本科提前批B段,工科试验班,,636.0,640.0,0.0,931.0,,普通类,1_37_0
143,北京理工大学,2020,内蒙古,1,本科提前批B段,工科试验班,,635.0,636.0,0.0,973.0,,普通类,1_37_0
143,北京理工大学,2020,内蒙古,1,本科一批,理科试验班,,655.0,666.0,0.0,402.0,22.0,普通类,1_7_0
143,北京理工大学,2020,内蒙古,1,本科一批,工科试验班,,649.0,653.0,0.0,528.0,,普通类,1_7_0
143,北京理工大学,2020,内蒙古,1,本科一批,工科试验班,,649.0,653.0,0.0,528.0,,普通类,1_7_0
143,北京理工大学,2020,内蒙古,1,本科一批,工科试验班,,648.0,658.0,0.0,560.0,,普通类,1_7_0
143,北京理工大学,2020,内蒙古,1,本科一批,工科试验班,,648.0,653.0,0.0,560.0,,普通类,1_7_0
143,北京理工大学,2020,内蒙古,1,本科一批,会计学,,602.0,615.0,0.0,2778.0,9.0,中外合作办学,1_7_0
143,北京理工大学,2020,内蒙古,2,本科一批,社会科学试验班,,625.0,629.0,0.0,337.0,8.0,普通类,2_7_0
143,北京理工大学,2020,辽宁,2,本科批,社会科学试验班,,637.0,0.0,0.0,556.0,10.0,普通类,2_14_0
143,北京理工大学,2020,辽宁,1,本科批,理科试验班,,666.0,0.0,0.0,913.0,,普通类,1_14_0
143,北京理工大学,2020,辽宁,1,本科批,工科试验班,,662.0,0.0,0.0,1161.0,,普通类,1_14_0
143,北京理工大学,2020,辽宁,1,本科批,工科试验班,,662.0,0.0,0.0,1161.0,,普通类,1_14_0
143,北京理工大学,2020,辽宁,1,本科批,工科试验班,,661.0,0.0,0.0,1234.0,,普通类,1_14_0
143,北京理工大学,2020,辽宁,1,本科批,工科试验班,,661.0,0.0,0.0,1234.0,,普通类,1_14_0
143,北京理工大学,2020,辽宁,1,本科批,会计学,,638.0,0.0,0.0,3361.0,5.0,普通类,1_14_0
143,北京理工大学,2020,吉林,2,本科一批A段,社会科学试验班,,604.0,0.0,608.0,520.0,10.0,普通类,2_51_0
143,北京理工大学,2020,吉林,1,本科一批A段,理科试验班,,659.0,0.0,661.0,741.0,14.0,普通类,1_51_0
143,北京理工大学,2020,吉林,1,本科一批A段,经济管理试验班,,651.0,0.0,651.0,1041.0,1.0,普通类,1_51_0
143,北京理工大学,2020,吉林,1,本科一批A段,工科试验班,,650.0,0.0,655.0,1079.0,4.0,普通类,1_51_0
143,北京理工大学,2020,吉林,1,本科一批A段,设计学类,,648.0,0.0,648.0,1172.0,1.0,普通类,1_51_0
143,北京理工大学,2020,吉林,1,本科一批A段,工科试验班,,647.0,0.0,654.0,1221.0,44.0,普通类,1_51_0
143,北京理工大学,2020,吉林,1,本科一批A段,理科试验班,,647.0,0.0,653.0,1221.0,5.0,普通类,1_51_0
143,北京理工大学,2020,吉林,1,本科一批A段,工科试验班,,647.0,0.0,652.0,1221.0,11.0,普通类,1_51_0
143,北京理工大学,2020,吉林,1,本科一批A段,工科试验班,,647.0,0.0,652.0,1221.0,16.0,普通类,1_51_0
143,北京理工大学,2020,黑龙江,2,本科一批A段,社会科学试验班,,605.0,609.0,0.0,444.0,6.0,普通类,2_51_0
143,北京理工大学,2020,黑龙江,1,本科一批A段,理科试验班,,666.0,676.0,0.0,716.0,,普通类,1_51_0
143,北京理工大学,2020,黑龙江,1,本科一批A段,经济管理试验班,,658.0,658.0,0.0,1036.0,1.0,普通类,1_51_0
143,北京理工大学,2020,黑龙江,1,本科一批A段,工科试验班,,654.0,663.0,0.0,1236.0,,普通类,1_51_0
143,北京理工大学,2020,黑龙江,1,本科一批A段,工科试验班,,654.0,662.0,0.0,1236.0,,普通类,1_51_0
143,北京理工大学,2020,黑龙江,1,本科一批A段,理科试验班,,651.0,656.0,0.0,1405.0,,普通类,1_51_0
143,北京理工大学,2020,黑龙江,1,本科一批A段,工科试验班,,650.0,661.0,0.0,1476.0,,普通类,1_51_0
143,北京理工大学,2020,黑龙江,1,本科一批A段,工科试验班,,649.0,665.0,0.0,1526.0,,普通类,1_51_0
143,北京理工大学,2020,黑龙江,1,本科一批A段,会计学,,627.0,636.0,0.0,3150.0,6.0,中外合作办学,1_51_0
143,北京理工大学,2020,上海,3,本科批,理科试验班,（01）,566.0,0.0,572.0,2678.0,4.0,普通类,3_14_8363
143,北京理工大学,2020,上海,3,本科批,工科试验班,（01）,559.0,0.0,560.0,3607.0,2.0,普通类,3_14_8363
143,北京理工大学,2020,上海,3,本科批,工科试验班,（01）,559.0,0.0,559.0,3607.0,3.0,普通类,3_14_8363
143,北京理工大学,2020,上海,3,本科批,工科试验班,（01）,558.0,0.0,559.0,3775.0,9.0,普通类,3_14_8363
143,北京理工大学,2020,上海,3,本科批,工科试验班,（01）,558.0,0.0,559.0,3775.0,7.0,普通类,3_14_8363
143,北京理工大学,2020,上海,3,本科批,理科试验班,（01）,566.0,0.0,572.0,2678.0,4.0,普通类,3_14_0
143,北京理工大学,2020,上海,3,本科批,工科试验班,（01）,559.0,0.0,560.0,3607.0,2.0,普通类,3_14_0
143,北京理工大学,2020,上海,3,本科批,工科试验班,（01）,559.0,0.0,559.0,3607.0,3.0,普通类,3_14_0
143,北京理工大学,2020,上海,3,本科批,工科试验班,（01）,558.0,0.0,559.0,3775.0,9.0,普通类,3_14_0
143,北京理工大学,2020,上海,3,本科批,工科试验班,（01）,558.0,0.0,559.0,3775.0,7.0,普通类,3_14_0
143,北京理工大学,2020,江苏,2,本科一批,社会科学试验班,,392.0,0.0,0.0,1174.0,6.0,普通类,2_7_0
143,北京理工大学,2020,江苏,1,本科一批,经济管理试验班,,400.0,0.0,0.0,4003.0,3.0,普通类,1_7_0
143,北京理工大学,2020,浙江,3,平行录取一段,理科试验班,,657.0,0.0,0.0,5965.0,,普通类,3_16_0
143,北京理工大学,2020,浙江,3,平行录取一段,工科试验班,,654.0,0.0,0.0,7260.0,,普通类,3_16_0
143,北京理工大学,2020,浙江,3,平行录取一段,工科试验班,,653.0,0.0,0.0,7444.0,,普通类,3_16_0
143,北京理工大学,2020,浙江,3,平行录取一段,理科试验班,,653.0,0.0,0.0,7605.0,,普通类,3_16_0
143,北京理工大学,2020,浙江,3,平行录取一段,工科试验班,,653.0,0.0,0.0,7813.0,,普通类,3_16_0
143,北京理工大学,2020,浙江,3,平行录取一段,工科试验班,,652.0,0.0,0.0,7934.0,,普通类,3_16_0
143,北京理工大学,2020,安徽,1,本科一批,理科试验班,,668.0,0.0,0.0,1407.0,12.0,普通类,1_7_0
143,北京理工大学,2020,安徽,1,本科一批,工科试验班,,667.0,0.0,0.0,1526.0,,普通类,1_7_0
143,北京理工大学,2020,安徽,1,本科一批,工科试验班,,663.0,0.0,0.0,1990.0,,普通类,1_7_0
143,北京理工大学,2020,安徽,1,本科一批,工科试验班,,662.0,0.0,0.0,2104.0,,普通类,1_7_0
143,北京理工大学,2020,安徽,1,本科一批,工科试验班,,662.0,0.0,0.0,2104.0,,普通类,1_7_0
143,北京理工大学,2020,福建,2,本科批,社会科学试验班,,609.0,613.0,611.0,925.0,5.0,普通类,2_14_0
143,北京理工大学,2020,福建,1,本科批,理科试验班,,660.0,667.0,662.0,1039.0,9.0,普通类,1_14_0
143,北京理工大学,2020,福建,1,本科批,工科试验班,,652.0,659.0,655.0,1564.0,46.0,普通类,1_14_0
143,北京理工大学,2020,福建,1,本科批,工科试验班,,652.0,659.0,655.0,1564.0,46.0,普通类,1_14_0
143,北京理工大学,2020,福建,1,本科批,工科试验班,,652.0,656.0,653.0,1564.0,11.0,普通类,1_14_0
143,北京理工大学,2020,福建,1,本科批,工科试验班,,651.0,659.0,653.0,1655.0,11.0,普通类,1_14_0
143,北京理工大学,2020,福建,1,本科批,工科试验班,,651.0,659.0,653.0,1655.0,11.0,普通类,1_14_0
143,北京理工大学,2020,福建,1,本科批,工科试验班,,651.0,652.0,651.0,1655.0,8.0,普通类,1_14_0
143,北京理工大学,2020,福建,1,本科批,理科试验班,,651.0,651.0,651.0,1655.0,2.0,普通类,1_14_0
143,北京理工大学,2020,福建,1,本科批,工科试验班,,651.0,652.0,651.0,1655.0,8.0,普通类,1_14_0
143,北京理工大学,2020,福建,1,本科批,会计学,,629.0,632.0,630.0,4148.0,5.0,中外合作办学,1_14_0
143,北京理工大学,2020,江西,2,本科一批,社会科学试验班,,606.0,0.0,0.0,772.0,6.0,普通类,2_7_0
143,北京理工大学,2020,江西,1,本科一批,理科试验班,,652.0,0.0,0.0,1335.0,16.0,普通类,1_7_0
143,北京理工大学,2020,江西,1,本科一批,工科试验班,,644.0,0.0,0.0,2139.0,15.0,普通类,1_7_0
143,北京理工大学,2020,江西,1,本科一批,设计学类,,643.0,0.0,0.0,2258.0,2.0,普通类,1_7_0
143,北京理工大学,2020,江西,1,本科一批,工科试验班,,643.0,0.0,0.0,2258.0,29.0,普通类,1_7_0
143,北京理工大学,2020,江西,1,本科一批,经济管理试验班,,642.0,0.0,0.0,2368.0,1.0,普通类,1_7_0
143,北京理工大学,2020,江西,1,本科一批,理科试验班,,642.0,0.0,0.0,2368.0,4.0,普通类,1_7_0
143,北京理工大学,2020,江西,1,本科一批,工科试验班,,641.0,0.0,0.0,2510.0,27.0,普通类,1_7_0
143,北京理工大学,2020,江西,1,本科一批,工科试验班,,641.0,0.0,0.0,2510.0,15.0,普通类,1_7_0
143,北京理工大学,2020,江西,1,本科一批,理科试验班,,635.0,0.0,0.0,3379.0,1.0,普通类,1_7_0
143,北京理工大学,2020,江西,1,本科一批,会计学,,608.0,0.0,0.0,9292.0,11.0,中外合作办学,1_7_0
143,北京理工大学,2020,山东,3,普通类一段,理科试验班,,671.0,0.0,0.0,1190.0,15.0,普通类,3_1570_0
143,北京理工大学,2020,山东,3,普通类一段,工科试验班,,666.0,0.0,0.0,1774.0,,普通类,3_1570_0
143,北京理工大学,2020,山东,3,普通类一段,工科试验班,,666.0,0.0,0.0,1744.0,,普通类,3_1570_0
143,北京理工大学,2020,山东,3,普通类一段,工科试验班,,666.0,0.0,0.0,1731.0,,普通类,3_1570_0
143,北京理工大学,2020,山东,3,普通类一段,工科试验班,,665.0,0.0,0.0,1874.0,,普通类,3_1570_0
143,北京理工大学,2020,河南,2,本科一批,社会科学试验班,,629.0,0.0,0.0,1077.0,10.0,普通类,2_7_0
143,北京理工大学,2020,河南,1,本科一批,理科试验班,,682.0,0.0,0.0,1377.0,22.0,普通类,1_7_0
143,北京理工大学,2020,河南,1,本科一批,经济管理试验班,,677.0,0.0,0.0,2065.0,1.0,普通类,1_7_0
143,北京理工大学,2020,河南,1,本科一批,工科试验班,,677.0,0.0,0.0,2065.0,9.0,普通类,1_7_0
143,北京理工大学,2020,河南,1,本科一批,工科试验班,,677.0,0.0,0.0,2065.0,37.0,普通类,1_7_0
143,北京理工大学,2020,河南,1,本科一批,工科试验班,,677.0,0.0,0.0,2065.0,19.0,普通类,1_7_0
143,北京理工大学,2020,河南,1,本科一批,工科试验班,,677.0,0.0,0.0,2065.0,15.0,普通类,1_7_0
143,北京理工大学,2020,河南,1,本科一批,会计学,,597.0,0.0,0.0,47088.0,5.0,中外合作办学,1_7_0
143,北京理工大学,2020,湖北,2,本科一批,社会科学试验班,,599.0,0.0,602.0,1417.0,10.0,普通类,2_7_0
143,北京理工大学,2020,湖北,1,本科一批,工科试验班,,657.0,0.0,657.0,1704.0,1.0,普通类,1_7_0
143,北京理工大学,2020,湖北,1,本科一批,理科试验班,,653.0,0.0,659.0,2186.0,12.0,普通类,1_7_0
143,北京理工大学,2020,湖北,1,本科一批,工科试验班,,646.0,0.0,649.0,3187.0,29.0,普通类,1_7_0
143,北京理工大学,2020,湖北,1,本科一批,工科试验班,,644.0,0.0,647.0,3512.0,16.0,普通类,1_7_0
143,北京理工大学,2020,湖北,1,本科一批,工科试验班,,641.0,0.0,644.0,4051.0,21.0,普通类,1_7_0
143,北京理工大学,2020,湖北,1,本科一批,经济管理试验班,,641.0,0.0,643.0,4051.0,3.0,普通类,1_7_0
143,北京理工大学,2020,湖北,1,本科一批,工科试验班,,641.0,0.0,643.0,4051.0,12.0,普通类,1_7_0
143,北京理工大学,2020,湖北,1,本科一批,理科试验班,,641.0,0.0,642.0,4051.0,5.0,普通类,1_7_0
143,北京理工大学,2020,湖北,1,本科一批,工科试验班,,638.0,0.0,639.0,4596.0,2.0,普通类,1_7_0
143,北京理工大学,2020,湖北,1,本科一批,工科试验班,,634.0,0.0,635.0,5451.0,3.0,普通类,1_7_0
143,北京理工大学,2020,湖北,1,本科一批,理科试验班,,633.0,0.0,635.0,5674.0,4.0,普通类,1_7_0
143,北京理工大学,2020,湖北,1,本科一批,会计学,,624.0,0.0,626.0,7914.0,6.0,中外合作办学,1_7_0
143,北京理工大学,2020,湖南,1,本科一批,理科试验班,,660.0,0.0,0.0,1401.0,17.0,普通类,1_7_0
143,北京理工大学,2020,湖南,1,本科一批,工科试验班,,652.0,0.0,0.0,2325.0,40.0,普通类,1_7_0
143,北京理工大学,2020,湖南,1,本科一批,工科试验班,,652.0,0.0,0.0,2325.0,18.0,普通类,1_7_0
143,北京理工大学,2020,湖南,1,本科一批,工科试验班,,650.0,0.0,0.0,2620.0,18.0,普通类,1_7_0
143,北京理工大学,2020,湖南,1,本科一批,工科试验班,,649.0,0.0,0.0,2760.0,28.0,普通类,1_7_0
143,北京理工大学,2020,湖南,1,本科一批,理科试验班,,649.0,0.0,0.0,2760.0,6.0,普通类,1_7_0
143,北京理工大学,2020,湖南,1,本科一批,经济管理试验班,,649.0,0.0,0.0,2760.0,4.0,普通类,1_7_0
143,北京理工大学,2020,湖南,2,本科一批,社会科学试验班,,630.0,0.0,0.0,834.0,4.0,普通类,2_7_0
143,北京理工大学,2020,广东,2,本科批,社会科学试验班,,600.0,0.0,602.0,1730.0,7.0,普通类,2_14_0
143,北京理工大学,2020,广东,1,本科批,理科试验班,,658.0,0.0,662.0,2259.0,51.0,普通类,1_14_0
143,北京理工大学,2020,广东,1,本科批,工科试验班,,656.0,0.0,656.0,2558.0,3.0,普通类,1_14_0
143,北京理工大学,2020,广东,1,本科批,工科试验班,,655.0,0.0,656.0,2760.0,4.0,普通类,1_14_0
143,北京理工大学,2020,广东,1,本科批,工科试验班,,654.0,0.0,655.0,2854.0,12.0,普通类,1_14_0
143,北京理工大学,2020,广东,1,本科提前批,理科试验班,,642.0,0.0,646.0,5127.0,19.0,普通类,1_6_0
143,北京理工大学,2020,广西,2,本科一批,社会科学试验班,,594.0,0.0,0.0,683.0,5.0,普通类,2_7_0
143,北京理工大学,2020,广西,1,本科一批,理科试验班,,661.0,0.0,0.0,654.0,8.0,普通类,1_7_0
143,北京理工大学,2020,广西,1,本科一批,工科试验班,,653.0,0.0,0.0,1049.0,15.0,普通类,1_7_0
143,北京理工大学,2020,广西,1,本科一批,工科试验班,,652.0,0.0,0.0,1093.0,1.0,普通类,1_7_0
143,北京理工大学,2020,广西,1,本科一批,理科试验班,,650.0,0.0,0.0,1197.0,2.0,普通类,1_7_0
143,北京理工大学,2020,广西,1,本科一批,工科试验班,,650.0,0.0,0.0,1197.0,5.0,普通类,1_7_0
143,北京理工大学,2020,广西,1,本科一批,工科试验班,,650.0,0.0,0.0,1197.0,13.0,普通类,1_7_0
143,北京理工大学,2020,广西,1,本科一批,工科试验班,,644.0,0.0,0.0,1529.0,1.0,普通类,1_7_0
143,北京理工大学,2020,广西,1,本科一批,工科试验班,,643.0,0.0,0.0,1627.0,1.0,普通类,1_7_0
143,北京理工大学,2020,广西,1,本科一批,工科试验班,,639.0,0.0,0.0,1895.0,1.0,普通类,1_7_0
143,北京理工大学,2020,广西,1,本科一批,经济管理试验班,,637.0,0.0,0.0,2062.0,1.0,普通类,1_7_0
143,北京理工大学,2020,广西,1,本科一批,理科试验班,,633.0,0.0,0.0,2410.0,5.0,普通类,1_7_0
143,北京理工大学,2020,海南,3,本科批,会计学,（05）,695.0,0.0,0.0,1515.0,5.0,中外合作办学,3_14_1573
143,北京理工大学,2020,海南,3,本科批,理科试验班,（06）,768.0,0.0,0.0,222.0,2.0,普通类,3_14_0
143,北京理工大学,2020,海南,3,本科批,理科试验班,（06）,743.0,0.0,0.0,450.0,2.0,普通类,3_14_0
143,北京理工大学,2020,海南,3,本科批,工科试验班,（06）,738.0,0.0,0.0,517.0,1.0,普通类,3_14_0
143,北京理工大学,2020,海南,3,本科批,工科试验班,（06）,738.0,0.0,0.0,517.0,10.0,普通类,3_14_0
143,北京理工大学,2020,海南,3,本科批,工科试验班,（06）,737.0,0.0,0.0,529.0,3.0,普通类,3_14_0
143,北京理工大学,2020,海南,3,本科批,工科试验班,（06）,737.0,0.0,0.0,529.0,4.0,普通类,3_14_0
143,北京理工大学,2020,海南,3,本科批,会计学,（05）,695.0,0.0,0.0,1515.0,5.0,中外合作办学,3_14_0
143,北京理工大学,2020,海南,3,本科批,理科试验班,（06）,768.0,0.0,0.0,222.0,2.0,普通类,3_14_1574
143,北京理工大学,2020,海南,3,本科批,理科试验班,（06）,743.0,0.0,0.0,450.0,2.0,普通类,3_14_1574
143,北京理工大学,2020,海南,3,本科批,工科试验班,（06）,738.0,0.0,0.0,517.0,1.0,普通类,3_14_1574
143,北京理工大学,2020,海南,3,本科批,工科试验班,（06）,738.0,0.0,0.0,517.0,10.0,普通类,3_14_1574
143,北京理工大学,2020,海南,3,本科批,工科试验班,（06）,737.0,0.0,0.0,529.0,3.0,普通类,3_14_1574
143,北京理工大学,2020,海南,3,本科批,工科试验班,（06）,737.0,0.0,0.0,529.0,4.0,普通类,3_14_1574
143,北京理工大学,2020,重庆,2,本科一批,社会科学试验班,,621.0,0.0,624.0,720.0,6.0,普通类,2_7_0
143,北京理工大学,2020,重庆,1,本科提前批,理科试验班,,645.0,0.0,647.0,2215.0,18.0,普通类,1_6_0
143,北京理工大学,2020,重庆,1,本科一批,理科试验班,,663.0,0.0,667.0,1060.0,18.0,普通类,1_7_0
143,北京理工大学,2020,重庆,1,本科一批,工科试验班,,654.0,0.0,658.0,1572.0,46.0,普通类,1_7_0
143,北京理工大学,2020,重庆,1,本科一批,工科试验班,,653.0,0.0,655.0,1636.0,9.0,普通类,1_7_0
143,北京理工大学,2020,重庆,1,本科一批,工科试验班,,653.0,0.0,655.0,1636.0,9.0,普通类,1_7_0
143,北京理工大学,2020,重庆,1,本科一批,工科试验班,,653.0,0.0,654.0,1636.0,4.0,普通类,1_7_0
143,北京理工大学,2020,重庆,1,本科一批,会计学,,616.0,0.0,622.0,5393.0,5.0,中外合作办学,1_7_0
143,北京理工大学,2020,四川,2,本科一批,社会科学试验班,,608.0,608.0,608.0,805.0,2.0,普通类,2_7_0
143,北京理工大学,2020,四川,1,本科一批,理科试验班,,669.0,678.0,671.0,1572.0,33.0,普通类,1_7_0
143,北京理工大学,2020,四川,1,本科一批,理科试验班,,665.0,665.0,665.0,2144.0,1.0,普通类,1_7_0
143,北京理工大学,2020,四川,1,本科一批,工科试验班,,663.0,669.0,666.0,2460.0,45.0,普通类,1_7_0
143,北京理工大学,2020,四川,1,本科一批,工科试验班,,663.0,668.0,665.0,2460.0,14.0,普通类,1_7_0
143,北京理工大学,2020,四川,1,本科一批,工科试验班,,663.0,666.0,664.0,2460.0,5.0,普通类,1_7_0
143,北京理工大学,2020,四川,1,本科一批,工科试验班,,662.0,668.0,665.0,2613.0,15.0,普通类,1_7_0
143,北京理工大学,2020,贵州,2,本科一批,社会科学试验班,,634.0,638.0,0.0,498.0,3.0,普通类,2_7_0
143,北京理工大学,2020,贵州,1,本科一批,理科试验班,,650.0,660.0,0.0,921.0,,普通类,1_7_0
143,北京理工大学,2020,贵州,1,本科一批,工科试验班,,638.0,659.0,0.0,1563.0,,普通类,1_7_0
143,北京理工大学,2020,贵州,1,本科一批,理科试验班,,638.0,651.0,0.0,1544.0,,普通类,1_7_0
143,北京理工大学,2020,贵州,1,本科一批,工科试验班,,637.0,649.0,0.0,1582.0,,普通类,1_7_0
143,北京理工大学,2020,贵州,1,本科一批,工科试验班,,637.0,651.0,0.0,1589.0,,普通类,1_7_0
143,北京理工大学,2020,贵州,1,本科一批,工科试验班,,637.0,649.0,0.0,1573.0,,普通类,1_7_0
143,北京理工大学,2020,贵州,1,本科一批,会计学,,596.0,608.0,0.0,6102.0,6.0,中外合作办学,1_7_0
143,北京理工大学,2020,云南,1,本科一批,理科试验班,,677.0,0.0,0.0,720.0,,普通类,1_7_0
143,北京理工大学,2020,云南,1,本科一批,工科试验班,,664.0,0.0,0.0,1485.0,,普通类,1_7_0
143,北京理工大学,2020,云南,1,本科一批,理科试验班,,662.0,0.0,0.0,1632.0,,普通类,1_7_0
143,北京理工大学,2020,云南,1,本科一批,工科试验班,,662.0,0.0,0.0,1632.0,,普通类,1_7_0
143,北京理工大学,2020,云南,1,本科一批,工科试验班,,662.0,0.0,0.0,1632.0,,普通类,1_7_0
143,北京理工大学,2020,云南,1,本科一批,工科试验班,,662.0,0.0,0.0,1632.0,,普通类,1_7_0
143,北京理工大学,2020,云南,1,本科一批,工科试验班,,661.0,0.0,0.0,1701.0,,普通类,1_7_0
143,北京理工大学,2020,云南,1,本科一批,工科试验班,,659.0,0.0,0.0,1848.0,,普通类,1_7_0
143,北京理工大学,2020,云南,1,本科一批,工科试验班,,655.0,0.0,0.0,2207.0,,普通类,1_7_0
143,北京理工大学,2020,云南,1,本科一批,经济管理试验班,,654.0,0.0,0.0,2308.0,,普通类,1_7_0
143,北京理工大学,2020,云南,1,本科一批,理科试验班,,654.0,0.0,0.0,2308.0,,普通类,1_7_0
143,北京理工大学,2020,云南,1,本科一批,会计学,,624.0,650.0,0.0,6447.0,6.0,中外合作办学,1_7_0
143,北京理工大学,2020,云南,2,本科一批,社会科学试验班,,637.0,0.0,0.0,630.0,6.0,普通类,2_7_0
143,北京理工大学,2020,陕西,2,本科一批,社会科学试验班,,636.0,0.0,0.0,550.0,5.0,普通类,2_7_0
143,北京理工大学,2020,陕西,1,本科一批,理科试验班,,662.0,0.0,0.0,1108.0,13.0,普通类,1_7_0
143,北京理工大学,2020,陕西,1,本科一批,经济管理试验班,,652.0,0.0,0.0,1599.0,1.0,普通类,1_7_0
143,北京理工大学,2020,陕西,1,本科一批,工科试验班,,651.0,0.0,0.0,1661.0,12.0,普通类,1_7_0
143,北京理工大学,2020,陕西,1,本科一批,设计学类,,649.0,0.0,0.0,1770.0,1.0,普通类,1_7_0
143,北京理工大学,2020,陕西,1,本科一批,工科试验班,,646.0,0.0,0.0,1953.0,45.0,普通类,1_7_0
143,北京理工大学,2020,陕西,1,本科一批,理科试验班,,644.0,0.0,0.0,2083.0,8.0,普通类,1_7_0
143,北京理工大学,2020,陕西,1,本科一批,工科试验班,,644.0,0.0,0.0,2083.0,19.0,普通类,1_7_0
143,北京理工大学,2020,陕西,1,本科一批,工科试验班,,644.0,0.0,0.0,2083.0,17.0,普通类,1_7_0
143,北京理工大学,2020,甘肃,2,本科一批,社会科学试验班,,617.0,0.0,0.0,343.0,2.0,普通类,2_7_0
143,北京理工大学,2020,青海,2,本科一批,社会科学试验班,,565.0,0.0,0.0,245.0,3.0,普通类,2_7_0
143,北京理工大学,2020,青海,1,本科一批,理科试验班,,616.0,0.0,0.0,108.0,,普通类,1_7_0
143,北京理工大学,2020,青海,1,本科一批,工科试验班,,586.0,0.0,0.0,284.0,,普通类,1_7_0
143,北京理工大学,2020,青海,1,本科一批,工科试验班,,579.0,0.0,0.0,362.0,,普通类,1_7_0
143,北京理工大学,2020,青海,1,本科一批,理科试验班,,579.0,0.0,0.0,362.0,,普通类,1_7_0
143,北京理工大学,2020,青海,1,本科一批,工科试验班,,578.0,0.0,0.0,368.0,,普通类,1_7_0
143,北京理工大学,2020,青海,1,本科一批,工科试验班,,577.0,0.0,0.0,382.0,,普通类,1_7_0
143,北京理工大学,2020,宁夏,2,本科一批,社会科学试验班,,603.0,0.0,0.0,1.0,2.0,普通类,2_7_0
143,北京理工大学,2020,宁夏,1,本科一批,理科试验班,,627.0,0.0,0.0,212.0,,普通类,1_7_0
143,北京理工大学,2020,宁夏,1,本科一批,理科试验班,,621.0,0.0,0.0,274.0,,普通类,1_7_0
143,北京理工大学,2020,宁夏,1,本科一批,工科试验班,,616.0,0.0,0.0,329.0,,普通类,1_7_0
143,北京理工大学,2020,宁夏,1,本科一批,经济管理试验班,,615.0,0.0,0.0,339.0,1.0,普通类,1_7_0
143,北京理工大学,2020,宁夏,1,本科一批,工科试验班,,612.0,0.0,0.0,368.0,,普通类,1_7_0
143,北京理工大学,2020,宁夏,1,本科一批,工科试验班,,612.0,0.0,0.0,368.0,,普通类,1_7_0
143,北京理工大学,2020,宁夏,1,本科一批,工科试验班,,612.0,0.0,0.0,368.0,,普通类,1_7_0
143,北京理工大学,2020,新疆,2,本科一批,社会科学试验班,,591.0,0.0,0.0,315.0,3.0,普通类,2_7_0
143,北京理工大学,2020,新疆,1,本科一批,理科试验班,,637.0,0.0,0.0,454.0,8.0,普通类,1_7_0
143,北京理工大学,2020,新疆,1,本科一批,工科试验班,,636.0,0.0,0.0,473.0,23.0,普通类,1_7_0
143,北京理工大学,2021,北京,3,本科批,会计学,（04）,626.0,0.0,0.0,4635.0,50.0,中外合作办学,3_14_17414
143,北京理工大学,2021,北京,3,本科批,工科试验班,（03）,664.0,0.0,0.0,1150.0,,普通类,3_14_0
143,北京理工大学,2021,北京,3,本科批,工科试验班,（02）,659.0,0.0,0.0,1485.0,,普通类,3_14_0
143,北京理工大学,2021,北京,3,本科批,工科试验班,（02）,653.0,0.0,0.0,1983.0,,普通类,3_14_0
143,北京理工大学,2021,北京,3,本科批,工科试验班,（02）,653.0,0.0,0.0,1983.0,,普通类,3_14_0
143,北京理工大学,2021,北京,3,本科批,工科试验班,（02）,653.0,0.0,0.0,1983.0,,普通类,3_14_0
143,北京理工大学,2021,北京,3,本科批,工科试验班,（02）,653.0,0.0,0.0,1983.0,,普通类,3_14_0
143,北京理工大学,2021,北京,3,本科批,理科试验班,（02）,653.0,0.0,0.0,1983.0,12.0,普通类,3_14_0
143,北京理工大学,2021,北京,3,本科批,经济管理试验班,（01）,650.0,0.0,0.0,2239.0,5.0,普通类,3_14_0
143,北京理工大学,2021,北京,3,本科批,工业设计,（01）,649.0,0.0,0.0,2309.0,4.0,普通类,3_14_0
143,北京理工大学,2021,北京,3,本科批,航空航天工程,（05）,634.0,0.0,0.0,3784.0,8.0,中外合作办学,3_14_0
143,北京理工大学,2021,北京,3,本科批,自动化,（05）,634.0,0.0,0.0,3784.0,6.0,中外合作办学,3_14_0
143,北京理工大学,2021,北京,3,本科批,会计学,（04）,626.0,0.0,0.0,4635.0,50.0,中外合作办学,3_14_0
143,北京理工大学,2021,北京,3,本科批,经济管理试验班,（01）,650.0,0.0,0.0,2239.0,5.0,普通类,3_14_17411
143,北京理工大学,2021,北京,3,本科批,工业设计,（01）,649.0,0.0,0.0,2309.0,4.0,普通类,3_14_17411
143,北京理工大学,2021,北京,3,本科批,工科试验班,（02）,659.0,0.0,0.0,1485.0,,普通类,3_14_17412
143,北京理工大学,2021,北京,3,本科批,工科试验班,（02）,653.0,0.0,0.0,1983.0,,普通类,3_14_17412
143,北京理工大学,2021,北京,3,本科批,工科试验班,（02）,653.0,0.0,0.0,1983.0,,普通类,3_14_17412
143,北京理工大学,2021,北京,3,本科批,工科试验班,（02）,653.0,0.0,0.0,1983.0,,普通类,3_14_17412
143,北京理工大学,2021,北京,3,本科批,工科试验班,（02）,653.0,0.0,0.0,1983.0,,普通类,3_14_17412
143,北京理工大学,2021,北京,3,本科批,理科试验班,（02）,653.0,0.0,0.0,1983.0,12.0,普通类,3_14_17412
143,北京理工大学,2021,北京,3,本科批,工科试验班,（03）,664.0,0.0,0.0,1150.0,,普通类,3_14_17413
143,北京理工大学,2021,北京,3,本科批,航空航天工程,（05）,634.0,0.0,0.0,3784.0,8.0,中外合作办学,3_14_17415
143,北京理工大学,2021,北京,3,本科批,自动化,（05）,634.0,0.0,0.0,3784.0,6.0,中外合作办学,3_14_17415
143,北京理工大学,2021,天津,3,本科批A段,会计学,（2）,663.0,0.0,0.0,2883.0,7.0,中外合作办学,3_46_13102
143,北京理工大学,2021,天津,3,本科批A段,工科试验班,（5）,698.0,0.0,0.0,1299.0,,普通类,3_46_0
143,北京理工大学,2021,天津,3,本科批A段,工科试验班,（1）,696.0,0.0,0.0,1299.0,,普通类,3_46_0
143,北京理工大学,2021,天津,3,本科批A段,工科试验班,（1）,691.0,0.0,0.0,1299.0,,普通类,3_46_0
143,北京理工大学,2021,天津,3,本科批A段,工科试验班,（1）,691.0,0.0,0.0,1299.0,,普通类,3_46_0
143,北京理工大学,2021,天津,3,本科批A段,工科试验班,（1）,691.0,0.0,0.0,1299.0,,普通类,3_46_0
143,北京理工大学,2021,天津,3,本科批A段,工科试验班,（1）,691.0,0.0,0.0,1299.0,,普通类,3_46_0
143,北京理工大学,2021,天津,3,本科批A段,自动化,（3）,676.0,0.0,0.0,1672.0,3.0,中外合作办学,3_46_0
143,北京理工大学,2021,天津,3,本科批A段,会计学,（2）,663.0,0.0,0.0,2883.0,7.0,中外合作办学,3_46_0
143,北京理工大学,2021,天津,3,本科批A段,工科试验班,（1）,696.0,0.0,0.0,1299.0,,普通类,3_46_13101
143,北京理工大学,2021,天津,3,本科批A段,工科试验班,（1）,691.0,0.0,0.0,1299.0,,普通类,3_46_13101
143,北京理工大学,2021,天津,3,本科批A段,工科试验班,（1）,691.0,0.0,0.0,1299.0,,普通类,3_46_13101
143,北京理工大学,2021,天津,3,本科批A段,工科试验班,（1）,691.0,0.0,0.0,1299.0,,普通类,3_46_13101
143,北京理工大学,2021,天津,3,本科批A段,工科试验班,（1）,691.0,0.0,0.0,1299.0,,普通类,3_46_13101
143,北京理工大学,2021,天津,3,本科批A段,自动化,（3）,676.0,0.0,0.0,1672.0,3.0,中外合作办学,3_46_13103
143,北京理工大学,2021,天津,3,本科批A段,工科试验班,（5）,698.0,0.0,0.0,1299.0,,普通类,3_46_13104
143,北京理工大学,2021,河北,2074,本科批,社会科学试验班,,623.0,0.0,0.0,793.0,24.0,普通类,2074_14_0
143,北京理工大学,2021,河北,2073,本科批,工科试验班,,664.0,0.0,0.0,553.0,,普通类,2073_14_0
143,北京理工大学,2021,河北,2073,本科批,工科试验班,,661.0,0.0,0.0,720.0,,普通类,2073_14_0
143,北京理工大学,2021,河北,2073,本科批,工科试验班,,658.0,0.0,0.0,909.0,,普通类,2073_14_0
143,北京理工大学,2021,河北,2073,本科批,工科试验班,,657.0,0.0,0.0,980.0,,普通类,2073_14_0
143,北京理工大学,2021,河北,2073,本科批,工科试验班,,657.0,0.0,0.0,980.0,,普通类,2073_14_0
143,北京理工大学,2021,河北,2073,本科批,工科试验班,,657.0,0.0,0.0,980.0,,普通类,2073_14_0
143,北京理工大学,2021,山西,1,本科一批A段,工科试验班,,645.0,0.0,0.0,677.0,,普通类,1_51_0
143,北京理工大学,2021,山西,1,本科一批A段,工科试验班,,639.0,0.0,0.0,948.0,,普通类,1_51_0
143,北京理工大学,2021,山西,1,本科一批A段,经济管理试验班,,633.0,0.0,0.0,1261.0,8.0,普通类,1_51_0
143,北京理工大学,2021,山西,1,本科一批A段,理科试验班,,633.0,0.0,0.0,1261.0,15.0,普通类,1_51_0
143,北京理工大学,2021,山西,1,本科一批A段,工科试验班,,632.0,0.0,0.0,1303.0,,普通类,1_51_0
143,北京理工大学,2021,山西,1,本科一批A段,工科试验班,,632.0,0.0,0.0,1303.0,,普通类,1_51_0
143,北京理工大学,2021,山西,1,本科一批A段,会计学,,576.0,0.0,0.0,8962.0,,中外合作办学,1_51_0
143,北京理工大学,2021,山西,2,本科一批A段,社会科学试验班,,609.0,0.0,0.0,597.0,13.0,普通类,2_51_0
143,北京理工大学,2021,内蒙古,1,本科提前批A段,工科试验班,,611.0,611.0,0.0,1328.0,1.0,普通类,1_36_0
143,北京理工大学,2021,内蒙古,1,本科提前批B段,工科试验班,,613.0,619.0,0.0,1242.0,3.0,普通类,1_37_0
143,北京理工大学,2021,内蒙古,1,本科提前批B段,理科试验班,,601.0,607.0,0.0,1811.0,4.0,普通类,1_37_0
143,北京理工大学,2021,内蒙古,2,本科一批,社会科学试验班,,607.0,619.0,0.0,319.0,9.0,普通类,2_7_0
143,北京理工大学,2021,内蒙古,1,本科一批,工科试验班,,646.0,650.0,0.0,270.0,3.0,普通类,1_7_0
143,北京理工大学,2021,内蒙古,1,本科一批,工科试验班,,642.0,647.0,0.0,345.0,18.0,普通类,1_7_0
143,北京理工大学,2021,内蒙古,1,本科一批,理科试验班,,634.0,634.0,0.0,518.0,1.0,普通类,1_7_0
143,北京理工大学,2021,内蒙古,1,本科一批,工科试验班,,634.0,639.0,0.0,518.0,13.0,普通类,1_7_0
143,北京理工大学,2021,内蒙古,1,本科一批,工科试验班,,634.0,637.0,0.0,518.0,2.0,普通类,1_7_0
143,北京理工大学,2021,内蒙古,1,本科一批,工科试验班,,633.0,640.0,0.0,550.0,30.0,普通类,1_7_0
143,北京理工大学,2021,内蒙古,1,本科一批,工科试验班,,633.0,633.0,0.0,550.0,1.0,普通类,1_7_0
143,北京理工大学,2021,内蒙古,1,本科一批,会计学,,594.0,607.0,0.0,2221.0,9.0,中外合作办学,1_7_0
143,北京理工大学,2021,辽宁,2074,本科批,社会科学试验班,,631.0,0.0,0.0,589.0,15.0,普通类,2074_14_0
143,北京理工大学,2021,辽宁,2073,本科批,工科试验班,,670.0,0.0,0.0,747.0,,普通类,2073_14_0
143,北京理工大学,2021,辽宁,2073,本科批,工科试验班,,664.0,0.0,0.0,1065.0,,普通类,2073_14_0
143,北京理工大学,2021,辽宁,2073,本科批,工科试验班,,663.0,0.0,0.0,1145.0,,普通类,2073_14_0
143,北京理工大学,2021,辽宁,2073,本科批,工科试验班,,661.0,0.0,0.0,1274.0,,普通类,2073_14_0
143,北京理工大学,2021,辽宁,2073,本科批,工科试验班,,660.0,0.0,0.0,1336.0,,普通类,2073_14_0
143,北京理工大学,2021,吉林,2,本科一批A段,社会科学试验班,,588.0,600.0,592.0,575.0,12.0,普通类,2_51_0
143,北京理工大学,2021,吉林,1,本科一批A段,工科试验班,,640.0,641.0,641.0,547.0,,普通类,1_51_0
143,北京理工大学,2021,吉林,1,本科一批A段,工科试验班,,635.0,643.0,638.0,703.0,,普通类,1_51_0
143,北京理工大学,2021,吉林,1,本科一批A段,工科试验班,,626.0,633.0,628.0,1013.0,,普通类,1_51_0
143,北京理工大学,2021,吉林,1,本科一批A段,经济管理试验班,,624.0,624.0,624.0,1087.0,1.0,普通类,1_51_0
143,北京理工大学,2021,吉林,1,本科一批A段,工科试验班,,623.0,634.0,628.0,1129.0,,普通类,1_51_0
143,北京理工大学,2021,吉林,1,本科一批A段,工科试验班,,623.0,630.0,627.0,1129.0,,普通类,1_51_0
143,北京理工大学,2021,吉林,1,本科一批A段,工科试验班,,623.0,631.0,626.0,1129.0,,普通类,1_51_0
143,北京理工大学,2021,吉林,1,本科一批A段,理科试验班,,601.0,631.0,614.0,2190.0,36.0,普通类,1_51_0
143,北京理工大学,2021,吉林,1,本科一批A段,会计学,,574.0,598.0,584.0,4299.0,4.0,中外合作办学,1_51_0
143,北京理工大学,2021,黑龙江,1,本科一批A段,工科试验班,,642.0,644.0,0.0,639.0,,普通类,1_51_0
143,北京理工大学,2021,黑龙江,1,本科一批A段,工科试验班,,628.0,641.0,0.0,1079.0,,普通类,1_51_0
143,北京理工大学,2021,黑龙江,1,本科一批A段,工业设计,,626.0,626.0,0.0,1140.0,,普通类,1_51_0
143,北京理工大学,2021,黑龙江,1,本科一批A段,经济管理试验班,,626.0,626.0,0.0,1140.0,,普通类,1_51_0
143,北京理工大学,2021,黑龙江,1,本科一批A段,理科试验班,,622.0,630.0,0.0,1294.0,,普通类,1_51_0
143,北京理工大学,2021,黑龙江,1,本科一批A段,工科试验班,,620.0,632.0,0.0,1387.0,,普通类,1_51_0
143,北京理工大学,2021,黑龙江,1,本科一批A段,工科试验班,,599.0,621.0,0.0,2624.0,,普通类,1_51_0
143,北京理工大学,2021,上海,3,本科批,工科试验班,（01）,569.0,0.0,569.0,2664.0,,普通类,3_14_15798
143,北京理工大学,2021,上海,3,本科批,工科试验班,（01）,567.0,0.0,568.0,2935.0,,普通类,3_14_15798
143,北京理工大学,2021,上海,3,本科批,工科试验班,（01）,565.0,0.0,565.0,3226.0,,普通类,3_14_15798
143,北京理工大学,2021,上海,3,本科批,工科试验班,（01）,565.0,0.0,565.0,3226.0,,普通类,3_14_15798
143,北京理工大学,2021,上海,3,本科批,工科试验班,（01）,563.0,0.0,565.0,3504.0,,普通类,3_14_15798
143,北京理工大学,2021,上海,3,本科批,工科试验班,（01）,563.0,0.0,563.0,3504.0,,普通类,3_14_15798
143,北京理工大学,2021,上海,3,本科批,工科试验班,（01）,569.0,0.0,569.0,2664.0,,普通类,3_14_0
143,北京理工大学,2021,上海,3,本科批,工科试验班,（01）,567.0,0.0,568.0,2935.0,,普通类,3_14_0
143,北京理工大学,2021,上海,3,本科批,工科试验班,（01）,565.0,0.0,565.0,3226.0,,普通类,3_14_0
143,北京理工大学,2021,上海,3,本科批,工科试验班,（01）,565.0,0.0,565.0,3226.0,,普通类,3_14_0
143,北京理工大学,2021,上海,3,本科批,工科试验班,（01）,563.0,0.0,565.0,3504.0,,普通类,3_14_0
143,北京理工大学,2021,上海,3,本科批,工科试验班,（01）,563.0,0.0,563.0,3504.0,,普通类,3_14_0
143,北京理工大学,2021,上海,3,本科批,理科试验班,（02）,560.0,0.0,561.0,3965.0,,普通类,3_14_0
143,北京理工大学,2021,上海,3,本科批,理科试验班,（02）,560.0,0.0,561.0,3965.0,,普通类,3_14_15799
143,北京理工大学,2021,江苏,2074,本科批,社会科学试验班,（01）,603.0,0.0,0.0,1340.0,12.0,普通类,2074_14_39608
143,北京理工大学,2021,江苏,2074,本科批,社会科学试验班,（01）,603.0,0.0,0.0,1340.0,12.0,普通类,2074_14_0
143,北京理工大学,2021,江苏,2073,本科批,工科试验班,（02）,622.0,0.0,0.0,2607.0,,普通类,2073_14_41824
143,北京理工大学,2021,江苏,2073,本科批,工科试验班,（02）,616.0,0.0,0.0,3694.0,,普通类,2073_14_41824
143,北京理工大学,2021,江苏,2073,本科批,工科试验班,（02）,615.0,0.0,0.0,3904.0,,普通类,2073_14_41824
143,北京理工大学,2021,江苏,2073,本科批,工科试验班,（02）,615.0,0.0,0.0,3904.0,,普通类,2073_14_41824
143,北京理工大学,2021,江苏,2073,本科批,工科试验班,（02）,615.0,0.0,0.0,3904.0,,普通类,2073_14_41824
143,北京理工大学,2021,江苏,2073,本科批,工科试验班,（02）,622.0,0.0,0.0,2607.0,,普通类,2073_14_0
143,北京理工大学,2021,江苏,2073,本科批,工科试验班,（02）,616.0,0.0,0.0,3694.0,,普通类,2073_14_0
143,北京理工大学,2021,江苏,2073,本科批,工科试验班,（02）,615.0,0.0,0.0,3904.0,,普通类,2073_14_0
143,北京理工大学,2021,江苏,2073,本科批,工科试验班,（02）,615.0,0.0,0.0,3904.0,,普通类,2073_14_0
143,北京理工大学,2021,江苏,2073,本科批,工科试验班,（02）,615.0,0.0,0.0,3904.0,,普通类,2073_14_0
143,北京理工大学,2021,江苏,2073,本科批,会计学,（03）,595.0,0.0,0.0,10015.0,2.0,中外合作办学,2073_14_0
143,北京理工大学,2021,江苏,2073,本科批,航空航天工程,（03）,595.0,0.0,0.0,10015.0,4.0,中外合作办学,2073_14_0
143,北京理工大学,2021,江苏,2073,本科批,自动化,（03）,594.0,0.0,0.0,10390.0,5.0,中外合作办学,2073_14_0
143,北京理工大学,2021,江苏,2073,本科批,会计学,（03）,595.0,0.0,0.0,10015.0,2.0,中外合作办学,2073_14_41825
143,北京理工大学,2021,江苏,2073,本科批,航空航天工程,（03）,595.0,0.0,0.0,10015.0,4.0,中外合作办学,2073_14_41825
143,北京理工大学,2021,江苏,2073,本科批,自动化,（03）,594.0,0.0,0.0,10390.0,5.0,中外合作办学,2073_14_41825
143,北京理工大学,2021,浙江,3,平行录取一段,工科试验班,,654.0,0.0,0.0,5641.0,,普通类,3_16_0
143,北京理工大学,2021,浙江,3,平行录取一段,工科试验班,,649.0,0.0,0.0,7470.0,,普通类,3_16_0
143,北京理工大学,2021,浙江,3,平行录取一段,工科试验班,,649.0,0.0,0.0,7385.0,,普通类,3_16_0
143,北京理工大学,2021,浙江,3,平行录取一段,理科试验班,,648.0,0.0,0.0,7885.0,15.0,普通类,3_16_0
143,北京理工大学,2021,浙江,3,平行录取一段,工科试验班,,648.0,0.0,0.0,7876.0,,普通类,3_16_0
143,北京理工大学,2021,安徽,2,本科一批,社会科学试验班,,636.0,0.0,0.0,1008.0,10.0,普通类,2_7_0
143,北京理工大学,2021,安徽,1,本科一批,工科试验班,,664.0,0.0,0.0,999.0,,普通类,1_7_0
143,北京理工大学,2021,安徽,1,本科一批,工科试验班,,661.0,0.0,0.0,1231.0,,普通类,1_7_0
143,北京理工大学,2021,安徽,1,本科一批,工科试验班,,655.0,0.0,0.0,1769.0,,普通类,1_7_0
143,北京理工大学,2021,安徽,1,本科一批,工科试验班,,655.0,0.0,0.0,1769.0,,普通类,1_7_0
143,北京理工大学,2021,安徽,1,本科一批,工科试验班,,654.0,0.0,0.0,1867.0,,普通类,1_7_0
143,北京理工大学,2021,福建,2074,本科批,社会科学试验班,2313（L999）,603.0,608.0,605.0,1055.0,14.0,普通类,2074_14_43925
143,北京理工大学,2021,福建,2074,本科批,社会科学试验班,2313（L999）,603.0,608.0,605.0,1055.0,14.0,普通类,2074_14_0
143,北京理工大学,2021,福建,2073,本科批,工科试验班,2313（W999）,658.0,658.0,658.0,751.0,,普通类,2073_14_45132
143,北京理工大学,2021,福建,2073,本科批,工科试验班,2313（W999）,654.0,660.0,655.0,955.0,,普通类,2073_14_45132
143,北京理工大学,2021,福建,2073,本科批,工科试验班,2313（W999）,652.0,653.0,653.0,1082.0,,普通类,2073_14_45132
143,北京理工大学,2021,福建,2073,本科批,工科试验班,2313（W999）,652.0,652.0,652.0,1082.0,,普通类,2073_14_45132
143,北京理工大学,2021,福建,2073,本科批,工科试验班,2313（W999）,648.0,653.0,650.0,1392.0,,普通类,2073_14_45132
143,北京理工大学,2021,福建,2073,本科批,工科试验班,2313（W999）,648.0,648.0,648.0,1392.0,,普通类,2073_14_45132
143,北京理工大学,2021,福建,2073,本科批,工科试验班,2313（W999）,658.0,658.0,658.0,751.0,,普通类,2073_14_0
143,北京理工大学,2021,福建,2073,本科批,工科试验班,2313（W999）,654.0,660.0,655.0,955.0,,普通类,2073_14_0
143,北京理工大学,2021,福建,2073,本科批,工科试验班,2313（W999）,652.0,653.0,653.0,1082.0,,普通类,2073_14_0
143,北京理工大学,2021,福建,2073,本科批,工科试验班,2313（W999）,652.0,652.0,652.0,1082.0,,普通类,2073_14_0
143,北京理工大学,2021,福建,2073,本科批,工科试验班,2313（W999）,648.0,653.0,650.0,1392.0,,普通类,2073_14_0
143,北京理工大学,2021,福建,2073,本科批,工科试验班,2313（W999）,648.0,648.0,648.0,1392.0,,普通类,2073_14_0
143,北京理工大学,2021,福建,2073,本科批,航空航天工程,2314（W999）,619.0,624.0,622.0,5246.0,2.0,中外合作办学,2073_14_0
143,北京理工大学,2021,福建,2073,本科批,会计学,2314（W999）,617.0,624.0,620.0,5596.0,10.0,中外合作办学,2073_14_0
143,北京理工大学,2021,福建,2073,本科批,航空航天工程,2314（W999）,619.0,624.0,622.0,5246.0,2.0,中外合作办学,2073_14_45133
143,北京理工大学,2021,福建,2073,本科批,会计学,2314（W999）,617.0,624.0,620.0,5596.0,10.0,中外合作办学,2073_14_45133
143,北京理工大学,2021,江西,2,本科一批,社会科学试验班,,629.0,0.0,0.0,733.0,8.0,普通类,2_7_0
143,北京理工大学,2021,江西,1,本科一批,工科试验班,,656.0,0.0,0.0,704.0,,普通类,1_7_0
143,北京理工大学,2021,江西,1,本科一批,工科试验班,,647.0,0.0,0.0,1249.0,,普通类,1_7_0
143,北京理工大学,2021,江西,1,本科一批,工科试验班,,640.0,0.0,0.0,1829.0,,普通类,1_7_0
143,北京理工大学,2021,江西,1,本科一批,经济管理试验班,,640.0,0.0,0.0,1829.0,2.0,普通类,1_7_0
143,北京理工大学,2021,江西,1,本科一批,工科试验班,,639.0,0.0,0.0,1922.0,,普通类,1_7_0
143,北京理工大学,2021,江西,1,本科一批,理科试验班,,639.0,0.0,0.0,1922.0,2.0,普通类,1_7_0
143,北京理工大学,2021,江西,1,本科一批,工科试验班,,639.0,0.0,0.0,1922.0,,普通类,1_7_0
143,北京理工大学,2021,江西,1,本科一批,工科试验班,,631.0,0.0,0.0,2821.0,,普通类,1_7_0
143,北京理工大学,2021,江西,1,本科一批,会计学,,605.0,0.0,0.0,7473.0,2.0,中外合作办学,1_7_0
143,北京理工大学,2021,山东,3,普通类一段,工科试验班,,655.0,0.0,0.0,1129.0,,普通类,3_1570_0
143,北京理工大学,2021,山东,3,普通类一段,工科试验班,,652.0,0.0,0.0,1405.0,,普通类,3_1570_0
143,北京理工大学,2021,山东,3,普通类一段,工科试验班,,648.0,0.0,0.0,1934.0,,普通类,3_1570_0
143,北京理工大学,2021,山东,3,普通类一段,工科试验班,,646.0,0.0,0.0,2144.0,,普通类,3_1570_0
143,北京理工大学,2021,山东,3,普通类一段,工科试验班,,646.0,0.0,0.0,2099.0,,普通类,3_1570_0
143,北京理工大学,2021,山东,3,普通类一段,工科试验班,,645.0,0.0,0.0,2226.0,,普通类,3_1570_0
143,北京理工大学,2021,河南,2,本科一批,社会科学试验班,,634.0,643.0,637.0,1351.0,10.0,普通类,2_7_0
143,北京理工大学,2021,河南,1,本科一批,工科试验班,,671.0,675.0,673.0,1290.0,,普通类,1_7_0
143,北京理工大学,2021,河南,1,本科一批,工科试验班,,666.0,671.0,668.0,1839.0,,普通类,1_7_0
143,北京理工大学,2021,河南,1,本科一批,工科试验班,,665.0,674.0,668.0,1945.0,,普通类,1_7_0
143,北京理工大学,2021,河南,1,本科一批,工科试验班,,664.0,670.0,666.0,2055.0,,普通类,1_7_0
143,北京理工大学,2021,河南,1,本科一批,经济管理试验班,,664.0,665.0,665.0,2055.0,2.0,普通类,1_7_0
143,北京理工大学,2021,河南,1,本科一批,工科试验班,,657.0,664.0,662.0,3071.0,,普通类,1_7_0
143,北京理工大学,2021,河南,1,本科一批,理科试验班,,638.0,666.0,654.0,7501.0,35.0,普通类,1_7_0
143,北京理工大学,2021,河南,1,本科一批,会计学,,631.0,648.0,639.0,9815.0,3.0,中外合作办学,1_7_0
143,北京理工大学,2021,湖北,2073,国家专项计划本科批,工科试验班,（W04）,638.0,0.0,0.0,4715.0,,普通类,2073_12_48515
143,北京理工大学,2021,湖北,2073,国家专项计划本科批,工科试验班,（W04）,633.0,0.0,0.0,5752.0,,普通类,2073_12_48515
143,北京理工大学,2021,湖北,2073,国家专项计划本科批,经济管理试验班,（W04）,632.0,0.0,0.0,5988.0,,普通类,2073_12_48515
143,北京理工大学,2021,湖北,2073,国家专项计划本科批,工科试验班,（W04）,638.0,0.0,0.0,4715.0,,普通类,2073_12_0
143,北京理工大学,2021,湖北,2073,国家专项计划本科批,工科试验班,（W04）,633.0,0.0,0.0,5752.0,,普通类,2073_12_0
143,北京理工大学,2021,湖北,2073,国家专项计划本科批,经济管理试验班,（W04）,632.0,0.0,0.0,5988.0,,普通类,2073_12_0
143,北京理工大学,2021,湖北,2073,国家专项计划本科批,理科试验班,（W06）,623.0,0.0,0.0,8434.0,,普通类,2073_12_0
143,北京理工大学,2021,湖北,2073,国家专项计划本科批,理科试验班,（W06）,623.0,0.0,0.0,8434.0,,普通类,2073_12_48516
143,北京理工大学,2021,湖北,2074,本科批,社会科学试验班,（L01）,622.0,0.0,0.0,1427.0,,普通类,2074_14_25031
143,北京理工大学,2021,湖北,2074,本科批,社会科学试验班,（L01）,622.0,0.0,0.0,1427.0,,普通类,2074_14_0
143,北京理工大学,2021,湖北,2073,本科批,理科试验班,（W07）,632.0,0.0,0.0,5988.0,,普通类,2073_14_27023
143,北京理工大学,2021,湖北,2073,本科批,工科试验班,（W02）,658.0,0.0,0.0,1694.0,,普通类,2073_14_0
143,北京理工大学,2021,湖北,2073,本科批,工科试验班,（W02）,646.0,0.0,0.0,3265.0,,普通类,2073_14_0
143,北京理工大学,2021,湖北,2073,本科批,工科试验班,（W02）,643.0,0.0,0.0,3782.0,,普通类,2073_14_0
143,北京理工大学,2021,湖北,2073,本科批,工科试验班,（W02）,643.0,0.0,0.0,3782.0,,普通类,2073_14_0
143,北京理工大学,2021,湖北,2073,本科批,工科试验班,（W02）,643.0,0.0,0.0,3782.0,,普通类,2073_14_0
143,北京理工大学,2021,湖北,2073,本科批,工业设计,（W02）,642.0,0.0,0.0,3945.0,,普通类,2073_14_0
143,北京理工大学,2021,湖北,2073,本科批,经济管理试验班,（W02）,642.0,0.0,0.0,3945.0,,普通类,2073_14_0
143,北京理工大学,2021,湖北,2073,本科批,工科试验班,（W05）,636.0,0.0,0.0,5133.0,,普通类,2073_14_0
143,北京理工大学,2021,湖北,2073,本科批,工科试验班,（W05）,636.0,0.0,0.0,5133.0,,普通类,2073_14_0
143,北京理工大学,2021,湖北,2073,本科批,理科试验班,（W07）,632.0,0.0,0.0,5988.0,,普通类,2073_14_0
143,北京理工大学,2021,湖北,2073,本科批,自动化,（W03）,629.0,0.0,0.0,6715.0,,中外合作办学,2073_14_0
143,北京理工大学,2021,湖北,2073,本科批,航空航天工程,（W03）,627.0,0.0,0.0,7278.0,,中外合作办学,2073_14_0
143,北京理工大学,2021,湖北,2073,本科批,会计学,（W03）,625.0,0.0,0.0,7842.0,,中外合作办学,2073_14_0
143,北京理工大学,2021,湖北,2073,本科批,自动化,（W03）,629.0,0.0,0.0,6715.0,,中外合作办学,2073_14_27021
143,北京理工大学,2021,湖北,2073,本科批,航空航天工程,（W03）,627.0,0.0,0.0,7278.0,,中外合作办学,2073_14_27021
143,北京理工大学,2021,湖北,2073,本科批,会计学,（W03）,625.0,0.0,0.0,7842.0,,中外合作办学,2073_14_27021
143,北京理工大学,2021,湖北,2073,本科批,工科试验班,（W02）,658.0,0.0,0.0,1694.0,,普通类,2073_14_27020
143,北京理工大学,2021,湖北,2073,本科批,工科试验班,（W02）,646.0,0.0,0.0,3265.0,,普通类,2073_14_27020
143,北京理工大学,2021,湖北,2073,本科批,工科试验班,（W02）,643.0,0.0,0.0,3782.0,,普通类,2073_14_27020
143,北京理工大学,2021,湖北,2073,本科批,工科试验班,（W02）,643.0,0.0,0.0,3782.0,,普通类,2073_14_27020
143,北京理工大学,2021,湖北,2073,本科批,工科试验班,（W02）,643.0,0.0,0.0,3782.0,,普通类,2073_14_27020
143,北京理工大学,2021,湖北,2073,本科批,工业设计,（W02）,642.0,0.0,0.0,3945.0,,普通类,2073_14_27020
143,北京理工大学,2021,湖北,2073,本科批,经济管理试验班,（W02）,642.0,0.0,0.0,3945.0,,普通类,2073_14_27020
143,北京理工大学,2021,湖北,2073,本科批,工科试验班,（W05）,636.0,0.0,0.0,5133.0,,普通类,2073_14_27022
143,北京理工大学,2021,湖北,2073,本科批,工科试验班,（W05）,636.0,0.0,0.0,5133.0,,普通类,2073_14_27022
143,北京理工大学,2021,湖南,2074,本科批,社会科学试验班,（101）,611.0,0.0,0.0,943.0,12.0,普通类,2074_14_30348
143,北京理工大学,2021,湖南,2074,本科批,社会科学试验班,（101）,611.0,0.0,0.0,943.0,12.0,普通类,2074_14_0
143,北京理工大学,2021,湖南,2073,本科批,航空航天工程,（203）,615.0,0.0,0.0,7267.0,3.0,中外合作办学,2073_14_31858
143,北京理工大学,2021,湖南,2073,本科批,会计学,（203）,611.0,0.0,0.0,8400.0,8.0,中外合作办学,2073_14_31858
143,北京理工大学,2021,湖南,2073,本科批,工科试验班,（102）,651.0,0.0,0.0,1228.0,,普通类,2073_14_0
143,北京理工大学,2021,湖南,2073,本科批,工业设计,（102）,645.0,0.0,0.0,1762.0,2.0,普通类,2073_14_0
143,北京理工大学,2021,湖南,2073,本科批,工科试验班,（102）,642.0,0.0,0.0,2095.0,,普通类,2073_14_0
143,北京理工大学,2021,湖南,2073,本科批,工科试验班,（102）,641.0,0.0,0.0,2239.0,,普通类,2073_14_0
143,北京理工大学,2021,湖南,2073,本科批,工科试验班,（102）,641.0,0.0,0.0,2239.0,,普通类,2073_14_0
143,北京理工大学,2021,湖南,2073,本科批,工科试验班,（706）,636.0,0.0,0.0,2908.0,,普通类,2073_14_0
143,北京理工大学,2021,湖南,2073,本科批,工科试验班,（304）,634.0,0.0,0.0,3201.0,,普通类,2073_14_0
143,北京理工大学,2021,湖南,2073,本科批,工科试验班,（706）,634.0,0.0,0.0,3201.0,,普通类,2073_14_0
143,北京理工大学,2021,湖南,2073,本科批,工科试验班,（304）,634.0,0.0,0.0,3201.0,,普通类,2073_14_0
143,北京理工大学,2021,湖南,2073,本科批,经济管理试验班,（304）,632.0,0.0,0.0,3552.0,,普通类,2073_14_0
143,北京理工大学,2021,湖南,2073,本科批,理科试验班,（707）,630.0,0.0,0.0,3922.0,,普通类,2073_14_0
143,北京理工大学,2021,湖南,2073,本科批,理科试验班,（305）,625.0,0.0,0.0,4860.0,,普通类,2073_14_0
143,北京理工大学,2021,湖南,2073,本科批,航空航天工程,（203）,615.0,0.0,0.0,7267.0,3.0,中外合作办学,2073_14_0
143,北京理工大学,2021,湖南,2073,本科批,会计学,（203）,611.0,0.0,0.0,8400.0,8.0,中外合作办学,2073_14_0
143,北京理工大学,2021,湖南,2073,本科批,工科试验班,（102）,651.0,0.0,0.0,1228.0,,普通类,2073_14_31857
143,北京理工大学,2021,湖南,2073,本科批,工业设计,（102）,645.0,0.0,0.0,1762.0,2.0,普通类,2073_14_31857
143,北京理工大学,2021,湖南,2073,本科批,工科试验班,（102）,642.0,0.0,0.0,2095.0,,普通类,2073_14_31857
143,北京理工大学,2021,湖南,2073,本科批,工科试验班,（102）,641.0,0.0,0.0,2239.0,,普通类,2073_14_31857
143,北京理工大学,2021,湖南,2073,本科批,工科试验班,（102）,641.0,0.0,0.0,2239.0,,普通类,2073_14_31857
143,北京理工大学,2021,湖南,2073,本科批,工科试验班,（706）,636.0,0.0,0.0,2908.0,,普通类,2073_14_31859
143,北京理工大学,2021,湖南,2073,本科批,工科试验班,（706）,634.0,0.0,0.0,3201.0,,普通类,2073_14_31859
143,北京理工大学,2021,湖南,2073,本科批,工科试验班,（304）,634.0,0.0,0.0,3201.0,,普通类,2073_14_68782
143,北京理工大学,2021,湖南,2073,本科批,工科试验班,（304）,634.0,0.0,0.0,3201.0,,普通类,2073_14_68782
143,北京理工大学,2021,湖南,2073,本科批,经济管理试验班,（304）,632.0,0.0,0.0,3552.0,,普通类,2073_14_68782
143,北京理工大学,2021,湖南,2073,本科批,理科试验班,（707）,630.0,0.0,0.0,3922.0,,普通类,2073_14_31860
143,北京理工大学,2021,湖南,2073,本科批,理科试验班,（305）,625.0,0.0,0.0,4860.0,,普通类,2073_14_68748
143,北京理工大学,2021,广东,2074,本科批,社会科学试验班,（201）,609.0,0.0,0.0,2031.0,13.0,普通类,2074_14_18558
143,北京理工大学,2021,广东,2074,本科批,社会科学试验班,（201）,609.0,0.0,0.0,2031.0,13.0,普通类,2074_14_0
143,北京理工大学,2021,广东,2073,本科批,工科试验班,（202）,660.0,0.0,0.0,1589.0,,普通类,2073_14_21018
143,北京理工大学,2021,广东,2073,本科批,工科试验班,（202）,656.0,0.0,0.0,2126.0,,普通类,2073_14_21018
143,北京理工大学,2021,广东,2073,本科批,工科试验班,（202）,650.0,0.0,0.0,3074.0,,普通类,2073_14_21018
143,北京理工大学,2021,广东,2073,本科批,工科试验班,（202）,649.0,0.0,0.0,3264.0,,普通类,2073_14_21018
143,北京理工大学,2021,广东,2073,本科批,工科试验班,（202）,649.0,0.0,0.0,3264.0,,普通类,2073_14_21018
143,北京理工大学,2021,广东,2073,本科批,工科试验班,（202）,660.0,0.0,0.0,1589.0,,普通类,2073_14_0
143,北京理工大学,2021,广东,2073,本科批,工科试验班,（202）,656.0,0.0,0.0,2126.0,,普通类,2073_14_0
143,北京理工大学,2021,广东,2073,本科批,工科试验班,（202）,650.0,0.0,0.0,3074.0,,普通类,2073_14_0
143,北京理工大学,2021,广东,2073,本科批,工科试验班,（202）,649.0,0.0,0.0,3264.0,,普通类,2073_14_0
143,北京理工大学,2021,广东,2073,本科批,工科试验班,（202）,649.0,0.0,0.0,3264.0,,普通类,2073_14_0
143,北京理工大学,2021,广东,2073,本科批,自动化,（204）,638.0,0.0,0.0,5745.0,2.0,中外合作办学,2073_14_0
143,北京理工大学,2021,广东,2073,本科批,航空航天工程,（204）,636.0,0.0,0.0,6359.0,2.0,中外合作办学,2073_14_0
143,北京理工大学,2021,广东,2073,本科批,会计学,（203）,626.0,0.0,0.0,9813.0,6.0,中外合作办学,2073_14_0
143,北京理工大学,2021,广东,2073,本科批,会计学,（203）,626.0,0.0,0.0,9813.0,6.0,中外合作办学,2073_14_21019
143,北京理工大学,2021,广东,2073,本科批,自动化,（204）,638.0,0.0,0.0,5745.0,2.0,中外合作办学,2073_14_21020
143,北京理工大学,2021,广东,2073,本科批,航空航天工程,（204）,636.0,0.0,0.0,6359.0,2.0,中外合作办学,2073_14_21020
143,北京理工大学,2021,广西,1,本科一批,工科试验班,,650.0,656.0,653.0,519.0,,普通类,1_7_0
143,北京理工大学,2021,广西,1,本科一批,工科试验班,,643.0,648.0,645.0,765.0,,普通类,1_7_0
143,北京理工大学,2021,广西,1,本科一批,工科试验班,,641.0,649.0,644.0,835.0,,普通类,1_7_0
143,北京理工大学,2021,广西,1,本科一批,工科试验班,,641.0,644.0,642.0,835.0,,普通类,1_7_0
143,北京理工大学,2021,广西,1,本科一批,工科试验班,,624.0,641.0,0.0,1745.0,,普通类,1_7_0
143,北京理工大学,2021,海南,3,本科批,工科试验班,（03）,769.0,0.0,0.0,222.0,,普通类,3_14_36135
143,北京理工大学,2021,海南,3,本科批,工科试验班,（03）,765.0,0.0,0.0,254.0,,普通类,3_14_36135
143,北京理工大学,2021,海南,3,本科批,工科试验班,（03）,745.0,0.0,0.0,442.0,,普通类,3_14_36135
143,北京理工大学,2021,海南,3,本科批,工科试验班,（03）,744.0,0.0,0.0,458.0,,普通类,3_14_36135
143,北京理工大学,2021,海南,3,本科批,工科试验班,（03）,744.0,0.0,0.0,458.0,,普通类,3_14_36135
143,北京理工大学,2021,海南,3,本科批,工科试验班,（03）,769.0,0.0,0.0,222.0,,普通类,3_14_0
143,北京理工大学,2021,海南,3,本科批,工科试验班,（03）,765.0,0.0,0.0,254.0,,普通类,3_14_0
143,北京理工大学,2021,海南,3,本科批,工科试验班,（03）,745.0,0.0,0.0,442.0,,普通类,3_14_0
143,北京理工大学,2021,海南,3,本科批,工科试验班,（03）,744.0,0.0,0.0,458.0,,普通类,3_14_0
143,北京理工大学,2021,海南,3,本科批,工科试验班,（03）,744.0,0.0,0.0,458.0,,普通类,3_14_0
143,北京理工大学,2021,海南,3,本科批,会计学,（02）,693.0,0.0,0.0,1669.0,6.0,中外合作办学,3_14_0
143,北京理工大学,2021,海南,3,本科批,会计学,（02）,693.0,0.0,0.0,1669.0,6.0,中外合作办学,3_14_36134
143,北京理工大学,2021,重庆,2074,本科批,社会科学试验班,,625.0,0.0,0.0,862.0,18.0,普通类,2074_14_0
143,北京理工大学,2021,重庆,2073,本科批,工科试验班,,672.0,0.0,0.0,956.0,,普通类,2073_14_0
143,北京理工大学,2021,重庆,2073,本科批,工科试验班,,665.0,0.0,0.0,1447.0,,普通类,2073_14_0
143,北京理工大学,2021,重庆,2073,本科批,工科试验班,,663.0,0.0,0.0,1586.0,,普通类,2073_14_0
143,北京理工大学,2021,重庆,2073,本科批,工科试验班,,662.0,0.0,0.0,1660.0,,普通类,2073_14_0
143,北京理工大学,2021,四川,1,本科一批,工科试验班,,668.0,675.0,670.0,1303.0,,普通类,1_7_0
143,北京理工大学,2021,四川,1,本科一批,工科试验班,,663.0,664.0,663.0,1754.0,,普通类,1_7_0
143,北京理工大学,2021,四川,1,本科一批,工科试验班,,662.0,667.0,665.0,1869.0,,普通类,1_7_0
143,北京理工大学,2021,四川,1,本科一批,工科试验班,,662.0,667.0,664.0,1869.0,,普通类,1_7_0
143,北京理工大学,2021,四川,1,本科一批,理科试验班,,662.0,664.0,663.0,1869.0,3.0,普通类,1_7_0
143,北京理工大学,2021,四川,1,本科一批,工科试验班,,654.0,661.0,657.0,2878.0,,普通类,1_7_0
143,北京理工大学,2021,四川,1,本科一批,工科试验班,,650.0,650.0,650.0,3497.0,,普通类,1_7_0
143,北京理工大学,2021,四川,1,本科一批,经济管理试验班,,648.0,648.0,648.0,3852.0,,普通类,1_7_0
143,北京理工大学,2021,四川,1,本科一批,会计学,,629.0,634.0,632.0,8470.0,3.0,中外合作办学,1_7_0
143,北京理工大学,2021,四川,2,本科一批,社会科学试验班,,600.0,615.0,611.0,2013.0,8.0,普通类,2_7_0
143,北京理工大学,2021,贵州,1,本科一批,工科试验班,,630.0,635.0,0.0,723.0,,普通类,1_7_0
143,北京理工大学,2021,贵州,1,本科一批,工科试验班,,618.0,629.0,0.0,1203.0,,普通类,1_7_0
143,北京理工大学,2021,贵州,1,本科一批,理科试验班,,617.0,619.0,0.0,1265.0,2.0,普通类,1_7_0
143,北京理工大学,2021,贵州,1,本科一批,工科试验班,,617.0,629.0,0.0,1266.0,,普通类,1_7_0
143,北京理工大学,2021,贵州,1,本科一批,工科试验班,,598.0,615.0,0.0,2664.0,,普通类,1_7_0
143,北京理工大学,2021,云南,1,本科一批,工科试验班,,660.0,0.0,0.0,568.0,,普通类,1_7_0
143,北京理工大学,2021,云南,1,本科一批,工业设计,,645.0,0.0,0.0,1298.0,1.0,普通类,1_7_0
143,北京理工大学,2021,云南,1,本科一批,经济管理试验班,,644.0,0.0,0.0,1368.0,,普通类,1_7_0
143,北京理工大学,2021,云南,1,本科一批,工科试验班,,643.0,0.0,0.0,1438.0,,普通类,1_7_0
143,北京理工大学,2021,云南,1,本科一批,理科试验班,,643.0,0.0,0.0,1438.0,,普通类,1_7_0
143,北京理工大学,2021,云南,1,本科一批,工科试验班,,629.0,0.0,0.0,2665.0,,普通类,1_7_0
143,北京理工大学,2021,陕西,2,本科一批,社会科学试验班,,613.0,0.0,618.0,748.0,14.0,普通类,2_7_0
143,北京理工大学,2021,陕西,1,本科一批,工科试验班,,652.0,0.0,655.0,966.0,,普通类,1_7_0
143,北京理工大学,2021,陕西,1,本科一批,工科试验班,,634.0,0.0,641.0,1900.0,,普通类,1_7_0
143,北京理工大学,2021,陕西,1,本科一批,工业设计,,630.0,0.0,631.0,2147.0,2.0,普通类,1_7_0
143,北京理工大学,2021,陕西,1,本科一批,工科试验班,,626.0,0.0,632.0,2442.0,,普通类,1_7_0
143,北京理工大学,2021,陕西,1,本科一批,工科试验班,,626.0,0.0,632.0,2442.0,,普通类,1_7_0
143,北京理工大学,2021,陕西,1,本科一批,理科试验班,,626.0,0.0,632.0,2442.0,10.0,普通类,1_7_0
143,北京理工大学,2021,陕西,1,本科一批,经济管理试验班,,626.0,0.0,629.0,2442.0,8.0,普通类,1_7_0
143,北京理工大学,2021,陕西,1,本科一批,会计学,,594.0,0.0,605.0,5750.0,6.0,中外合作办学,1_7_0
143,北京理工大学,2021,甘肃,1,本科一批I段,工科试验班,,613.0,613.0,613.0,854.0,,普通类,1_111_0
143,北京理工大学,2021,甘肃,1,本科一批I段,工科试验班,,609.0,610.0,610.0,986.0,,普通类,1_111_0
143,北京理工大学,2021,甘肃,1,本科一批I段,工科试验班,,609.0,609.0,609.0,986.0,,普通类,1_111_0
143,北京理工大学,2021,甘肃,1,本科一批I段,工科试验班,,608.0,608.0,608.0,1018.0,,普通类,1_111_0
143,北京理工大学,2021,甘肃,1,本科一批I段,工科试验班,,607.0,617.0,612.0,1071.0,,普通类,1_111_0
143,北京理工大学,2021,甘肃,1,本科一批I段,理科试验班,,492.0,606.0,549.0,16454.0,,普通类,1_111_0
143,北京理工大学,2021,青海,1,本科一段,工科试验班,,588.0,599.0,594.0,178.0,,普通类,1_1564_0
143,北京理工大学,2021,青海,1,本科一段,工科试验班,,578.0,598.0,585.0,266.0,,普通类,1_1564_0
143,北京理工大学,2021,青海,1,本科一段,经济管理试验班,,571.0,571.0,571.0,324.0,1.0,普通类,1_1564_0
143,北京理工大学,2021,宁夏,2,本科一批,社会科学试验班,,597.0,0.0,0.0,283.0,9.0,普通类,2_7_0
143,北京理工大学,2021,宁夏,1,本科一批,工科试验班,,604.0,0.0,0.0,199.0,,普通类,1_7_0
143,北京理工大学,2021,宁夏,1,本科一批,经济管理试验班,,598.0,0.0,0.0,254.0,2.0,普通类,1_7_0
143,北京理工大学,2021,宁夏,1,本科一批,工科试验班,,593.0,0.0,0.0,308.0,,普通类,1_7_0
143,北京理工大学,2021,宁夏,1,本科一批,工科试验班,,592.0,0.0,0.0,325.0,,普通类,1_7_0
143,北京理工大学,2021,宁夏,1,本科一批,工科试验班,,592.0,0.0,0.0,325.0,,普通类,1_7_0
143,北京理工大学,2021,宁夏,1,本科一批,工科试验班,,590.0,0.0,0.0,361.0,,普通类,1_7_0
143,北京理工大学,2021,新疆,1,本科一批,工科试验班,,622.0,624.0,0.0,,,普通类,1_7_0
143,北京理工大学,2021,新疆,1,本科一批,工科试验班,,615.0,617.0,0.0,,,普通类,1_7_0
143,北京理工大学,2021,新疆,1,本科一批,工科试验班,,614.0,619.0,0.0,,,普通类,1_7_0
143,北京理工大学,2022,北京,3,本科批,工业设计,（01）,658.0,0.0,0.0,2033.0,,普通类,3_14_51493
143,北京理工大学,2022,北京,3,本科批,徐特立英才班之国际组织和全球治理,（01）,658.0,0.0,0.0,2033.0,,普通类,3_14_51493
143,北京理工大学,2022,北京,3,本科批,经济管理试验班,（01）,657.0,0.0,0.0,2126.0,,普通类,3_14_51493
143,北京理工大学,2022,北京,3,本科批,工科试验班,（02）,670.0,0.0,0.0,1207.0,,普通类,3_14_0
143,北京理工大学,2022,北京,3,本科批,工科试验班,（02）,665.0,0.0,0.0,1526.0,,普通类,3_14_0
143,北京理工大学,2022,北京,3,本科批,徐特立英才班之计算机,（02）,665.0,0.0,0.0,1526.0,,普通类,3_14_0
143,北京理工大学,2022,北京,3,本科批,理科试验班,（02）,659.0,0.0,0.0,1944.0,,普通类,3_14_0
143,北京理工大学,2022,北京,3,本科批,工科试验班,（02）,659.0,0.0,0.0,1944.0,,普通类,3_14_0
143,北京理工大学,2022,北京,3,本科批,工科试验班,（02）,659.0,0.0,0.0,1944.0,,普通类,3_14_0
143,北京理工大学,2022,北京,3,本科批,工科试验班,（02）,659.0,0.0,0.0,1944.0,,普通类,3_14_0
143,北京理工大学,2022,北京,3,本科批,工科试验班,（02）,659.0,0.0,0.0,1944.0,,普通类,3_14_0
143,北京理工大学,2022,北京,3,本科批,工业设计,（01）,658.0,0.0,0.0,2033.0,,普通类,3_14_0
143,北京理工大学,2022,北京,3,本科批,徐特立英才班之国际组织和全球治理,（01）,658.0,0.0,0.0,2033.0,,普通类,3_14_0
143,北京理工大学,2022,北京,3,本科批,经济管理试验班,（01）,657.0,0.0,0.0,2126.0,,普通类,3_14_0
143,北京理工大学,2022,北京,3,本科批,自动化,（04）,650.0,0.0,0.0,2744.0,,中外合作办学,3_14_0
143,北京理工大学,2022,北京,3,本科批,航空航天工程,（04）,645.0,0.0,0.0,3241.0,,中外合作办学,3_14_0
143,北京理工大学,2022,北京,3,本科批,光电信息科学与工程,（04）,644.0,0.0,0.0,3336.0,,中外合作办学,3_14_0
143,北京理工大学,2022,北京,3,本科批,能源与动力工程,（04）,642.0,0.0,0.0,3533.0,,中外合作办学,3_14_0
143,北京理工大学,2022,北京,3,本科批,会计学,（03）,627.0,0.0,0.0,5172.0,,中外合作办学,3_14_0
143,北京理工大学,2022,北京,3,本科批,工科试验班,（02）,670.0,0.0,0.0,1207.0,,普通类,3_14_51494
143,北京理工大学,2022,北京,3,本科批,工科试验班,（02）,665.0,0.0,0.0,1526.0,,普通类,3_14_51494
143,北京理工大学,2022,北京,3,本科批,徐特立英才班之计算机,（02）,665.0,0.0,0.0,1526.0,,普通类,3_14_51494
143,北京理工大学,2022,北京,3,本科批,理科试验班,（02）,659.0,0.0,0.0,1944.0,,普通类,3_14_51494
143,北京理工大学,2022,北京,3,本科批,工科试验班,（02）,659.0,0.0,0.0,1944.0,,普通类,3_14_51494
143,北京理工大学,2022,北京,3,本科批,工科试验班,（02）,659.0,0.0,0.0,1944.0,,普通类,3_14_51494
143,北京理工大学,2022,北京,3,本科批,工科试验班,（02）,659.0,0.0,0.0,1944.0,,普通类,3_14_51494
143,北京理工大学,2022,北京,3,本科批,工科试验班,（02）,659.0,0.0,0.0,1944.0,,普通类,3_14_51494
143,北京理工大学,2022,北京,3,本科批,会计学,（03）,627.0,0.0,0.0,5172.0,,中外合作办学,3_14_51495
143,北京理工大学,2022,北京,3,本科批,自动化,（04）,650.0,0.0,0.0,2744.0,,中外合作办学,3_14_51496
143,北京理工大学,2022,北京,3,本科批,航空航天工程,（04）,645.0,0.0,0.0,3241.0,,中外合作办学,3_14_51496
143,北京理工大学,2022,北京,3,本科批,光电信息科学与工程,（04）,644.0,0.0,0.0,3336.0,,中外合作办学,3_14_51496
143,北京理工大学,2022,北京,3,本科批,能源与动力工程,（04）,642.0,0.0,0.0,3533.0,,中外合作办学,3_14_51496
143,北京理工大学,2022,天津,3,本科批A段,工科试验班,（5）,697.0,0.0,0.0,343.0,,普通类,3_46_60026
143,北京理工大学,2022,天津,3,本科批A段,工科试验班,（5）,697.0,0.0,0.0,343.0,,普通类,3_46_0
143,北京理工大学,2022,天津,3,本科批A段,工科试验班,（2）,693.0,0.0,0.0,502.0,,普通类,3_46_0
143,北京理工大学,2022,天津,3,本科批A段,理科试验班,（2）,692.0,0.0,0.0,547.0,1.0,普通类,3_46_0
143,北京理工大学,2022,天津,3,本科批A段,工科试验班,（2）,691.0,0.0,0.0,599.0,,普通类,3_46_0
143,北京理工大学,2022,天津,3,本科批A段,工科试验班,（2）,689.0,0.0,0.0,706.0,,普通类,3_46_0
143,北京理工大学,2022,天津,3,本科批A段,工科试验班,（2）,689.0,0.0,0.0,706.0,,普通类,3_46_0
143,北京理工大学,2022,天津,3,本科批A段,能源与动力工程,（3）,667.0,0.0,0.0,2606.0,3.0,中外合作办学,3_46_0
143,北京理工大学,2022,天津,3,本科批A段,会计学,（1）,664.0,0.0,0.0,2972.0,7.0,中外合作办学,3_46_0
143,北京理工大学,2022,天津,3,本科批A段,工科试验班,（2）,693.0,0.0,0.0,502.0,,普通类,3_46_61290
143,北京理工大学,2022,天津,3,本科批A段,理科试验班,（2）,692.0,0.0,0.0,547.0,1.0,普通类,3_46_61290
143,北京理工大学,2022,天津,3,本科批A段,工科试验班,（2）,691.0,0.0,0.0,599.0,,普通类,3_46_61290
143,北京理工大学,2022,天津,3,本科批A段,工科试验班,（2）,689.0,0.0,0.0,706.0,,普通类,3_46_61290
143,北京理工大学,2022,天津,3,本科批A段,工科试验班,（2）,689.0,0.0,0.0,706.0,,普通类,3_46_61290
143,北京理工大学,2022,天津,3,本科批A段,能源与动力工程,（3）,667.0,0.0,0.0,2606.0,3.0,中外合作办学,3_46_60402
143,北京理工大学,2022,天津,3,本科批A段,会计学,（1）,664.0,0.0,0.0,2972.0,7.0,中外合作办学,3_46_61486
143,北京理工大学,2022,河北,2074,本科批,社会科学试验班,,618.0,0.0,0.0,815.0,22.0,普通类,2074_14_0
143,北京理工大学,2022,河北,2073,本科批,工科试验班,,655.0,0.0,0.0,477.0,,普通类,2073_14_0
143,北京理工大学,2022,河北,2073,本科批,工科试验班,,650.0,0.0,0.0,710.0,,普通类,2073_14_0
143,北京理工大学,2022,河北,2073,本科批,工科试验班,,646.0,0.0,0.0,949.0,,普通类,2073_14_0
143,北京理工大学,2022,河北,2073,本科批,工科试验班,,645.0,0.0,0.0,1016.0,,普通类,2073_14_0
143,北京理工大学,2022,河北,2073,本科批,工科试验班,,645.0,0.0,0.0,1016.0,,普通类,2073_14_0
143,北京理工大学,2022,河北,2073,本科批,工科试验班,,645.0,0.0,0.0,1016.0,,普通类,2073_14_0
143,北京理工大学,2022,河北,2073,本科批,会计学,,606.0,0.0,0.0,7785.0,5.0,中外合作办学,2073_14_0
143,北京理工大学,2022,山西,2,本科一批A段,社会科学试验班,,581.0,0.0,583.0,522.0,10.0,普通类,2_51_0
143,北京理工大学,2022,山西,1,本科一批A段,工科试验班,,630.0,0.0,635.0,710.0,,普通类,1_51_0
143,北京理工大学,2022,山西,1,本科一批A段,工科试验班,,625.0,0.0,627.0,919.0,,普通类,1_51_0
143,北京理工大学,2022,山西,1,本科一批A段,经济管理试验班,,624.0,0.0,624.0,966.0,8.0,普通类,1_51_0
143,北京理工大学,2022,山西,1,本科一批A段,工科试验班,,622.0,0.0,624.0,1057.0,,普通类,1_51_0
143,北京理工大学,2022,山西,1,本科一批A段,工科试验班,,622.0,0.0,624.0,1057.0,,普通类,1_51_0
143,北京理工大学,2022,山西,1,本科一批A段,理科试验班,,622.0,0.0,623.0,1057.0,15.0,普通类,1_51_0
143,北京理工大学,2022,内蒙古,1,本科一批,工科试验班,,641.0,650.0,0.0,220.0,,普通类,1_7_0
143,北京理工大学,2022,内蒙古,1,本科一批,工科试验班,,633.0,640.0,0.0,349.0,,普通类,1_7_0
143,北京理工大学,2022,内蒙古,1,本科一批,工科试验班,,624.0,631.0,0.0,524.0,,普通类,1_7_0
143,北京理工大学,2022,内蒙古,1,本科一批,工科试验班,,624.0,627.0,0.0,524.0,,普通类,1_7_0
143,北京理工大学,2022,内蒙古,1,本科一批,工科试验班,,623.0,631.0,0.0,549.0,,普通类,1_7_0
143,北京理工大学,2022,内蒙古,1,本科一批,理科试验班,,623.0,632.0,0.0,549.0,6.0,普通类,1_7_0
143,北京理工大学,2022,内蒙古,1,本科一批,工科试验班,,623.0,632.0,0.0,549.0,,普通类,1_7_0
143,北京理工大学,2022,内蒙古,1,本科一批,航空航天工程,,599.0,612.0,0.0,1385.0,3.0,中外合作办学,1_7_0
143,北京理工大学,2022,内蒙古,1,本科一批,能源与动力工程,,582.0,582.0,0.0,2415.0,1.0,中外合作办学,1_7_0
143,北京理工大学,2022,内蒙古,1,本科一批,会计学,,580.0,595.0,0.0,2563.0,5.0,中外合作办学,1_7_0
143,北京理工大学,2022,内蒙古,1,本科提前批B段,工科试验班,,618.0,622.0,0.0,670.0,,普通类,1_37_0
143,北京理工大学,2022,内蒙古,1,本科提前批B段,理科试验班,,615.0,617.0,0.0,788.0,,普通类,1_37_0
143,北京理工大学,2022,内蒙古,1,本科提前批A段,工科试验班,,616.0,616.0,0.0,738.0,,普通类,1_36_0
143,北京理工大学,2022,内蒙古,2,本科一批,社会科学试验班,,575.0,584.0,0.0,339.0,9.0,普通类,2_7_0
143,北京理工大学,2022,辽宁,2074,本科批,社会科学试验班,,614.0,0.0,0.0,650.0,,普通类,2074_14_0
143,北京理工大学,2022,辽宁,2073,本科批,工科试验班,,658.0,0.0,0.0,726.0,,普通类,2073_14_0
143,北京理工大学,2022,辽宁,2073,本科批,工科试验班,,652.0,0.0,0.0,1079.0,,普通类,2073_14_0
143,北京理工大学,2022,辽宁,2073,本科批,工科试验班,,651.0,0.0,0.0,1153.0,,普通类,2073_14_0
143,北京理工大学,2022,辽宁,2073,本科批,工科试验班,,650.0,0.0,0.0,1242.0,,普通类,2073_14_0
143,北京理工大学,2022,辽宁,2073,本科批,工科试验班,,649.0,0.0,0.0,1311.0,,普通类,2073_14_0
143,北京理工大学,2022,辽宁,2073,本科批,光电信息科学与工程,,634.0,0.0,0.0,2918.0,,中外合作办学,2073_14_0
143,北京理工大学,2022,辽宁,2073,本科批,会计学,,630.0,0.0,0.0,3452.0,,中外合作办学,2073_14_0
143,北京理工大学,2022,吉林,1,本科一批A段,工科试验班,,636.0,636.0,636.0,471.0,,普通类,1_51_0
143,北京理工大学,2022,吉林,1,本科一批A段,工科试验班,,627.0,635.0,630.0,703.0,,普通类,1_51_0
143,北京理工大学,2022,吉林,1,本科一批A段,工科试验班,,620.0,626.0,623.0,924.0,,普通类,1_51_0
143,北京理工大学,2022,吉林,1,本科一批A段,工科试验班,,619.0,625.0,622.0,954.0,,普通类,1_51_0
143,北京理工大学,2022,吉林,1,本科一批A段,工科试验班,,619.0,624.0,621.0,954.0,,普通类,1_51_0
143,北京理工大学,2022,吉林,1,本科一批A段,工科试验班,,608.0,619.0,613.0,1428.0,,普通类,1_51_0
143,北京理工大学,2022,吉林,1,本科一批A段,理科试验班,,603.0,618.0,608.0,1718.0,22.0,普通类,1_51_0
143,北京理工大学,2022,吉林,2,本科一批A段,社会科学试验班,,515.0,573.0,559.0,3349.0,10.0,普通类,2_51_0
143,北京理工大学,2022,黑龙江,1,本科一批A段,工科试验班,,633.0,633.0,0.0,390.0,,普通类,1_51_0
143,北京理工大学,2022,黑龙江,1,本科一批A段,工科试验班,,620.0,629.0,0.0,701.0,,普通类,1_51_0
143,北京理工大学,2022,黑龙江,1,本科一批A段,理科试验班,,615.0,615.0,0.0,869.0,5.0,普通类,1_51_0
143,北京理工大学,2022,黑龙江,1,本科一批A段,工科试验班,,613.0,619.0,0.0,936.0,,普通类,1_51_0
143,北京理工大学,2022,黑龙江,1,本科一批A段,工科试验班,,612.0,619.0,0.0,965.0,,普通类,1_51_0
143,北京理工大学,2022,黑龙江,1,本科一批A段,工科试验班,,612.0,619.0,0.0,965.0,,普通类,1_51_0
143,北京理工大学,2022,黑龙江,1,本科一批A段,工科试验班,,590.0,608.0,0.0,2123.0,,普通类,1_51_0
143,北京理工大学,2022,黑龙江,1,本科一批A段,会计学,,570.0,580.0,0.0,3825.0,5.0,中外合作办学,1_51_0
143,北京理工大学,2022,黑龙江,2,本科一批A段,社会科学试验班,,572.0,574.0,0.0,443.0,2.0,普通类,2_51_0
143,北京理工大学,2022,上海,3,本科批,工科试验班,（01）,580.0,0.0,585.0,2335.0,,普通类,3_14_86227
143,北京理工大学,2022,上海,3,本科批,工科试验班,（01）,576.0,0.0,578.0,2814.0,,普通类,3_14_86227
143,北京理工大学,2022,上海,3,本科批,工科试验班,（01）,575.0,0.0,575.0,2948.0,,普通类,3_14_86227
143,北京理工大学,2022,上海,3,本科批,工科试验班,（01）,575.0,0.0,575.0,2948.0,,普通类,3_14_86227
143,北京理工大学,2022,上海,3,本科批,工科试验班,（01）,574.0,0.0,574.0,3080.0,,普通类,3_14_86227
143,北京理工大学,2022,上海,3,本科批,工科试验班,（01）,580.0,0.0,585.0,2335.0,,普通类,3_14_0
143,北京理工大学,2022,上海,3,本科批,工科试验班,（01）,576.0,0.0,578.0,2814.0,,普通类,3_14_0
143,北京理工大学,2022,上海,3,本科批,工科试验班,（01）,575.0,0.0,575.0,2948.0,,普通类,3_14_0
143,北京理工大学,2022,上海,3,本科批,工科试验班,（01）,575.0,0.0,575.0,2948.0,,普通类,3_14_0
143,北京理工大学,2022,上海,3,本科批,工科试验班,（01）,574.0,0.0,574.0,3080.0,,普通类,3_14_0
143,北京理工大学,2022,上海,3,本科批,理科试验班,（Q2）,567.0,0.0,570.0,4103.0,12.0,普通类,3_14_0
143,北京理工大学,2022,上海,3,本科批,理科试验班,（Q2）,567.0,0.0,570.0,4103.0,12.0,普通类,3_14_86228
143,北京理工大学,2022,江苏,2074,本科批,社会科学试验班,（01）,596.0,599.0,0.0,1300.0,12.0,普通类,2074_14_75349
143,北京理工大学,2022,江苏,2074,本科批,社会科学试验班,（01）,596.0,599.0,0.0,1300.0,12.0,普通类,2074_14_0
143,北京理工大学,2022,江苏,2073,本科批,工科试验班,（02）,633.0,642.0,0.0,2651.0,,普通类,2073_14_77752
143,北京理工大学,2022,江苏,2073,本科批,经济管理试验班,（02）,629.0,629.0,0.0,3395.0,6.0,普通类,2073_14_77752
143,北京理工大学,2022,江苏,2073,本科批,工科试验班,（02）,629.0,632.0,0.0,3395.0,,普通类,2073_14_77752
143,北京理工大学,2022,江苏,2073,本科批,工科试验班,（02）,628.0,631.0,0.0,3626.0,,普通类,2073_14_77752
143,北京理工大学,2022,江苏,2073,本科批,工科试验班,（02）,628.0,632.0,0.0,3626.0,,普通类,2073_14_77752
143,北京理工大学,2022,江苏,2073,本科批,工科试验班,（02）,628.0,632.0,0.0,3626.0,,普通类,2073_14_77752
143,北京理工大学,2022,江苏,2073,本科批,工科试验班,（02）,633.0,642.0,0.0,2651.0,,普通类,2073_14_0
143,北京理工大学,2022,江苏,2073,本科批,经济管理试验班,（02）,629.0,629.0,0.0,3395.0,6.0,普通类,2073_14_0
143,北京理工大学,2022,江苏,2073,本科批,工科试验班,（02）,629.0,632.0,0.0,3395.0,,普通类,2073_14_0
143,北京理工大学,2022,江苏,2073,本科批,工科试验班,（02）,628.0,631.0,0.0,3626.0,,普通类,2073_14_0
143,北京理工大学,2022,江苏,2073,本科批,工科试验班,（02）,628.0,632.0,0.0,3626.0,,普通类,2073_14_0
143,北京理工大学,2022,江苏,2073,本科批,工科试验班,（02）,628.0,632.0,0.0,3626.0,,普通类,2073_14_0
143,北京理工大学,2022,江苏,2073,本科批,航空航天工程,（04）,615.0,615.0,0.0,7287.0,2.0,中外合作办学,2073_14_0
143,北京理工大学,2022,江苏,2073,本科批,光电信息科学与工程,（04）,612.0,613.0,0.0,8350.0,2.0,中外合作办学,2073_14_0
143,北京理工大学,2022,江苏,2073,本科批,会计学,（03）,607.0,614.0,0.0,10403.0,8.0,中外合作办学,2073_14_0
143,北京理工大学,2022,江苏,2073,本科批,航空航天工程,（04）,615.0,615.0,0.0,7287.0,2.0,中外合作办学,2073_14_76909
143,北京理工大学,2022,江苏,2073,本科批,光电信息科学与工程,（04）,612.0,613.0,0.0,8350.0,2.0,中外合作办学,2073_14_76909
143,北京理工大学,2022,江苏,2073,本科批,会计学,（03）,607.0,614.0,0.0,10403.0,8.0,中外合作办学,2073_14_77278
143,北京理工大学,2022,浙江,3,平行录取一段,工科试验班,,673.0,0.0,0.0,1547.0,,普通类,3_16_0
143,北京理工大学,2022,浙江,3,平行录取一段,工科试验班,,662.0,0.0,0.0,3754.0,,普通类,3_16_0
143,北京理工大学,2022,浙江,3,平行录取一段,工科试验班,,654.0,0.0,0.0,6600.0,,普通类,3_16_0
143,北京理工大学,2022,浙江,3,平行录取一段,工科试验班,,653.0,0.0,0.0,7009.0,,普通类,3_16_0
143,北京理工大学,2022,浙江,3,平行录取一段,工科试验班,,652.0,0.0,0.0,7186.0,,普通类,3_16_0
143,北京理工大学,2022,浙江,3,平行录取一段,工科试验班,,652.0,0.0,0.0,7126.0,,普通类,3_16_0
143,北京理工大学,2022,浙江,3,平行录取一段,能源与动力工程,,649.0,0.0,0.0,8734.0,,中外合作办学,3_16_0
143,北京理工大学,2022,浙江,3,平行录取一段,自动化,,648.0,0.0,0.0,9178.0,,中外合作办学,3_16_0
143,北京理工大学,2022,安徽,1,本科一批,徐特立英才班,,650.0,0.0,0.0,1332.0,,普通类,1_7_0
143,北京理工大学,2022,安徽,1,本科一批,经济管理试验班,,648.0,0.0,0.0,1482.0,,普通类,1_7_0
143,北京理工大学,2022,安徽,1,本科一批,信息科学技术,,648.0,0.0,0.0,1482.0,,普通类,1_7_0
143,北京理工大学,2022,安徽,1,本科一批,宇航与机电类,,648.0,0.0,0.0,1482.0,,普通类,1_7_0
143,北京理工大学,2022,安徽,1,本科一批,宇航与机电类,,642.0,0.0,0.0,2023.0,,普通类,1_7_0
143,北京理工大学,2022,安徽,1,本科一批,理学与材料菁英班,,638.0,0.0,0.0,2488.0,,普通类,1_7_0
143,北京理工大学,2022,安徽,1,本科一批,理学与材料菁英班,,634.0,0.0,0.0,3027.0,,普通类,1_7_0
143,北京理工大学,2022,安徽,1,本科一批,经济管理试验班,,632.0,0.0,0.0,3320.0,,普通类,1_7_0
143,北京理工大学,2022,安徽,1,本科一批,理学与材料菁英班,,628.0,0.0,0.0,3958.0,,普通类,1_7_0
143,北京理工大学,2022,安徽,2,本科一批,社会科学试验班,,595.0,0.0,0.0,957.0,10.0,普通类,2_7_0
143,北京理工大学,2022,福建,2074,本科批,社会科学试验班,2313（L999）,615.0,616.0,616.0,564.0,,普通类,2074_14_79279
143,北京理工大学,2022,福建,2074,本科批,社会科学试验班,2313（L999）,604.0,612.0,607.0,1014.0,,普通类,2074_14_79279
143,北京理工大学,2022,福建,2074,本科批,社会科学试验班,2313（L999）,615.0,616.0,616.0,564.0,,普通类,2074_14_0
143,北京理工大学,2022,福建,2074,本科批,社会科学试验班,2313（L999）,604.0,612.0,607.0,1014.0,,普通类,2074_14_0
143,北京理工大学,2022,福建,2073,本科批,工科试验班,2313（W999）,656.0,657.0,657.0,646.0,,普通类,2073_14_80674
143,北京理工大学,2022,福建,2073,本科批,工科试验班,2313（W999）,650.0,656.0,652.0,964.0,,普通类,2073_14_80674
143,北京理工大学,2022,福建,2073,本科批,工科试验班,2313（W999）,646.0,649.0,648.0,1241.0,,普通类,2073_14_80674
143,北京理工大学,2022,福建,2073,本科批,工科试验班,2313（W999）,646.0,649.0,648.0,1241.0,,普通类,2073_14_80674
143,北京理工大学,2022,福建,2073,本科批,工科试验班,2313（W999）,646.0,647.0,647.0,1241.0,,普通类,2073_14_80674
143,北京理工大学,2022,福建,2073,本科批,工科试验班,2313（W999）,656.0,657.0,657.0,646.0,,普通类,2073_14_0
143,北京理工大学,2022,福建,2073,本科批,工科试验班,2313（W999）,650.0,656.0,652.0,964.0,,普通类,2073_14_0
143,北京理工大学,2022,福建,2073,本科批,工科试验班,2313（W999）,646.0,649.0,648.0,1241.0,,普通类,2073_14_0
143,北京理工大学,2022,福建,2073,本科批,工科试验班,2313（W999）,646.0,649.0,648.0,1241.0,,普通类,2073_14_0
143,北京理工大学,2022,福建,2073,本科批,工科试验班,2313（W999）,646.0,647.0,647.0,1241.0,,普通类,2073_14_0
143,北京理工大学,2022,福建,2073,本科批,航空航天工程,2314（W999）,621.0,627.0,624.0,4148.0,2.0,中外合作办学,2073_14_0
143,北京理工大学,2022,福建,2073,本科批,会计学,2315（W999）,615.0,620.0,618.0,5229.0,6.0,中外合作办学,2073_14_0
143,北京理工大学,2022,福建,2073,本科批,航空航天工程,2314（W999）,621.0,627.0,624.0,4148.0,2.0,中外合作办学,2073_14_80673
143,北京理工大学,2022,福建,2073,本科批,会计学,2315（W999）,615.0,620.0,618.0,5229.0,6.0,中外合作办学,2073_14_80672
143,北京理工大学,2022,江西,2,本科一批,社会科学试验班,,597.0,604.0,0.0,776.0,7.0,普通类,2_7_0
143,北京理工大学,2022,江西,1,本科一批,工科试验班,,640.0,640.0,0.0,656.0,,普通类,1_7_0
143,北京理工大学,2022,江西,1,本科一批,工科试验班,,630.0,636.0,0.0,1165.0,,普通类,1_7_0
143,北京理工大学,2022,江西,1,本科一批,理科试验班,,627.0,629.0,0.0,1413.0,11.0,普通类,1_7_0
143,北京理工大学,2022,江西,1,本科一批,工科试验班,,625.0,629.0,0.0,1564.0,,普通类,1_7_0
143,北京理工大学,2022,江西,1,本科一批,工科试验班,,624.0,629.0,0.0,1643.0,,普通类,1_7_0
143,北京理工大学,2022,江西,1,本科一批,工科试验班,,624.0,629.0,0.0,1643.0,,普通类,1_7_0
143,北京理工大学,2022,江西,1,本科一批,工科试验班,,617.0,623.0,0.0,2329.0,,普通类,1_7_0
143,北京理工大学,2022,江西,1,本科一批,会计学,,597.0,600.0,0.0,5551.0,2.0,中外合作办学,1_7_0
143,北京理工大学,2022,山东,3,普通类一段,工科试验班,,653.0,0.0,0.0,906.0,,普通类,3_1570_0
143,北京理工大学,2022,山东,3,普通类一段,工科试验班,,649.0,0.0,0.0,1285.0,,普通类,3_1570_0
143,北京理工大学,2022,山东,3,普通类一段,理科试验班,,646.0,0.0,0.0,1635.0,4.0,普通类,3_1570_0
143,北京理工大学,2022,山东,3,普通类一段,工科试验班,,644.0,0.0,0.0,1879.0,,普通类,3_1570_0
143,北京理工大学,2022,山东,3,普通类一段,工科试验班,,642.0,0.0,0.0,2223.0,,普通类,3_1570_0
143,北京理工大学,2022,山东,3,普通类一段,工科试验班,,642.0,0.0,0.0,2155.0,,普通类,3_1570_0
143,北京理工大学,2022,山东,3,普通类一段,工科试验班,,641.0,0.0,0.0,2270.0,,普通类,3_1570_0
143,北京理工大学,2022,山东,3,普通类一段,会计学,,613.0,0.0,0.0,9493.0,4.0,中外合作办学,3_1570_0
143,北京理工大学,2022,河南,2,本科一批,社会科学试验班,,602.0,607.0,604.0,1051.0,11.0,普通类,2_7_0
143,北京理工大学,2022,河南,1,本科一批,工科试验班,,655.0,663.0,657.0,1232.0,,普通类,1_7_0
143,北京理工大学,2022,河南,1,本科一批,工科试验班,,650.0,655.0,652.0,1663.0,,普通类,1_7_0
143,北京理工大学,2022,河南,1,本科一批,工科试验班,,650.0,654.0,652.0,1663.0,,普通类,1_7_0
143,北京理工大学,2022,河南,1,本科一批,工科试验班,,650.0,654.0,652.0,1663.0,,普通类,1_7_0
143,北京理工大学,2022,河南,1,本科一批,工科试验班,,642.0,649.0,646.0,2581.0,,普通类,1_7_0
143,北京理工大学,2022,河南,1,本科一批,理科试验班,,633.0,647.0,638.0,4040.0,40.0,普通类,1_7_0
143,北京理工大学,2022,湖北,2073,本科批,自动化,（W04）,609.0,0.0,0.0,5875.0,,中外合作办学,2073_14_72788
143,北京理工大学,2022,湖北,2073,本科批,航空航天工程,（W04）,608.0,0.0,0.0,6096.0,,中外合作办学,2073_14_72788
143,北京理工大学,2022,湖北,2073,本科批,经济管理试验班,（W02）,609.0,0.0,0.0,5875.0,,普通类,2073_14_0
143,北京理工大学,2022,湖北,2073,本科批,自动化,（W04）,609.0,0.0,0.0,5875.0,,中外合作办学,2073_14_0
143,北京理工大学,2022,湖北,2073,本科批,航空航天工程,（W04）,608.0,0.0,0.0,6096.0,,中外合作办学,2073_14_0
143,北京理工大学,2022,湖北,2073,本科批,会计学,（W03）,598.0,0.0,0.0,8645.0,,中外合作办学,2073_14_0
143,北京理工大学,2022,湖北,2073,本科批,会计学,（W03）,598.0,0.0,0.0,8645.0,,中外合作办学,2073_14_73242
143,北京理工大学,2022,湖北,2073,本科批,经济管理试验班,（W02）,609.0,0.0,0.0,5875.0,,普通类,2073_14_74069
143,北京理工大学,2022,湖北,2074,本科批,社会科学试验班,（L01）,598.0,0.0,0.0,1480.0,,普通类,2074_14_70448
143,北京理工大学,2022,湖北,2074,本科批,社会科学试验班,（L01）,598.0,0.0,0.0,1480.0,,普通类,2074_14_0
143,北京理工大学,2022,湖南,2073,本科批,经济管理试验班,（002）,631.0,0.0,0.0,2094.0,,普通类,2073_14_67898
143,北京理工大学,2022,湖南,2073,本科批,经济管理试验班,（002）,631.0,0.0,0.0,2094.0,,普通类,2073_14_0
143,北京理工大学,2022,湖南,2073,本科批,光电信息科学与工程,（004）,609.0,0.0,0.0,5923.0,,中外合作办学,2073_14_0
143,北京理工大学,2022,湖南,2073,本科批,能源与动力工程,（004）,606.0,0.0,0.0,6699.0,,中外合作办学,2073_14_0
143,北京理工大学,2022,湖南,2073,本科批,会计学,（003）,602.0,0.0,0.0,7803.0,,中外合作办学,2073_14_0
143,北京理工大学,2022,湖南,2073,本科批,会计学,（003）,602.0,0.0,0.0,7803.0,,中外合作办学,2073_14_66886
143,北京理工大学,2022,湖南,2073,本科批,光电信息科学与工程,（004）,609.0,0.0,0.0,5923.0,,中外合作办学,2073_14_66392
143,北京理工大学,2022,湖南,2073,本科批,能源与动力工程,（004）,606.0,0.0,0.0,6699.0,,中外合作办学,2073_14_66392
143,北京理工大学,2022,湖南,2074,本科批,社会科学试验班,（001）,602.0,0.0,0.0,890.0,,普通类,2074_14_63833
143,北京理工大学,2022,湖南,2074,本科批,社会科学试验班,（001）,602.0,0.0,0.0,890.0,,普通类,2074_14_0
143,北京理工大学,2022,广东,2074,本科批,社会科学试验班,（201）,596.0,604.0,0.0,2075.0,12.0,普通类,2074_14_52672
143,北京理工大学,2022,广东,2074,本科批,社会科学试验班,（201）,596.0,604.0,0.0,2075.0,12.0,普通类,2074_14_0
143,北京理工大学,2022,广东,2073,本科批,工科试验班,（202）,655.0,659.0,0.0,1526.0,,普通类,2073_14_52673
143,北京理工大学,2022,广东,2073,本科批,工科试验班,（202）,647.0,653.0,0.0,2638.0,,普通类,2073_14_52673
143,北京理工大学,2022,广东,2073,本科批,工科试验班,（202）,646.0,654.0,0.0,2811.0,,普通类,2073_14_52673
143,北京理工大学,2022,广东,2073,本科批,工科试验班,（202）,646.0,650.0,0.0,2811.0,,普通类,2073_14_52673
143,北京理工大学,2022,广东,2073,本科批,工科试验班,（202）,646.0,653.0,0.0,2811.0,,普通类,2073_14_52673
143,北京理工大学,2022,广东,2073,本科批,工科试验班,（202）,655.0,659.0,0.0,1526.0,,普通类,2073_14_0
143,北京理工大学,2022,广东,2073,本科批,工科试验班,（202）,647.0,653.0,0.0,2638.0,,普通类,2073_14_0
143,北京理工大学,2022,广东,2073,本科批,工科试验班,（202）,646.0,654.0,0.0,2811.0,,普通类,2073_14_0
143,北京理工大学,2022,广东,2073,本科批,工科试验班,（202）,646.0,650.0,0.0,2811.0,,普通类,2073_14_0
143,北京理工大学,2022,广东,2073,本科批,工科试验班,（202）,646.0,653.0,0.0,2811.0,,普通类,2073_14_0
143,北京理工大学,2022,广东,2073,本科批,航空航天工程,（205）,629.0,638.0,0.0,7118.0,2.0,中外合作办学,2073_14_0
143,北京理工大学,2022,广东,2073,本科批,自动化,（205）,629.0,631.0,0.0,7118.0,2.0,中外合作办学,2073_14_0
143,北京理工大学,2022,广东,2073,本科批,会计学,（203）,615.0,627.0,0.0,12968.0,5.0,中外合作办学,2073_14_0
143,北京理工大学,2022,广东,2073,本科批,会计学,（203）,615.0,627.0,0.0,12968.0,5.0,中外合作办学,2073_14_52674
143,北京理工大学,2022,广东,2073,本科批,航空航天工程,（205）,629.0,638.0,0.0,7118.0,2.0,中外合作办学,2073_14_52675
143,北京理工大学,2022,广东,2073,本科批,自动化,（205）,629.0,631.0,0.0,7118.0,2.0,中外合作办学,2073_14_52675
143,北京理工大学,2022,广西,1,本科一批,工科试验班,,652.0,663.0,0.0,464.0,,普通类,1_7_0
143,北京理工大学,2022,广西,1,本科一批,工科试验班,,651.0,651.0,0.0,487.0,,普通类,1_7_0
143,北京理工大学,2022,广西,1,本科一批,工科试验班,,650.0,651.0,0.0,521.0,,普通类,1_7_0
143,北京理工大学,2022,海南,3,本科批,工科试验班,（04）,760.0,0.0,0.0,307.0,,普通类,3_14_82728
143,北京理工大学,2022,海南,3,本科批,工科试验班,（04）,757.0,0.0,0.0,342.0,,普通类,3_14_82728
143,北京理工大学,2022,海南,3,本科批,工科试验班,（04）,760.0,0.0,0.0,307.0,,普通类,3_14_0
143,北京理工大学,2022,海南,3,本科批,工科试验班,（04）,757.0,0.0,0.0,342.0,,普通类,3_14_0
143,北京理工大学,2022,海南,3,本科批,航空航天工程,（80）,699.0,0.0,0.0,1548.0,2.0,中外合作办学,3_14_0
143,北京理工大学,2022,海南,3,本科批,能源与动力工程,（80）,696.0,0.0,0.0,1667.0,2.0,中外合作办学,3_14_0
143,北京理工大学,2022,海南,3,本科批,航空航天工程,（80）,699.0,0.0,0.0,1548.0,2.0,中外合作办学,3_14_81876
143,北京理工大学,2022,海南,3,本科批,能源与动力工程,（80）,696.0,0.0,0.0,1667.0,2.0,中外合作办学,3_14_81876
143,北京理工大学,2022,重庆,2073,本科批,工科试验班,,652.0,0.0,0.0,510.0,,普通类,2073_14_0
143,北京理工大学,2022,重庆,2073,本科批,工科试验班,,647.0,0.0,0.0,716.0,,普通类,2073_14_0
143,北京理工大学,2022,重庆,2073,本科批,工科试验班,,637.0,0.0,0.0,1314.0,,普通类,2073_14_0
143,北京理工大学,2022,重庆,2073,本科批,工科试验班,,634.0,0.0,0.0,1509.0,,普通类,2073_14_0
143,北京理工大学,2022,重庆,2073,本科批,工科试验班,,634.0,0.0,0.0,1509.0,,普通类,2073_14_0
143,北京理工大学,2022,重庆,2073,本科批,自动化,,627.0,0.0,0.0,2123.0,2.0,中外合作办学,2073_14_0
143,北京理工大学,2022,重庆,2073,本科批,会计学,,606.0,0.0,0.0,4907.0,4.0,中外合作办学,2073_14_0
143,北京理工大学,2022,重庆,2074,本科批,社会科学试验班,,601.0,0.0,0.0,858.0,12.0,普通类,2074_14_0
143,北京理工大学,2022,四川,1,本科一批,工科试验班,,673.0,673.0,673.0,660.0,,普通类,1_7_0
143,北京理工大学,2022,四川,1,本科一批,工科试验班,,664.0,670.0,666.0,1326.0,,普通类,1_7_0
143,北京理工大学,2022,四川,1,本科一批,工科试验班,,662.0,663.0,663.0,1535.0,,普通类,1_7_0
143,北京理工大学,2022,四川,1,本科一批,理科试验班,,662.0,664.0,663.0,1535.0,,普通类,1_7_0
143,北京理工大学,2022,四川,1,本科一批,工科试验班,,662.0,662.0,662.0,1535.0,,普通类,1_7_0
143,北京理工大学,2022,四川,1,本科一批,工科试验班,,662.0,663.0,662.0,1535.0,,普通类,1_7_0
143,北京理工大学,2022,四川,1,本科一批,工科试验班,,653.0,662.0,657.0,2551.0,,普通类,1_7_0
143,北京理工大学,2022,四川,1,本科一批,理科试验班,,651.0,651.0,651.0,2832.0,,普通类,1_7_0
143,北京理工大学,2022,四川,1,本科一批,工科试验班,,648.0,651.0,650.0,3282.0,,普通类,1_7_0
143,北京理工大学,2022,四川,1,本科一批,会计学,,614.0,630.0,620.0,12291.0,,中外合作办学,1_7_0
143,北京理工大学,2022,四川,2,本科一批,社会科学试验班,,607.0,609.0,608.0,1190.0,,普通类,2_7_0
143,北京理工大学,2022,贵州,1,本科一批,工科试验班,,628.0,634.0,0.0,627.0,,普通类,1_7_0
143,北京理工大学,2022,贵州,1,本科一批,工科试验班,,619.0,625.0,0.0,1018.0,,普通类,1_7_0
143,北京理工大学,2022,贵州,1,本科一批,工科试验班,,617.0,627.0,0.0,1121.0,,普通类,1_7_0
143,北京理工大学,2022,贵州,1,本科一批,工科试验班,,617.0,626.0,0.0,1168.0,,普通类,1_7_0
143,北京理工大学,2022,贵州,1,本科一批,工科试验班,,603.0,618.0,0.0,2014.0,,普通类,1_7_0
143,北京理工大学,2022,贵州,1,本科一批,自动化,,585.0,592.0,0.0,3771.0,3.0,中外合作办学,1_7_0
143,北京理工大学,2022,云南,2,本科一批,社会科学试验班,,646.0,0.0,0.0,649.0,,普通类,2_7_0
143,北京理工大学,2022,云南,1,本科一批,工科试验班,,667.0,0.0,0.0,638.0,,普通类,1_7_0
143,北京理工大学,2022,云南,1,本科一批,理科试验班,,661.0,0.0,0.0,869.0,,普通类,1_7_0
143,北京理工大学,2022,云南,1,本科一批,工科试验班,,656.0,0.0,0.0,1087.0,,普通类,1_7_0
143,北京理工大学,2022,云南,1,本科一批,经济管理试验班,,654.0,0.0,0.0,1197.0,,普通类,1_7_0
143,北京理工大学,2022,云南,1,本科一批,工科试验班,,653.0,0.0,0.0,1255.0,,普通类,1_7_0
143,北京理工大学,2022,云南,1,本科一批,工科试验班,,653.0,0.0,0.0,1255.0,,普通类,1_7_0
143,北京理工大学,2022,云南,1,本科一批,工科试验班,,644.0,0.0,0.0,1908.0,,普通类,1_7_0
143,北京理工大学,2022,云南,1,本科一批,工科试验班,,640.0,0.0,0.0,2251.0,,普通类,1_7_0
143,北京理工大学,2022,云南,1,本科一批,理科试验班,,639.0,0.0,0.0,2359.0,,普通类,1_7_0
143,北京理工大学,2022,云南,1,本科一批,工科试验班,,639.0,0.0,0.0,2359.0,,普通类,1_7_0
143,北京理工大学,2022,陕西,1,本科一批,工科试验班,,643.0,651.0,645.0,1009.0,,普通类,1_7_0
143,北京理工大学,2022,陕西,1,本科一批,工科试验班,,630.0,642.0,635.0,1703.0,,普通类,1_7_0
143,北京理工大学,2022,陕西,1,本科一批,理科试验班,,630.0,635.0,633.0,1678.0,2.0,普通类,1_7_0
143,北京理工大学,2022,陕西,1,本科一批,工科试验班,,629.0,629.0,629.0,1765.0,,普通类,1_7_0
143,北京理工大学,2022,陕西,1,本科一批,工科试验班,,624.0,641.0,630.0,2069.0,,普通类,1_7_0
143,北京理工大学,2022,陕西,1,本科一批,经济管理试验班,,624.0,624.0,624.0,2067.0,1.0,普通类,1_7_0
143,北京理工大学,2022,陕西,1,本科一批,工科试验班,,615.0,638.0,628.0,2798.0,,普通类,1_7_0
143,北京理工大学,2022,陕西,1,本科一批,会计学,,585.0,596.0,591.0,6697.0,6.0,中外合作办学,1_7_0
143,北京理工大学,2022,陕西,2,本科一批,社会科学试验班,,590.0,596.0,592.0,689.0,14.0,普通类,2_7_0
143,北京理工大学,2022,陕西,1,国家专项计划本科批,工科试验班,,623.0,627.0,625.0,2118.0,,普通类,1_12_0
143,北京理工大学,2022,陕西,1,国家专项计划本科批,工科试验班,,614.0,619.0,615.0,2969.0,,普通类,1_12_0
143,北京理工大学,2022,陕西,1,国家专项计划本科批,理科试验班,,610.0,618.0,613.0,3293.0,,普通类,1_12_0
143,北京理工大学,2022,甘肃,2,本科一批I段,社会科学试验班,,564.0,569.0,567.0,460.0,4.0,普通类,2_111_0
143,北京理工大学,2022,甘肃,1,本科一批I段,工科试验班,,600.0,615.0,604.0,755.0,,普通类,1_111_0
143,北京理工大学,2022,甘肃,1,本科一批I段,工科试验班,,599.0,599.0,599.0,789.0,,普通类,1_111_0
143,北京理工大学,2022,甘肃,1,本科一批I段,经济管理试验班,,599.0,599.0,599.0,789.0,2.0,普通类,1_111_0
143,北京理工大学,2022,甘肃,1,本科一批I段,工科试验班,,597.0,599.0,598.0,852.0,,普通类,1_111_0
143,北京理工大学,2022,甘肃,1,本科一批I段,工科试验班,,597.0,597.0,597.0,852.0,,普通类,1_111_0
143,北京理工大学,2022,甘肃,1,本科一批I段,工科试验班,,596.0,598.0,597.0,883.0,,普通类,1_111_0
143,北京理工大学,2022,甘肃,1,本科一批I段,理科试验班,,579.0,593.0,586.0,1714.0,,普通类,1_111_0
143,北京理工大学,2022,甘肃,1,本科一批I段,理科试验班,,569.0,582.0,576.0,2372.0,,普通类,1_111_0
143,北京理工大学,2022,青海,1,本科一段,工科试验班,,577.0,0.0,583.0,178.0,,普通类,1_1564_0
143,北京理工大学,2022,青海,1,本科一段,工科试验班,,573.0,0.0,573.0,208.0,,普通类,1_1564_0
143,北京理工大学,2022,青海,1,本科一段,工科试验班,,570.0,0.0,575.0,221.0,,普通类,1_1564_0
143,北京理工大学,2022,青海,1,本科一段,理科试验班,,536.0,0.0,551.0,633.0,13.0,普通类,1_1564_0
143,北京理工大学,2022,宁夏,1,本科一批,徐特立英才班,,589.0,0.0,0.0,210.0,,普通类,1_7_0
143,北京理工大学,2022,宁夏,1,本科一批,宇航与机电类,,585.0,0.0,0.0,250.0,,普通类,1_7_0
143,北京理工大学,2022,宁夏,1,本科一批,信息科学技术,,581.0,0.0,0.0,295.0,,普通类,1_7_0
143,北京理工大学,2022,宁夏,1,本科一批,理学与材料菁英班,,580.0,0.0,0.0,303.0,,普通类,1_7_0
143,北京理工大学,2022,宁夏,1,本科一批,经济管理试验班,,543.0,0.0,0.0,1080.0,,普通类,1_7_0
143,北京理工大学,2022,宁夏,1,本科一批,理学与材料菁英班,,536.0,0.0,0.0,1315.0,,普通类,1_7_0
143,北京理工大学,2022,宁夏,1,本科一批,理学与材料菁英班,,487.0,0.0,0.0,3969.0,,普通类,1_7_0
143,北京理工大学,2022,宁夏,2,本科一批,社会科学试验班,,567.0,0.0,0.0,235.0,,普通类,2_7_0
143,北京理工大学,2022,新疆,1,本科一批,工科试验班,,600.0,606.0,0.0,,,普通类,1_7_0
143,北京理工大学,2022,新疆,1,本科一批,工科试验班,,596.0,596.0,0.0,,,普通类,1_7_0
143,北京理工大学,2022,新疆,1,本科一批,工科试验班,,595.0,598.0,0.0,,,普通类,1_7_0
143,北京理工大学,2022,新疆,1,本科一批,工科试验班,,593.0,599.0,0.0,,,普通类,1_7_0
143,北京理工大学,2022,新疆,1,本科一批,工科试验班,,591.0,599.0,0.0,,,普通类,1_7_0
143,北京理工大学,2022,新疆,1,本科一批,理科试验班,,578.0,592.0,0.0,,16.0,普通类,1_7_0
143,北京理工大学,2023,北京,3,本科批,工业设计,（01）,656.0,0.0,0.0,2180.0,,普通类,3_14_109078
143,北京理工大学,2023,北京,3,本科批,社会科学试验班,（01）,652.0,0.0,0.0,2544.0,,普通类,3_14_109078
143,北京理工大学,2023,北京,3,本科批,社会科学试验班,（01）,652.0,0.0,0.0,2544.0,,普通类,3_14_109078
143,北京理工大学,2023,北京,3,本科批,经济管理试验班,（01）,650.0,0.0,0.0,2754.0,,普通类,3_14_109078
143,北京理工大学,2023,北京,3,本科批,工科试验班,（02）,670.0,0.0,0.0,1066.0,,普通类,3_14_0
143,北京理工大学,2023,北京,3,本科批,工科试验班,（02）,665.0,0.0,0.0,1419.0,,普通类,3_14_0
143,北京理工大学,2023,北京,3,本科批,工科试验班,（02）,663.0,0.0,0.0,1581.0,,普通类,3_14_0
143,北京理工大学,2023,北京,3,本科批,工科试验班,（02）,658.0,0.0,0.0,1979.0,,普通类,3_14_0
143,北京理工大学,2023,北京,3,本科批,理科试验班,（02）,657.0,0.0,0.0,2083.0,,普通类,3_14_0
143,北京理工大学,2023,北京,3,本科批,工科试验班,（02）,657.0,0.0,0.0,2083.0,,普通类,3_14_0
143,北京理工大学,2023,北京,3,本科批,工科试验班,（02）,657.0,0.0,0.0,2083.0,,普通类,3_14_0
143,北京理工大学,2023,北京,3,本科批,工科试验班,（02）,657.0,0.0,0.0,2083.0,,普通类,3_14_0
143,北京理工大学,2023,北京,3,本科批,工业设计,（01）,656.0,0.0,0.0,2180.0,,普通类,3_14_0
143,北京理工大学,2023,北京,3,本科批,社会科学试验班,（01）,652.0,0.0,0.0,2544.0,,普通类,3_14_0
143,北京理工大学,2023,北京,3,本科批,社会科学试验班,（01）,652.0,0.0,0.0,2544.0,,普通类,3_14_0
143,北京理工大学,2023,北京,3,本科批,经济管理试验班,（01）,650.0,0.0,0.0,2754.0,,普通类,3_14_0
143,北京理工大学,2023,北京,3,本科批,航空航天工程,（04）,647.0,0.0,0.0,3096.0,,中外合作办学,3_14_0
143,北京理工大学,2023,北京,3,本科批,自动化,（04）,646.0,0.0,0.0,3224.0,,中外合作办学,3_14_0
143,北京理工大学,2023,北京,3,本科批,光电信息科学与工程,（04）,645.0,0.0,0.0,3347.0,,中外合作办学,3_14_0
143,北京理工大学,2023,北京,3,本科批,能源与动力工程,（04）,644.0,0.0,0.0,3455.0,,中外合作办学,3_14_0
143,北京理工大学,2023,北京,3,本科批,会计学,（03）,631.0,0.0,0.0,5161.0,,中外合作办学,3_14_0
143,北京理工大学,2023,北京,3,本科批,工科试验班,（02）,670.0,0.0,0.0,1066.0,,普通类,3_14_109077
143,北京理工大学,2023,北京,3,本科批,工科试验班,（02）,665.0,0.0,0.0,1419.0,,普通类,3_14_109077
143,北京理工大学,2023,北京,3,本科批,工科试验班,（02）,663.0,0.0,0.0,1581.0,,普通类,3_14_109077
143,北京理工大学,2023,北京,3,本科批,工科试验班,（02）,658.0,0.0,0.0,1979.0,,普通类,3_14_109077
143,北京理工大学,2023,北京,3,本科批,理科试验班,（02）,657.0,0.0,0.0,2083.0,,普通类,3_14_109077
143,北京理工大学,2023,北京,3,本科批,工科试验班,（02）,657.0,0.0,0.0,2083.0,,普通类,3_14_109077
143,北京理工大学,2023,北京,3,本科批,工科试验班,（02）,657.0,0.0,0.0,2083.0,,普通类,3_14_109077
143,北京理工大学,2023,北京,3,本科批,工科试验班,（02）,657.0,0.0,0.0,2083.0,,普通类,3_14_109077
143,北京理工大学,2023,北京,3,本科批,会计学,（03）,631.0,0.0,0.0,5161.0,,中外合作办学,3_14_109076
143,北京理工大学,2023,北京,3,本科批,航空航天工程,（04）,647.0,0.0,0.0,3096.0,,中外合作办学,3_14_109075
143,北京理工大学,2023,北京,3,本科批,自动化,（04）,646.0,0.0,0.0,3224.0,,中外合作办学,3_14_109075
143,北京理工大学,2023,北京,3,本科批,光电信息科学与工程,（04）,645.0,0.0,0.0,3347.0,,中外合作办学,3_14_109075
143,北京理工大学,2023,北京,3,本科批,能源与动力工程,（04）,644.0,0.0,0.0,3455.0,,中外合作办学,3_14_109075
143,北京理工大学,2023,天津,3,本科批A段,会计学,（3）,646.0,0.0,0.0,4078.0,7.0,中外合作办学,3_46_129842
143,北京理工大学,2023,天津,3,本科批A段,工科试验班,（1）,689.0,0.0,0.0,,,普通类,3_46_0
143,北京理工大学,2023,天津,3,本科批A段,工科试验班,（1）,686.0,0.0,0.0,,,普通类,3_46_0
143,北京理工大学,2023,天津,3,本科批A段,工科试验班,（1）,683.0,0.0,0.0,,,普通类,3_46_0
143,北京理工大学,2023,天津,3,本科批A段,工科试验班,（1）,681.0,0.0,0.0,,,普通类,3_46_0
143,北京理工大学,2023,天津,3,本科批A段,工科试验班,（1）,681.0,0.0,0.0,,,普通类,3_46_0
143,北京理工大学,2023,天津,3,本科批A段,工科试验班,（1）,681.0,0.0,0.0,,,普通类,3_46_0
143,北京理工大学,2023,天津,3,本科批A段,能源与动力工程,（2）,664.0,0.0,0.0,1977.0,3.0,中外合作办学,3_46_0
143,北京理工大学,2023,天津,3,本科批A段,会计学,（3）,646.0,0.0,0.0,4078.0,7.0,中外合作办学,3_46_0
143,北京理工大学,2023,天津,3,本科批A段,能源与动力工程,（2）,664.0,0.0,0.0,1977.0,3.0,中外合作办学,3_46_130448
143,北京理工大学,2023,天津,3,本科批A段,工科试验班,（1）,689.0,0.0,0.0,,,普通类,3_46_131169
143,北京理工大学,2023,天津,3,本科批A段,工科试验班,（1）,686.0,0.0,0.0,,,普通类,3_46_131169
143,北京理工大学,2023,天津,3,本科批A段,工科试验班,（1）,683.0,0.0,0.0,,,普通类,3_46_131169
143,北京理工大学,2023,天津,3,本科批A段,工科试验班,（1）,681.0,0.0,0.0,,,普通类,3_46_131169
143,北京理工大学,2023,天津,3,本科批A段,工科试验班,（1）,681.0,0.0,0.0,,,普通类,3_46_131169
143,北京理工大学,2023,天津,3,本科批A段,工科试验班,（1）,681.0,0.0,0.0,,,普通类,3_46_131169
143,北京理工大学,2023,河北,2073,本科批,工科试验班,,671.0,0.0,0.0,416.0,,普通类,2073_14_0
143,北京理工大学,2023,河北,2073,本科批,工科试验班,,666.0,0.0,0.0,666.0,,普通类,2073_14_0
143,北京理工大学,2023,河北,2073,本科批,工科试验班,,662.0,0.0,0.0,907.0,,普通类,2073_14_0
143,北京理工大学,2023,河北,2073,本科批,工科试验班,,660.0,0.0,0.0,1043.0,,普通类,2073_14_0
143,北京理工大学,2023,河北,2073,本科批,工科试验班,,660.0,0.0,0.0,1043.0,,普通类,2073_14_0
143,北京理工大学,2023,河北,2073,本科批,工科试验班,,659.0,0.0,0.0,1110.0,,普通类,2073_14_0
143,北京理工大学,2023,河北,2073,本科批,光电信息科学与工程,,635.0,0.0,0.0,4398.0,,中外合作办学,2073_14_0
143,北京理工大学,2023,河北,2073,本科批,会计学,,624.0,0.0,0.0,6968.0,,中外合作办学,2073_14_0
143,北京理工大学,2023,河北,2074,本科批,社会科学试验班,,628.0,0.0,0.0,757.0,,普通类,2074_14_0
143,北京理工大学,2023,河北,2073,本科提前批B段,工科试验班,,653.0,0.0,0.0,1660.0,,普通类,2073_37_0
143,北京理工大学,2023,河北,2073,本科提前批B段,工科试验班,,650.0,0.0,0.0,1984.0,,普通类,2073_37_0
143,北京理工大学,2023,河北,2073,本科提前批B段,理科试验班,,648.0,0.0,0.0,2236.0,4.0,普通类,2073_37_0
143,北京理工大学,2023,河北,2074,本科提前批B段,设计学类,,623.0,0.0,0.0,1005.0,,普通类,2074_37_0
143,北京理工大学,2023,山西,2,本科一批A段,社会科学试验班,,573.0,0.0,0.0,584.0,,普通类,2_51_0
143,北京理工大学,2023,山西,1,本科一批A1段,光电信息科学与工程,,592.0,0.0,0.0,5926.0,,中外合作办学,1_98_0
143,北京理工大学,2023,山西,1,本科一批A1段,能源与动力工程,,583.0,0.0,0.0,7561.0,,中外合作办学,1_98_0
143,北京理工大学,2023,山西,1,本科一批A1段,会计学,,582.0,0.0,0.0,7750.0,,中外合作办学,1_98_0
143,北京理工大学,2023,山西,1,本科一批A段,工科试验班,,653.0,0.0,0.0,442.0,,普通类,1_51_0
143,北京理工大学,2023,山西,1,本科一批A段,工科试验班,,648.0,0.0,0.0,607.0,,普通类,1_51_0
143,北京理工大学,2023,山西,1,本科一批A段,经济管理试验班,,646.0,0.0,0.0,686.0,,普通类,1_51_0
143,北京理工大学,2023,山西,1,本科一批A段,工科试验班,,643.0,0.0,0.0,812.0,,普通类,1_51_0
143,北京理工大学,2023,山西,1,本科一批A段,理科试验班,,639.0,0.0,0.0,996.0,,普通类,1_51_0
143,北京理工大学,2023,山西,1,本科一批A段,工科试验班,,637.0,0.0,0.0,1102.0,,普通类,1_51_0
143,北京理工大学,2023,山西,1,本科一批A段,工科试验班,,637.0,0.0,0.0,1102.0,,普通类,1_51_0
143,北京理工大学,2023,内蒙古,1,本科提前批A段,工科试验班,,629.0,629.0,0.0,636.0,,普通类,1_36_0
143,北京理工大学,2023,内蒙古,1,本科提前批B段,工科试验班,,621.0,625.0,0.0,853.0,,普通类,1_37_0
143,北京理工大学,2023,内蒙古,1,本科提前批B段,理科试验班,,609.0,620.0,0.0,1278.0,,普通类,1_37_0
143,北京理工大学,2023,内蒙古,2,本科一批,社会科学试验班,,584.0,590.0,0.0,302.0,11.0,普通类,2_7_0
143,北京理工大学,2023,内蒙古,1,本科一批,工科试验班,,652.0,666.0,0.0,203.0,,普通类,1_7_0
143,北京理工大学,2023,内蒙古,1,本科一批,工科试验班,,639.0,651.0,0.0,417.0,,普通类,1_7_0
143,北京理工大学,2023,内蒙古,1,本科一批,工科试验班,,634.0,635.0,0.0,522.0,,普通类,1_7_0
143,北京理工大学,2023,内蒙古,1,本科一批,理科试验班,,632.0,635.0,0.0,558.0,2.0,普通类,1_7_0
143,北京理工大学,2023,内蒙古,1,本科一批,工科试验班,,632.0,637.0,0.0,558.0,,普通类,1_7_0
143,北京理工大学,2023,内蒙古,1,本科一批,工科试验班,,632.0,643.0,0.0,558.0,,普通类,1_7_0
143,北京理工大学,2023,内蒙古,1,本科一批,工科试验班,,632.0,643.0,0.0,558.0,,普通类,1_7_0
143,北京理工大学,2023,内蒙古,1,本科一批,光电信息科学与工程,,592.0,596.0,0.0,2131.0,2.0,中外合作办学,1_7_0
143,北京理工大学,2023,内蒙古,1,本科一批,会计学,,591.0,601.0,0.0,2188.0,3.0,中外合作办学,1_7_0
143,北京理工大学,2023,内蒙古,1,本科一批,能源与动力工程,,591.0,612.0,0.0,2188.0,2.0,中外合作办学,1_7_0
143,北京理工大学,2023,辽宁,2074,本科批,社会科学试验班,,619.0,0.0,0.0,637.0,,普通类,2074_14_0
143,北京理工大学,2023,辽宁,2073,本科批,工科试验班,,674.0,0.0,0.0,784.0,,普通类,2073_14_0
143,北京理工大学,2023,辽宁,2073,本科批,工科试验班,,668.0,0.0,0.0,1107.0,,普通类,2073_14_0
143,北京理工大学,2023,辽宁,2073,本科批,工科试验班,,667.0,0.0,0.0,1159.0,,普通类,2073_14_0
143,北京理工大学,2023,辽宁,2073,本科批,工科试验班,,666.0,0.0,0.0,1229.0,,普通类,2073_14_0
143,北京理工大学,2023,辽宁,2073,本科批,工科试验班,,665.0,0.0,0.0,1288.0,,普通类,2073_14_0
143,北京理工大学,2023,辽宁,2073,本科批,光电信息科学与工程,,652.0,0.0,0.0,2411.0,,中外合作办学,2073_14_0
143,北京理工大学,2023,辽宁,2073,本科批,会计学,,639.0,0.0,0.0,4009.0,,中外合作办学,2073_14_0
143,北京理工大学,2023,吉林,2,本科一批A段,社会科学试验班,,560.0,569.0,0.0,559.0,5.0,普通类,2_51_0
143,北京理工大学,2023,吉林,1,本科一批A段,工科试验班,,648.0,648.0,0.0,380.0,,普通类,1_51_0
143,北京理工大学,2023,吉林,1,本科一批A段,工科试验班,,637.0,645.0,0.0,658.0,,普通类,1_51_0
143,北京理工大学,2023,吉林,1,本科一批A段,工科试验班,,634.0,639.0,0.0,764.0,,普通类,1_51_0
143,北京理工大学,2023,吉林,1,本科一批A段,工科试验班,,633.0,635.0,0.0,789.0,,普通类,1_51_0
143,北京理工大学,2023,吉林,1,本科一批A段,工科试验班,,633.0,636.0,0.0,789.0,,普通类,1_51_0
143,北京理工大学,2023,吉林,1,本科一批A段,工科试验班,,620.0,632.0,0.0,1267.0,,普通类,1_51_0
143,北京理工大学,2023,吉林,1,本科一批A段,理科试验班,,617.0,630.0,0.0,1404.0,24.0,普通类,1_51_0
143,北京理工大学,2023,吉林,1,本科一批A段,会计学,,566.0,580.0,0.0,4867.0,3.0,中外合作办学,1_51_0
143,北京理工大学,2023,黑龙江,2,本科一批A段,社会科学试验班,,550.0,555.0,0.0,446.0,,普通类,2_51_0
143,北京理工大学,2023,黑龙江,1,本科一批A段,工科试验班,,656.0,656.0,0.0,275.0,,普通类,1_51_0
143,北京理工大学,2023,黑龙江,1,本科一批A段,工科试验班,,641.0,655.0,0.0,636.0,,普通类,1_51_0
143,北京理工大学,2023,黑龙江,1,本科一批A段,理科试验班,,640.0,640.0,0.0,674.0,,普通类,1_51_0
143,北京理工大学,2023,黑龙江,1,本科一批A段,工科试验班,,639.0,640.0,0.0,709.0,,普通类,1_51_0
143,北京理工大学,2023,黑龙江,1,本科一批A段,工科试验班,,639.0,640.0,0.0,709.0,,普通类,1_51_0
143,北京理工大学,2023,黑龙江,1,本科一批A段,工科试验班,,638.0,640.0,0.0,747.0,,普通类,1_51_0
143,北京理工大学,2023,黑龙江,1,本科一批A段,工科试验班,,615.0,638.0,0.0,1751.0,,普通类,1_51_0
143,北京理工大学,2023,黑龙江,1,本科一批A段,会计学,,582.0,599.0,0.0,4185.0,,中外合作办学,1_51_0
143,北京理工大学,2023,上海,3,本科批,工科试验班,（01）,580.0,0.0,584.0,2393.0,,普通类,3_14_107597
143,北京理工大学,2023,上海,3,本科批,工科试验班,（01）,580.0,0.0,581.0,2393.0,,普通类,3_14_107597
143,北京理工大学,2023,上海,3,本科批,工科试验班,（01）,577.0,0.0,577.0,2821.0,,普通类,3_14_107597
143,北京理工大学,2023,上海,3,本科批,工科试验班,（01）,576.0,0.0,578.0,2962.0,,普通类,3_14_107597
143,北京理工大学,2023,上海,3,本科批,工科试验班,（01）,576.0,0.0,577.0,2962.0,,普通类,3_14_107597
143,北京理工大学,2023,上海,3,本科批,工科试验班,（01）,580.0,0.0,584.0,2393.0,,普通类,3_14_0
143,北京理工大学,2023,上海,3,本科批,工科试验班,（01）,580.0,0.0,581.0,2393.0,,普通类,3_14_0
143,北京理工大学,2023,上海,3,本科批,工科试验班,（01）,577.0,0.0,577.0,2821.0,,普通类,3_14_0
143,北京理工大学,2023,上海,3,本科批,工科试验班,（01）,576.0,0.0,578.0,2962.0,,普通类,3_14_0
143,北京理工大学,2023,上海,3,本科批,工科试验班,（01）,576.0,0.0,577.0,2962.0,,普通类,3_14_0
143,北京理工大学,2023,上海,3,本科批,理科试验班,（02）,569.0,0.0,572.0,4096.0,14.0,普通类,3_14_0
143,北京理工大学,2023,上海,3,本科批,理科试验班,（02）,569.0,0.0,572.0,4096.0,14.0,普通类,3_14_107596
143,北京理工大学,2023,江苏,2074,本科批,社会科学试验班,（01）,623.0,627.0,0.0,1407.0,12.0,普通类,2074_14_114521
143,北京理工大学,2023,江苏,2074,本科批,社会科学试验班,（01）,623.0,627.0,0.0,1407.0,12.0,普通类,2074_14_0
143,北京理工大学,2023,江苏,2073,本科批,工科试验班,（02）,665.0,665.0,0.0,1847.0,,普通类,2073_14_114520
143,北京理工大学,2023,江苏,2073,本科批,工科试验班,（02）,662.0,665.0,0.0,2371.0,,普通类,2073_14_114520
143,北京理工大学,2023,江苏,2073,本科批,工科试验班,（02）,659.0,661.0,0.0,2949.0,,普通类,2073_14_114520
143,北京理工大学,2023,江苏,2073,本科批,理科试验班,（02）,657.0,657.0,0.0,3398.0,1.0,普通类,2073_14_114520
143,北京理工大学,2023,江苏,2073,本科批,工科试验班,（02）,657.0,657.0,0.0,3398.0,,普通类,2073_14_114520
143,北京理工大学,2023,江苏,2073,本科批,工科试验班,（02）,657.0,661.0,0.0,3398.0,,普通类,2073_14_114520
143,北京理工大学,2023,江苏,2073,本科批,工科试验班,（02）,657.0,661.0,0.0,3398.0,,普通类,2073_14_114520
143,北京理工大学,2023,江苏,2073,本科批,工科试验班,（02）,665.0,665.0,0.0,1847.0,,普通类,2073_14_0
143,北京理工大学,2023,江苏,2073,本科批,工科试验班,（02）,662.0,665.0,0.0,2371.0,,普通类,2073_14_0
143,北京理工大学,2023,江苏,2073,本科批,工科试验班,（02）,659.0,661.0,0.0,2949.0,,普通类,2073_14_0
143,北京理工大学,2023,江苏,2073,本科批,理科试验班,（02）,657.0,657.0,0.0,3398.0,1.0,普通类,2073_14_0
143,北京理工大学,2023,江苏,2073,本科批,工科试验班,（02）,657.0,657.0,0.0,3398.0,,普通类,2073_14_0
143,北京理工大学,2023,江苏,2073,本科批,工科试验班,（02）,657.0,661.0,0.0,3398.0,,普通类,2073_14_0
143,北京理工大学,2023,江苏,2073,本科批,工科试验班,（02）,657.0,661.0,0.0,3398.0,,普通类,2073_14_0
143,北京理工大学,2023,江苏,2073,本科批,光电信息科学与工程,（04）,648.0,648.0,0.0,5893.0,1.0,中外合作办学,2073_14_0
143,北京理工大学,2023,江苏,2073,本科批,航空航天工程,（04）,645.0,647.0,0.0,6898.0,3.0,中外合作办学,2073_14_0
143,北京理工大学,2023,江苏,2073,本科批,会计学,（03）,635.0,638.0,0.0,11117.0,6.0,中外合作办学,2073_14_0
143,北京理工大学,2023,江苏,2073,本科批,光电信息科学与工程,（04）,648.0,648.0,0.0,5893.0,1.0,中外合作办学,2073_14_114518
143,北京理工大学,2023,江苏,2073,本科批,航空航天工程,（04）,645.0,647.0,0.0,6898.0,3.0,中外合作办学,2073_14_114518
143,北京理工大学,2023,江苏,2073,本科批,会计学,（03）,635.0,638.0,0.0,11117.0,6.0,中外合作办学,2073_14_114519
143,北京理工大学,2023,浙江,3,平行录取一段,工科试验班,,676.0,0.0,0.0,3100.0,,普通类,3_16_0
143,北京理工大学,2023,浙江,3,平行录取一段,工科试验班,,667.0,0.0,0.0,5527.0,,普通类,3_16_0
143,北京理工大学,2023,浙江,3,平行录取一段,工科试验班,,666.0,0.0,0.0,5858.0,,普通类,3_16_0
143,北京理工大学,2023,浙江,3,平行录取一段,工科试验班,,665.0,0.0,0.0,6104.0,,普通类,3_16_0
143,北京理工大学,2023,浙江,3,平行录取一段,工科试验班,,665.0,0.0,0.0,6234.0,,普通类,3_16_0
143,北京理工大学,2023,浙江,3,平行录取一段,自动化,,659.0,0.0,0.0,8427.0,,中外合作办学,3_16_0
143,北京理工大学,2023,浙江,3,平行录取一段,会计学,,658.0,0.0,0.0,9043.0,,中外合作办学,3_16_0
143,北京理工大学,2023,浙江,3,平行录取一段,能源与动力工程,,658.0,0.0,0.0,8923.0,,中外合作办学,3_16_0
143,北京理工大学,2023,安徽,2,本科一批,社会科学试验班,,607.0,610.0,609.0,924.0,8.0,普通类,2_7_0
143,北京理工大学,2023,安徽,1,本科一批,工科试验班,,666.0,666.0,666.0,954.0,,普通类,1_7_0
143,北京理工大学,2023,安徽,1,本科一批,工科试验班,,664.0,668.0,665.0,1116.0,,普通类,1_7_0
143,北京理工大学,2023,安徽,1,本科一批,工科试验班,,662.0,662.0,662.0,1288.0,,普通类,1_7_0
143,北京理工大学,2023,安徽,1,本科一批,工科试验班,,660.0,662.0,661.0,1497.0,,普通类,1_7_0
143,北京理工大学,2023,安徽,1,本科一批,工科试验班,,660.0,663.0,661.0,1497.0,,普通类,1_7_0
143,北京理工大学,2023,安徽,1,本科一批,工科试验班,,660.0,663.0,661.0,1497.0,,普通类,1_7_0
143,北京理工大学,2023,安徽,1,本科一批,理科试验班,,647.0,659.0,652.0,3073.0,36.0,普通类,1_7_0
143,北京理工大学,2023,福建,2074,本科批,社会科学试验班,2317（L999）,615.0,622.0,619.0,919.0,,普通类,2074_14_119529
143,北京理工大学,2023,福建,2074,本科批,社会科学试验班,2317（L999）,613.0,621.0,617.0,1006.0,,普通类,2074_14_119529
143,北京理工大学,2023,福建,2074,本科批,社会科学试验班,2317（L999）,615.0,622.0,619.0,919.0,,普通类,2074_14_0
143,北京理工大学,2023,福建,2074,本科批,社会科学试验班,2317（L999）,613.0,621.0,617.0,1006.0,,普通类,2074_14_0
143,北京理工大学,2023,福建,2073,本科批,工科试验班,2317（W999）,670.0,670.0,670.0,581.0,,普通类,2073_14_119530
143,北京理工大学,2023,福建,2073,本科批,工科试验班,2317（W999）,665.0,668.0,666.0,841.0,,普通类,2073_14_119530
143,北京理工大学,2023,福建,2073,本科批,经济管理试验班,2317（W999）,664.0,664.0,664.0,903.0,1.0,普通类,2073_14_119530
143,北京理工大学,2023,福建,2073,本科批,工科试验班,2317（W999）,663.0,665.0,664.0,974.0,,普通类,2073_14_119530
143,北京理工大学,2023,福建,2073,本科批,理科试验班,2317（W999）,661.0,664.0,662.0,1109.0,4.0,普通类,2073_14_119530
143,北京理工大学,2023,福建,2073,本科批,工科试验班,2317（W999）,661.0,661.0,661.0,1109.0,,普通类,2073_14_119530
143,北京理工大学,2023,福建,2073,本科批,工科试验班,2317（W999）,660.0,665.0,663.0,1171.0,,普通类,2073_14_119530
143,北京理工大学,2023,福建,2073,本科批,工科试验班,2317（W999）,659.0,664.0,661.0,1259.0,,普通类,2073_14_119530
143,北京理工大学,2023,福建,2073,本科批,工业设计,2317（W999）,659.0,659.0,659.0,1259.0,1.0,普通类,2073_14_119530
143,北京理工大学,2023,福建,2073,本科批,工科试验班,2317（W999）,670.0,670.0,670.0,581.0,,普通类,2073_14_0
143,北京理工大学,2023,福建,2073,本科批,工科试验班,2317（W999）,665.0,668.0,666.0,841.0,,普通类,2073_14_0
143,北京理工大学,2023,福建,2073,本科批,经济管理试验班,2317（W999）,664.0,664.0,664.0,903.0,1.0,普通类,2073_14_0
143,北京理工大学,2023,福建,2073,本科批,工科试验班,2317（W999）,663.0,665.0,664.0,974.0,,普通类,2073_14_0
143,北京理工大学,2023,福建,2073,本科批,理科试验班,2317（W999）,661.0,664.0,662.0,1109.0,4.0,普通类,2073_14_0
143,北京理工大学,2023,福建,2073,本科批,工科试验班,2317（W999）,661.0,661.0,661.0,1109.0,,普通类,2073_14_0
143,北京理工大学,2023,福建,2073,本科批,工科试验班,2317（W999）,660.0,665.0,663.0,1171.0,,普通类,2073_14_0
143,北京理工大学,2023,福建,2073,本科批,工科试验班,2317（W999）,659.0,664.0,661.0,1259.0,,普通类,2073_14_0
143,北京理工大学,2023,福建,2073,本科批,工业设计,2317（W999）,659.0,659.0,659.0,1259.0,1.0,普通类,2073_14_0
143,北京理工大学,2023,福建,2073,本科批,航空航天工程,2318（W999）,634.0,636.0,635.0,4173.0,2.0,中外合作办学,2073_14_0
143,北京理工大学,2023,福建,2073,本科批,会计学,2319（W999）,625.0,635.0,628.0,5760.0,8.0,中外合作办学,2073_14_0
143,北京理工大学,2023,福建,2073,本科批,航空航天工程,2318（W999）,634.0,636.0,635.0,4173.0,2.0,中外合作办学,2073_14_119528
143,北京理工大学,2023,福建,2073,本科批,会计学,2319（W999）,625.0,635.0,628.0,5760.0,8.0,中外合作办学,2073_14_119527
143,北京理工大学,2023,江西,1,本科一批,工科试验班,,664.0,0.0,0.0,534.0,,普通类,1_7_0
143,北京理工大学,2023,江西,1,本科一批,工科试验班,,654.0,0.0,0.0,983.0,,普通类,1_7_0
143,北京理工大学,2023,江西,1,本科一批,工科试验班,,650.0,0.0,0.0,1308.0,,普通类,1_7_0
143,北京理工大学,2023,江西,1,本科一批,工科试验班,,649.0,0.0,0.0,1366.0,,普通类,1_7_0
143,北京理工大学,2023,江西,1,本科一批,理科试验班,,648.0,0.0,0.0,1380.0,3.0,普通类,1_7_0
143,北京理工大学,2023,江西,1,本科一批,工科试验班,,648.0,0.0,0.0,1397.0,,普通类,1_7_0
143,北京理工大学,2023,江西,1,本科一批,工科试验班,,639.0,0.0,0.0,2207.0,,普通类,1_7_0
143,北京理工大学,2023,江西,1,本科一批,会计学,,608.0,0.0,0.0,7271.0,2.0,中外合作办学,1_7_0
143,北京理工大学,2023,江西,1,国家专项计划本科批,工科试验班,,633.0,0.0,0.0,2874.0,,普通类,1_12_0
143,北京理工大学,2023,江西,1,国家专项计划本科批,工科试验班,,633.0,0.0,0.0,2925.0,,普通类,1_12_0
143,北京理工大学,2023,江西,1,国家专项计划本科批,经济管理试验班,,632.0,0.0,0.0,2984.0,,普通类,1_12_0
143,北京理工大学,2023,江西,1,国家专项计划本科批,理科试验班,,629.0,0.0,0.0,3447.0,,普通类,1_12_0
143,北京理工大学,2023,江西,2,本科一批,社会科学试验班,,616.0,0.0,0.0,692.0,7.0,普通类,2_7_0
143,北京理工大学,2023,山东,3,普通类一段,工科试验班,,676.0,0.0,0.0,713.0,,普通类,3_1570_0
143,北京理工大学,2023,山东,3,普通类一段,工科试验班,,670.0,0.0,0.0,1178.0,,普通类,3_1570_0
143,北京理工大学,2023,山东,3,普通类一段,工科试验班,,664.0,0.0,0.0,1742.0,,普通类,3_1570_0
143,北京理工大学,2023,山东,3,普通类一段,理科试验班,,663.0,0.0,0.0,1872.0,6.0,普通类,3_1570_0
143,北京理工大学,2023,山东,3,普通类一段,工科试验班,,663.0,0.0,0.0,1913.0,,普通类,3_1570_0
143,北京理工大学,2023,山东,3,普通类一段,工科试验班,,663.0,0.0,0.0,1960.0,,普通类,3_1570_0
143,北京理工大学,2023,山东,3,普通类一段,工科试验班,,662.0,0.0,0.0,1988.0,,普通类,3_1570_0
143,北京理工大学,2023,山东,3,普通类一段,会计学,,612.0,0.0,0.0,17295.0,6.0,中外合作办学,3_1570_0
143,北京理工大学,2023,河南,2,本科一批,社会科学试验班,,633.0,636.0,634.0,989.0,11.0,普通类,2_7_0
143,北京理工大学,2023,河南,1,本科一批,工科试验班,,673.0,673.0,673.0,914.0,,普通类,1_7_0
143,北京理工大学,2023,河南,1,本科一批,工科试验班,,669.0,672.0,670.0,1165.0,,普通类,1_7_0
143,北京理工大学,2023,河南,1,本科一批,工科试验班,,665.0,668.0,666.0,1482.0,,普通类,1_7_0
143,北京理工大学,2023,河南,1,本科一批,工科试验班,,664.0,668.0,666.0,1571.0,,普通类,1_7_0
143,北京理工大学,2023,河南,1,本科一批,工科试验班,,664.0,667.0,665.0,1571.0,,普通类,1_7_0
143,北京理工大学,2023,河南,1,本科一批,工科试验班,,652.0,664.0,658.0,2956.0,,普通类,1_7_0
143,北京理工大学,2023,河南,1,本科一批,理科试验班,,649.0,664.0,654.0,3414.0,27.0,普通类,1_7_0
143,北京理工大学,2023,湖北,2074,本科批,社会科学试验班,(01),610.0,0.0,0.0,1372.0,11.0,普通类,2074_14_94778
143,北京理工大学,2023,湖北,2074,本科批,社会科学试验班,(01),610.0,0.0,0.0,1372.0,11.0,普通类,2074_14_0
143,北京理工大学,2023,湖北,2073,本科批,工科试验班,(02),668.0,0.0,0.0,1147.0,,普通类,2073_14_94777
143,北京理工大学,2023,湖北,2073,本科批,工科试验班,(02),664.0,0.0,0.0,1524.0,,普通类,2073_14_94777
143,北京理工大学,2023,湖北,2073,本科批,工科试验班,(02),655.0,0.0,0.0,2683.0,,普通类,2073_14_94777
143,北京理工大学,2023,湖北,2073,本科批,工业设计,(02),653.0,0.0,0.0,2984.0,5.0,普通类,2073_14_94777
143,北京理工大学,2023,湖北,2073,本科批,工科试验班,(02),653.0,0.0,0.0,2984.0,,普通类,2073_14_94777
143,北京理工大学,2023,湖北,2073,本科批,工科试验班,(02),652.0,0.0,0.0,3160.0,,普通类,2073_14_94777
143,北京理工大学,2023,湖北,2073,本科批,工科试验班,(02),652.0,0.0,0.0,3160.0,,普通类,2073_14_94777
143,北京理工大学,2023,湖北,2073,本科批,工科试验班,(02),668.0,0.0,0.0,1147.0,,普通类,2073_14_0
143,北京理工大学,2023,湖北,2073,本科批,工科试验班,(02),664.0,0.0,0.0,1524.0,,普通类,2073_14_0
143,北京理工大学,2023,湖北,2073,本科批,工科试验班,(02),655.0,0.0,0.0,2683.0,,普通类,2073_14_0
143,北京理工大学,2023,湖北,2073,本科批,工业设计,(02),653.0,0.0,0.0,2984.0,5.0,普通类,2073_14_0
143,北京理工大学,2023,湖北,2073,本科批,工科试验班,(02),653.0,0.0,0.0,2984.0,,普通类,2073_14_0
143,北京理工大学,2023,湖北,2073,本科批,工科试验班,(02),652.0,0.0,0.0,3160.0,,普通类,2073_14_0
143,北京理工大学,2023,湖北,2073,本科批,工科试验班,(02),652.0,0.0,0.0,3160.0,,普通类,2073_14_0
143,北京理工大学,2023,湖北,2073,本科批,工科试验班,(06),640.0,0.0,0.0,5608.0,,普通类,2073_14_0
143,北京理工大学,2023,湖北,2073,本科批,自动化,(03),639.0,0.0,0.0,5814.0,2.0,中外合作办学,2073_14_0
143,北京理工大学,2023,湖北,2073,本科批,航空航天工程,(03),638.0,0.0,0.0,6073.0,2.0,中外合作办学,2073_14_0
143,北京理工大学,2023,湖北,2073,本科批,理科试验班,(06),634.0,0.0,0.0,7081.0,,普通类,2073_14_0
143,北京理工大学,2023,湖北,2073,本科批,会计学,(04),628.0,0.0,0.0,8812.0,5.0,中外合作办学,2073_14_0
143,北京理工大学,2023,湖北,2073,本科批,自动化,(03),639.0,0.0,0.0,5814.0,2.0,中外合作办学,2073_14_94776
143,北京理工大学,2023,湖北,2073,本科批,航空航天工程,(03),638.0,0.0,0.0,6073.0,2.0,中外合作办学,2073_14_94776
143,北京理工大学,2023,湖北,2073,本科批,会计学,(04),628.0,0.0,0.0,8812.0,5.0,中外合作办学,2073_14_94775
143,北京理工大学,2023,湖北,2073,本科批,工科试验班,(06),640.0,0.0,0.0,5608.0,,普通类,2073_14_94774
143,北京理工大学,2023,湖北,2073,本科批,理科试验班,(06),634.0,0.0,0.0,7081.0,,普通类,2073_14_94774
143,北京理工大学,2023,湖南,2074,本科批,社会科学试验班,（103）,617.0,0.0,0.0,822.0,11.0,普通类,2074_14_106213
143,北京理工大学,2023,湖南,2074,本科批,社会科学试验班,（103）,617.0,0.0,0.0,822.0,11.0,普通类,2074_14_0
143,北京理工大学,2023,湖南,2073,本科批,工科试验班,（104）,665.0,0.0,0.0,756.0,,普通类,2073_14_106212
143,北京理工大学,2023,湖南,2073,本科批,工科试验班,（104）,661.0,0.0,0.0,1041.0,,普通类,2073_14_106212
143,北京理工大学,2023,湖南,2073,本科批,经济管理试验班,（104）,655.0,0.0,0.0,1612.0,8.0,普通类,2073_14_106212
143,北京理工大学,2023,湖南,2073,本科批,工科试验班,（104）,655.0,0.0,0.0,1612.0,,普通类,2073_14_106212
143,北京理工大学,2023,湖南,2073,本科批,工科试验班,（104）,654.0,0.0,0.0,1734.0,,普通类,2073_14_106212
143,北京理工大学,2023,湖南,2073,本科批,理科试验班,（104）,652.0,0.0,0.0,1966.0,6.0,普通类,2073_14_106212
143,北京理工大学,2023,湖南,2073,本科批,工科试验班,（104）,652.0,0.0,0.0,1966.0,,普通类,2073_14_106212
143,北京理工大学,2023,湖南,2073,本科批,工科试验班,（104）,652.0,0.0,0.0,1966.0,,普通类,2073_14_106212
143,北京理工大学,2023,湖南,2073,本科批,工科试验班,（104）,665.0,0.0,0.0,756.0,,普通类,2073_14_0
143,北京理工大学,2023,湖南,2073,本科批,工科试验班,（104）,661.0,0.0,0.0,1041.0,,普通类,2073_14_0
143,北京理工大学,2023,湖南,2073,本科批,经济管理试验班,（104）,655.0,0.0,0.0,1612.0,8.0,普通类,2073_14_0
143,北京理工大学,2023,湖南,2073,本科批,工科试验班,（104）,655.0,0.0,0.0,1612.0,,普通类,2073_14_0
143,北京理工大学,2023,湖南,2073,本科批,工科试验班,（104）,654.0,0.0,0.0,1734.0,,普通类,2073_14_0
143,北京理工大学,2023,湖南,2073,本科批,理科试验班,（104）,652.0,0.0,0.0,1966.0,6.0,普通类,2073_14_0
143,北京理工大学,2023,湖南,2073,本科批,工科试验班,（104）,652.0,0.0,0.0,1966.0,,普通类,2073_14_0
143,北京理工大学,2023,湖南,2073,本科批,工科试验班,（104）,652.0,0.0,0.0,1966.0,,普通类,2073_14_0
143,北京理工大学,2023,湖南,2073,本科批,光电信息科学与工程,（205）,637.0,0.0,0.0,4365.0,2.0,中外合作办学,2073_14_0
143,北京理工大学,2023,湖南,2073,本科批,能源与动力工程,（205）,634.0,0.0,0.0,4948.0,2.0,中外合作办学,2073_14_0
143,北京理工大学,2023,湖南,2073,本科批,会计学,（206）,628.0,0.0,0.0,6240.0,2.0,中外合作办学,2073_14_0
143,北京理工大学,2023,湖南,2073,本科批,光电信息科学与工程,（205）,637.0,0.0,0.0,4365.0,2.0,中外合作办学,2073_14_106211
143,北京理工大学,2023,湖南,2073,本科批,能源与动力工程,（205）,634.0,0.0,0.0,4948.0,2.0,中外合作办学,2073_14_106211
143,北京理工大学,2023,湖南,2073,本科批,会计学,（206）,628.0,0.0,0.0,6240.0,2.0,中外合作办学,2073_14_106210
143,北京理工大学,2023,广东,2074,本科批,社会科学试验班,（201）,613.0,625.0,0.0,1978.0,12.0,普通类,2074_14_95751
143,北京理工大学,2023,广东,2074,本科批,社会科学试验班,（201）,613.0,625.0,0.0,1978.0,12.0,普通类,2074_14_0
143,北京理工大学,2023,广东,2073,本科批,工科试验班,（202）,670.0,672.0,0.0,1067.0,,普通类,2073_14_97265
143,北京理工大学,2023,广东,2073,本科批,工科试验班,（202）,666.0,670.0,0.0,1465.0,,普通类,2073_14_97265
143,北京理工大学,2023,广东,2073,本科批,工科试验班,（202）,662.0,664.0,0.0,1901.0,,普通类,2073_14_97265
143,北京理工大学,2023,广东,2073,本科批,工科试验班,（202）,659.0,665.0,0.0,2373.0,,普通类,2073_14_97265
143,北京理工大学,2023,广东,2073,本科批,工科试验班,（202）,659.0,665.0,0.0,2373.0,,普通类,2073_14_97265
143,北京理工大学,2023,广东,2073,本科批,工业设计,（202）,658.0,0.0,0.0,2525.0,,普通类,2073_14_97265
143,北京理工大学,2023,广东,2073,本科批,经济管理试验班,（202）,658.0,0.0,0.0,2525.0,,普通类,2073_14_97265
143,北京理工大学,2023,广东,2073,本科批,理科试验班,（202）,658.0,664.0,0.0,2525.0,3.0,普通类,2073_14_97265
143,北京理工大学,2023,广东,2073,本科批,工科试验班,（202）,658.0,665.0,0.0,2525.0,,普通类,2073_14_97265
143,北京理工大学,2023,广东,2073,本科批,工科试验班,（202）,670.0,672.0,0.0,1067.0,,普通类,2073_14_0
143,北京理工大学,2023,广东,2073,本科批,工科试验班,（202）,666.0,670.0,0.0,1465.0,,普通类,2073_14_0
143,北京理工大学,2023,广东,2073,本科批,工科试验班,（202）,662.0,664.0,0.0,1901.0,,普通类,2073_14_0
143,北京理工大学,2023,广东,2073,本科批,工科试验班,（202）,659.0,665.0,0.0,2373.0,,普通类,2073_14_0
143,北京理工大学,2023,广东,2073,本科批,工科试验班,（202）,659.0,665.0,0.0,2373.0,,普通类,2073_14_0
143,北京理工大学,2023,广东,2073,本科批,工业设计,（202）,658.0,0.0,0.0,2525.0,,普通类,2073_14_0
143,北京理工大学,2023,广东,2073,本科批,经济管理试验班,（202）,658.0,0.0,0.0,2525.0,,普通类,2073_14_0
143,北京理工大学,2023,广东,2073,本科批,理科试验班,（202）,658.0,664.0,0.0,2525.0,3.0,普通类,2073_14_0
143,北京理工大学,2023,广东,2073,本科批,工科试验班,（202）,658.0,665.0,0.0,2525.0,,普通类,2073_14_0
143,北京理工大学,2023,广东,2073,本科批,自动化,（204）,640.0,643.0,0.0,6801.0,2.0,中外合作办学,2073_14_0
143,北京理工大学,2023,广东,2073,本科批,航空航天工程,（204）,640.0,641.0,0.0,6801.0,3.0,中外合作办学,2073_14_0
143,北京理工大学,2023,广东,2073,本科批,会计学,（205）,627.0,633.0,0.0,11762.0,4.0,中外合作办学,2073_14_0
143,北京理工大学,2023,广东,2073,本科批,自动化,（204）,640.0,643.0,0.0,6801.0,2.0,中外合作办学,2073_14_97266
143,北京理工大学,2023,广东,2073,本科批,航空航天工程,（204）,640.0,641.0,0.0,6801.0,3.0,中外合作办学,2073_14_97266
143,北京理工大学,2023,广东,2073,本科批,会计学,（205）,627.0,633.0,0.0,11762.0,4.0,中外合作办学,2073_14_97267
143,北京理工大学,2023,广西,1,本科一批,工科试验班,,666.0,0.0,0.0,402.0,,普通类,1_7_0
143,北京理工大学,2023,广西,1,本科一批,工科试验班,,665.0,0.0,0.0,431.0,,普通类,1_7_0
143,北京理工大学,2023,广西,1,本科一批,理科试验班,,663.0,0.0,0.0,481.0,,普通类,1_7_0
143,北京理工大学,2023,广西,1,本科一批,工科试验班,,662.0,0.0,0.0,514.0,,普通类,1_7_0
143,北京理工大学,2023,广西,1,本科一批,工科试验班,,661.0,0.0,0.0,542.0,,普通类,1_7_0
143,北京理工大学,2023,广西,1,本科一批,工科试验班,,638.0,0.0,0.0,1606.0,,普通类,1_7_0
143,北京理工大学,2023,广西,1,本科一批,理科试验班,,632.0,0.0,0.0,2046.0,,普通类,1_7_0
143,北京理工大学,2023,海南,3,本科批,会计学,（02）,691.0,0.0,0.0,2023.0,,中外合作办学,3_14_120224
143,北京理工大学,2023,海南,3,本科批,工科试验班,（03）,776.0,0.0,0.0,213.0,,普通类,3_14_0
143,北京理工大学,2023,海南,3,本科批,工科试验班,（03）,765.0,0.0,0.0,294.0,,普通类,3_14_0
143,北京理工大学,2023,海南,3,本科批,工科试验班,（03）,764.0,0.0,0.0,304.0,,普通类,3_14_0
143,北京理工大学,2023,海南,3,本科批,会计学,（02）,691.0,0.0,0.0,2023.0,,中外合作办学,3_14_0
143,北京理工大学,2023,海南,3,本科批,航空航天工程,（80）,672.0,0.0,0.0,3112.0,,中外合作办学,3_14_0
143,北京理工大学,2023,海南,3,本科批,工科试验班,（03）,776.0,0.0,0.0,213.0,,普通类,3_14_120225
143,北京理工大学,2023,海南,3,本科批,工科试验班,（03）,765.0,0.0,0.0,294.0,,普通类,3_14_120225
143,北京理工大学,2023,海南,3,本科批,工科试验班,（03）,764.0,0.0,0.0,304.0,,普通类,3_14_120225
143,北京理工大学,2023,海南,3,本科批,航空航天工程,（80）,672.0,0.0,0.0,3112.0,,中外合作办学,3_14_120226
143,北京理工大学,2023,重庆,2073,本科批,工科试验班,,665.0,0.0,0.0,419.0,,普通类,2073_14_0
143,北京理工大学,2023,重庆,2073,本科批,工科试验班,,658.0,0.0,0.0,662.0,,普通类,2073_14_0
143,北京理工大学,2023,重庆,2073,本科批,工科试验班,,648.0,0.0,0.0,1173.0,,普通类,2073_14_0
143,北京理工大学,2023,重庆,2073,本科批,工科试验班,,647.0,0.0,0.0,1230.0,,普通类,2073_14_0
143,北京理工大学,2023,重庆,2073,本科批,工科试验班,,647.0,0.0,0.0,1230.0,,普通类,2073_14_0
143,北京理工大学,2023,重庆,2073,本科批,自动化,,635.0,0.0,0.0,2093.0,,中外合作办学,2073_14_0
143,北京理工大学,2023,重庆,2073,本科批,会计学,,596.0,0.0,0.0,7570.0,,中外合作办学,2073_14_0
143,北京理工大学,2023,重庆,2074,本科批,社会科学试验班,,604.0,0.0,0.0,819.0,,普通类,2074_14_0
143,北京理工大学,2023,重庆,2073,本科提前批B段,工科试验班,,636.0,0.0,0.0,2017.0,,普通类,2073_37_0
143,北京理工大学,2023,重庆,2073,本科提前批B段,工科试验班,,635.0,0.0,0.0,2093.0,,普通类,2073_37_0
143,北京理工大学,2023,重庆,2073,本科提前批B段,经济管理试验班,,632.0,0.0,0.0,2338.0,,普通类,2073_37_0
143,北京理工大学,2023,重庆,2073,本科提前批B段,理科试验班,,624.0,0.0,0.0,3142.0,,普通类,2073_37_0
143,北京理工大学,2023,四川,2,本科一批,社会科学试验班,,605.0,610.0,607.0,804.0,,普通类,2_7_0
143,北京理工大学,2023,四川,1,本科一批,工科试验班,,676.0,676.0,676.0,866.0,,普通类,1_7_0
143,北京理工大学,2023,四川,1,本科一批,工科试验班,,673.0,675.0,674.0,1095.0,,普通类,1_7_0
143,北京理工大学,2023,四川,1,本科一批,理科试验班,,671.0,672.0,672.0,1271.0,,普通类,1_7_0
143,北京理工大学,2023,四川,1,本科一批,工科试验班,,671.0,672.0,672.0,1271.0,,普通类,1_7_0
143,北京理工大学,2023,四川,1,本科一批,工科试验班,,670.0,672.0,671.0,1389.0,,普通类,1_7_0
143,北京理工大学,2023,四川,1,本科一批,工科试验班,,670.0,672.0,671.0,1389.0,,普通类,1_7_0
143,北京理工大学,2023,四川,1,本科一批,工科试验班,,663.0,669.0,665.0,2235.0,,普通类,1_7_0
143,北京理工大学,2023,四川,1,本科一批,理科试验班,,656.0,661.0,658.0,3351.0,,普通类,1_7_0
143,北京理工大学,2023,四川,1,本科一批,会计学,,626.0,630.0,628.0,11181.0,,中外合作办学,1_7_0
143,北京理工大学,2023,贵州,1,本科一批,工科试验班,,651.0,655.0,0.0,630.0,,普通类,1_7_0
143,北京理工大学,2023,贵州,1,本科一批,工科试验班,,643.0,648.0,0.0,910.0,,普通类,1_7_0
143,北京理工大学,2023,贵州,1,本科一批,工科试验班,,642.0,651.0,0.0,944.0,,普通类,1_7_0
143,北京理工大学,2023,贵州,1,本科一批,工科试验班,,625.0,640.0,0.0,1839.0,,普通类,1_7_0
143,北京理工大学,2023,贵州,1,本科一批,自动化,,603.0,607.0,0.0,3771.0,3.0,中外合作办学,1_7_0
143,北京理工大学,2023,云南,2,本科一批,社会科学试验班,,623.0,0.0,0.0,468.0,,普通类,2_7_0
143,北京理工大学,2023,云南,1,本科一批,工科试验班,,655.0,0.0,0.0,616.0,,普通类,1_7_0
143,北京理工大学,2023,云南,1,本科一批,理科试验班,,647.0,0.0,0.0,931.0,,普通类,1_7_0
143,北京理工大学,2023,云南,1,本科一批,工科试验班,,645.0,0.0,0.0,1046.0,,普通类,1_7_0
143,北京理工大学,2023,云南,1,本科一批,工科试验班,,645.0,0.0,0.0,1046.0,,普通类,1_7_0
143,北京理工大学,2023,云南,1,本科一批,工科试验班,,645.0,0.0,0.0,1046.0,,普通类,1_7_0
143,北京理工大学,2023,云南,1,本科一批,工科试验班,,631.0,645.0,0.0,1933.0,,普通类,1_7_0
143,北京理工大学,2023,云南,1,本科一批,工科试验班,,628.0,0.0,0.0,2205.0,,普通类,1_7_0
143,北京理工大学,2023,云南,1,本科一批,工科试验班,,626.0,0.0,0.0,2376.0,,普通类,1_7_0
143,北京理工大学,2023,云南,1,本科一批,理科试验班,,624.0,0.0,0.0,2577.0,,普通类,1_7_0
143,北京理工大学,2023,陕西,2,本科一批,社会科学试验班,,595.0,619.0,607.0,971.0,14.0,普通类,2_7_0
143,北京理工大学,2023,陕西,1,本科一批,工科试验班,,670.0,670.0,670.0,601.0,,普通类,1_7_0
143,北京理工大学,2023,陕西,1,本科一批,工科试验班,,658.0,668.0,661.0,1018.0,,普通类,1_7_0
143,北京理工大学,2023,陕西,1,本科一批,理科试验班,,656.0,656.0,656.0,1097.0,1.0,普通类,1_7_0
143,北京理工大学,2023,陕西,1,本科一批,工科试验班,,646.0,651.0,649.0,1574.0,,普通类,1_7_0
143,北京理工大学,2023,陕西,1,本科一批,工科试验班,,645.0,657.0,650.0,1623.0,,普通类,1_7_0
143,北京理工大学,2023,陕西,1,本科一批,工科试验班,,645.0,657.0,649.0,1623.0,,普通类,1_7_0
143,北京理工大学,2023,陕西,1,本科一批,会计学,,538.0,592.0,569.0,18324.0,6.0,中外合作办学,1_7_0
143,北京理工大学,2023,甘肃,2,本科一批I段,社会科学试验班,,584.0,585.0,585.0,352.0,4.0,普通类,2_111_0
143,北京理工大学,2023,甘肃,1,本科一批I段,工科试验班,,615.0,627.0,620.0,627.0,,普通类,1_111_0
143,北京理工大学,2023,甘肃,1,本科一批I段,工科试验班,,615.0,615.0,615.0,627.0,,普通类,1_111_0
143,北京理工大学,2023,甘肃,1,本科一批I段,工科试验班,,596.0,0.0,0.0,1298.0,,普通类,1_111_0
143,北京理工大学,2023,甘肃,1,本科一批I段,工科试验班,,596.0,0.0,0.0,1298.0,,普通类,1_111_0
143,北京理工大学,2023,甘肃,1,本科一批I段,理科试验班,,590.0,611.0,596.0,1568.0,,普通类,1_111_0
143,北京理工大学,2023,甘肃,1,本科一批I段,理科试验班,,586.0,0.0,0.0,1780.0,,普通类,1_111_0
143,北京理工大学,2023,甘肃,1,本科一批I段,经济管理试验班,,571.0,0.0,0.0,2761.0,,普通类,1_111_0
143,北京理工大学,2023,青海,1,本科一段,工科试验班,,585.0,0.0,0.0,148.0,,普通类,1_1564_0
143,北京理工大学,2023,青海,1,本科一段,工科试验班,,569.0,0.0,0.0,230.0,,普通类,1_1564_0
143,北京理工大学,2023,青海,1,本科一段,工科试验班,,567.0,0.0,0.0,243.0,,普通类,1_1564_0
143,北京理工大学,2023,青海,1,本科一段,理科试验班,,494.0,0.0,0.0,1354.0,15.0,普通类,1_1564_0
143,北京理工大学,2023,宁夏,2,本科一批,社会科学试验班,,509.0,0.0,0.0,2039.0,,普通类,2_7_0
143,北京理工大学,2023,宁夏,1,本科一批,工科试验班,,598.0,0.0,0.0,184.0,,普通类,1_7_0
143,北京理工大学,2023,宁夏,1,本科一批,工科试验班,,596.0,0.0,0.0,202.0,,普通类,1_7_0
143,北京理工大学,2023,宁夏,1,本科一批,工科试验班,,596.0,0.0,0.0,202.0,,普通类,1_7_0
143,北京理工大学,2023,新疆,2,本科一批,社会科学试验班,,574.0,576.0,0.0,,3.0,普通类,2_7_0
143,北京理工大学,2023,新疆,1,本科一批,工科试验班,,626.0,631.0,0.0,,2.0,普通类,1_7_0
143,北京理工大学,2023,新疆,1,本科一批,工科试验班,,620.0,620.0,0.0,,4.0,普通类,1_7_0
143,北京理工大学,2023,新疆,1,本科一批,工科试验班,,620.0,625.0,0.0,,4.0,普通类,1_7_0
143,北京理工大学,2023,新疆,1,本科一批,理科试验班,,595.0,615.0,0.0,,17.0,普通类,1_7_0
143,北京理工大学,2024,北京,3,本科批,公共事业管理,（01）,654.0,0.0,0.0,2776.0,8.0,普通类,3_14_175094
143,北京理工大学,2024,北京,3,本科批,工科试验班,（02）,674.0,0.0,0.0,1138.0,18.0,普通类,3_14_0
143,北京理工大学,2024,北京,3,本科批,工科试验班,（03）,668.0,0.0,0.0,1557.0,27.0,普通类,3_14_0
143,北京理工大学,2024,北京,3,本科批,工科试验班,（03）,666.0,0.0,0.0,1704.0,4.0,普通类,3_14_0
143,北京理工大学,2024,北京,3,本科批,工业设计,（03）,664.0,0.0,0.0,1860.0,2.0,普通类,3_14_0
143,北京理工大学,2024,北京,3,本科批,经济管理试验班,（03）,664.0,0.0,0.0,1860.0,4.0,普通类,3_14_0
143,北京理工大学,2024,北京,3,本科批,理科试验班,（03）,664.0,0.0,0.0,1860.0,10.0,普通类,3_14_0
143,北京理工大学,2024,北京,3,本科批,工科试验班,（03）,664.0,0.0,0.0,1860.0,15.0,普通类,3_14_0
143,北京理工大学,2024,北京,3,本科批,工科试验班,（03）,664.0,0.0,0.0,1860.0,15.0,普通类,3_14_0
143,北京理工大学,2024,北京,3,本科批,工科试验班,（03）,664.0,0.0,0.0,1860.0,35.0,普通类,3_14_0
143,北京理工大学,2024,北京,3,本科批,工科试验班,（03）,664.0,0.0,0.0,1860.0,35.0,普通类,3_14_0
143,北京理工大学,2024,北京,3,本科批,公共事业管理,（01）,654.0,0.0,0.0,2776.0,8.0,普通类,3_14_0
143,北京理工大学,2024,北京,3,本科批,会计学,（04）,632.0,0.0,0.0,5467.0,68.0,普通类,3_14_0
143,北京理工大学,2024,北京,3,本科批,工科试验班,（02）,674.0,0.0,0.0,1138.0,18.0,普通类,3_14_174518
143,北京理工大学,2024,北京,3,本科批,工科试验班,（03）,668.0,0.0,0.0,1557.0,27.0,普通类,3_14_174171
143,北京理工大学,2024,北京,3,本科批,工科试验班,（03）,666.0,0.0,0.0,1704.0,4.0,普通类,3_14_174171
143,北京理工大学,2024,北京,3,本科批,工业设计,（03）,664.0,0.0,0.0,1860.0,2.0,普通类,3_14_174171
143,北京理工大学,2024,北京,3,本科批,经济管理试验班,（03）,664.0,0.0,0.0,1860.0,4.0,普通类,3_14_174171
143,北京理工大学,2024,北京,3,本科批,理科试验班,（03）,664.0,0.0,0.0,1860.0,10.0,普通类,3_14_174171
143,北京理工大学,2024,北京,3,本科批,工科试验班,（03）,664.0,0.0,0.0,1860.0,15.0,普通类,3_14_174171
143,北京理工大学,2024,北京,3,本科批,工科试验班,（03）,664.0,0.0,0.0,1860.0,15.0,普通类,3_14_174171
143,北京理工大学,2024,北京,3,本科批,工科试验班,（03）,664.0,0.0,0.0,1860.0,35.0,普通类,3_14_174171
143,北京理工大学,2024,北京,3,本科批,工科试验班,（03）,664.0,0.0,0.0,1860.0,35.0,普通类,3_14_174171
143,北京理工大学,2024,北京,3,本科批,会计学,（04）,632.0,0.0,0.0,5467.0,68.0,普通类,3_14_174016
143,北京理工大学,2024,天津,3,本科批A段,会计学,（03）,639.0,0.0,0.0,4056.0,12.0,中外合作办学,3_46_147045
143,北京理工大学,2024,天津,3,本科批A段,工科试验班,（01）,678.0,0.0,0.0,465.0,12.0,普通类,3_46_0
143,北京理工大学,2024,天津,3,本科批A段,工科试验班,（02）,676.0,0.0,0.0,552.0,38.0,普通类,3_46_0
143,北京理工大学,2024,天津,3,本科批A段,工科试验班,（02）,675.0,0.0,0.0,602.0,1.0,普通类,3_46_0
143,北京理工大学,2024,天津,3,本科批A段,工科试验班,（02）,675.0,0.0,0.0,602.0,1.0,普通类,3_46_0
143,北京理工大学,2024,天津,3,本科批A段,工科试验班,（02）,675.0,0.0,0.0,602.0,5.0,普通类,3_46_0
143,北京理工大学,2024,天津,3,本科批A段,会计学,（03）,639.0,0.0,0.0,4056.0,12.0,中外合作办学,3_46_0
143,北京理工大学,2024,天津,3,本科批A段,工科试验班,（01）,678.0,0.0,0.0,465.0,12.0,普通类,3_46_148367
143,北京理工大学,2024,天津,3,本科批A段,工科试验班,（02）,676.0,0.0,0.0,552.0,38.0,普通类,3_46_147648
143,北京理工大学,2024,天津,3,本科批A段,工科试验班,（02）,675.0,0.0,0.0,602.0,1.0,普通类,3_46_147648
143,北京理工大学,2024,天津,3,本科批A段,工科试验班,（02）,675.0,0.0,0.0,602.0,1.0,普通类,3_46_147648
143,北京理工大学,2024,天津,3,本科批A段,工科试验班,（02）,675.0,0.0,0.0,602.0,5.0,普通类,3_46_147648
143,北京理工大学,2024,河北,2073,本科批,工科试验班,,665.0,0.0,0.0,477.0,,普通类,2073_14_0
143,北京理工大学,2024,河北,2073,本科批,工科试验班,,659.0,0.0,0.0,784.0,,普通类,2073_14_0
143,北京理工大学,2024,河北,2073,本科批,工科试验班,,659.0,0.0,0.0,784.0,,普通类,2073_14_0
143,北京理工大学,2024,河北,2073,本科批,工科试验班,,656.0,0.0,0.0,1000.0,,普通类,2073_14_0
143,北京理工大学,2024,河北,2073,本科批,工科试验班,,655.0,0.0,0.0,1063.0,,普通类,2073_14_0
143,北京理工大学,2024,河北,2073,本科批,工科试验班,,654.0,0.0,0.0,1142.0,,普通类,2073_14_0
143,北京理工大学,2024,河北,2073,本科批,会计学,,618.0,0.0,0.0,8071.0,,中外合作办学,2073_14_0
143,北京理工大学,2024,河北,2074,本科批,社会科学试验班,,639.0,0.0,0.0,649.0,,普通类,2074_14_0
143,北京理工大学,2024,河北,2074,本科批,社会科学试验班,,633.0,0.0,0.0,931.0,,普通类,2074_14_0
143,北京理工大学,2024,河北,2073,本科提前批B段,工科试验班,,649.0,0.0,0.0,1606.0,,普通类,2073_37_0
143,北京理工大学,2024,河北,2073,本科提前批B段,工科试验班,,644.0,0.0,0.0,2192.0,,普通类,2073_37_0
143,北京理工大学,2024,河北,2073,本科提前批B段,理科试验班,,639.0,0.0,0.0,2952.0,,普通类,2073_37_0
143,北京理工大学,2024,山西,2,本科一批A段,社会科学试验班,,594.0,0.0,0.0,621.0,18.0,普通类,2_51_0
143,北京理工大学,2024,山西,1,本科一批A段,工科试验班,,665.0,0.0,0.0,535.0,3.0,普通类,1_51_0
143,北京理工大学,2024,山西,1,本科一批A段,工科试验班,,663.0,0.0,0.0,618.0,8.0,普通类,1_51_0
143,北京理工大学,2024,山西,1,本科一批A段,工科试验班,,662.0,0.0,0.0,654.0,3.0,普通类,1_51_0
143,北京理工大学,2024,山西,1,本科一批A段,工科试验班,,657.0,0.0,0.0,872.0,28.0,普通类,1_51_0
143,北京理工大学,2024,山西,1,本科一批A段,理科试验班,,652.0,0.0,0.0,1132.0,15.0,普通类,1_51_0
143,北京理工大学,2024,山西,1,本科一批A段,工科试验班,,652.0,0.0,0.0,1132.0,20.0,普通类,1_51_0
143,北京理工大学,2024,山西,1,本科一批A段,工科试验班,,652.0,0.0,0.0,1132.0,27.0,普通类,1_51_0
143,北京理工大学,2024,内蒙古,2,本科一批,社会科学试验班,,594.0,601.0,0.0,349.0,15.0,普通类,2_7_0
143,北京理工大学,2024,内蒙古,1,本科一批,工科试验班,,670.0,679.0,0.0,288.0,,普通类,1_7_0
143,北京理工大学,2024,内蒙古,1,本科一批,工科试验班,,665.0,665.0,0.0,385.0,,普通类,1_7_0
143,北京理工大学,2024,内蒙古,1,本科一批,工科试验班,,664.0,669.0,0.0,399.0,,普通类,1_7_0
143,北京理工大学,2024,内蒙古,1,本科一批,会计学,,608.0,637.0,0.0,3420.0,2.0,普通类,1_7_0
143,北京理工大学,2024,内蒙古,1,本科提前批A段,工科试验班,,640.0,644.0,0.0,1283.0,,普通类,1_36_0
143,北京理工大学,2024,内蒙古,1,本科提前批B段,工科试验班,,646.0,650.0,0.0,1004.0,,普通类,1_37_0
143,北京理工大学,2024,内蒙古,1,本科提前批B段,工科试验班,,641.0,648.0,0.0,1244.0,,普通类,1_37_0
143,北京理工大学,2024,内蒙古,1,本科提前批B段,理科试验班,,630.0,642.0,0.0,1842.0,,普通类,1_37_0
143,北京理工大学,2024,辽宁,2074,本科批,社会科学试验班,,633.0,0.0,0.0,533.0,,普通类,2074_14_0
143,北京理工大学,2024,辽宁,2074,本科批,社会科学试验班,,628.0,0.0,0.0,690.0,,普通类,2074_14_0
143,北京理工大学,2024,辽宁,2073,本科批,工科试验班,,682.0,0.0,0.0,569.0,,普通类,2073_14_0
143,北京理工大学,2024,辽宁,2073,本科批,工科试验班,,681.0,0.0,0.0,609.0,,普通类,2073_14_0
143,北京理工大学,2024,辽宁,2073,本科批,工科试验班,,675.0,0.0,0.0,954.0,,普通类,2073_14_0
143,北京理工大学,2024,辽宁,2073,本科批,工科试验班,,674.0,0.0,0.0,1014.0,,普通类,2073_14_0
143,北京理工大学,2024,辽宁,2073,本科批,工科试验班,,673.0,0.0,0.0,1090.0,,普通类,2073_14_0
143,北京理工大学,2024,吉林,2073,提前批B段,理科试验班,（01）,597.0,597.0,597.0,6759.0,1.0,普通类,2073_4019_228586
143,北京理工大学,2024,吉林,2073,提前批B段,理科试验班,（01）,597.0,597.0,597.0,6759.0,1.0,普通类,2073_4019_0
143,北京理工大学,2024,吉林,2074,本科批,社会科学试验班,（002）,617.0,622.0,619.0,443.0,5.0,普通类,2074_14_144835
143,北京理工大学,2024,吉林,2074,本科批,社会科学试验班,（002）,610.0,625.0,617.0,606.0,10.0,普通类,2074_14_144835
143,北京理工大学,2024,吉林,2074,本科批,社会科学试验班,（002）,617.0,622.0,619.0,443.0,5.0,普通类,2074_14_0
143,北京理工大学,2024,吉林,2074,本科批,社会科学试验班,（002）,610.0,625.0,617.0,606.0,10.0,普通类,2074_14_0
143,北京理工大学,2024,吉林,2073,本科批,工科试验班,（003）,676.0,678.0,677.0,403.0,5.0,普通类,2073_14_143893
143,北京理工大学,2024,吉林,2073,本科批,工科试验班,（003）,669.0,675.0,672.0,575.0,36.0,普通类,2073_14_143893
143,北京理工大学,2024,吉林,2073,本科批,工科试验班,（003）,676.0,678.0,677.0,403.0,5.0,普通类,2073_14_0
143,北京理工大学,2024,吉林,2073,本科批,工科试验班,（003）,669.0,675.0,672.0,575.0,36.0,普通类,2073_14_0
143,北京理工大学,2024,吉林,2073,本科批,工科试验班,（004）,655.0,666.0,660.0,1180.0,30.0,普通类,2073_14_0
143,北京理工大学,2024,吉林,2073,本科批,理科试验班,（004）,653.0,666.0,659.0,1291.0,24.0,普通类,2073_14_0
143,北京理工大学,2024,吉林,2073,本科批,工科试验班,（004）,655.0,666.0,660.0,1180.0,30.0,普通类,2073_14_143313
143,北京理工大学,2024,吉林,2073,本科批,理科试验班,（004）,653.0,666.0,659.0,1291.0,24.0,普通类,2073_14_143313
143,北京理工大学,2024,黑龙江,2074,本科批,社会科学试验班,（002）,628.0,0.0,0.0,436.0,,普通类,2074_14_160952
143,北京理工大学,2024,黑龙江,2074,本科批,社会科学试验班,（002）,624.0,0.0,0.0,514.0,,普通类,2074_14_160952
143,北京理工大学,2024,黑龙江,2074,本科批,社会科学试验班,（002）,628.0,0.0,0.0,436.0,,普通类,2074_14_0
143,北京理工大学,2024,黑龙江,2074,本科批,社会科学试验班,（002）,624.0,0.0,0.0,514.0,,普通类,2074_14_0
143,北京理工大学,2024,黑龙江,2073,本科批,会计学,（006）,625.0,0.0,0.0,4781.0,,中外合作办学,2073_14_158195
143,北京理工大学,2024,黑龙江,2073,本科批,工科试验班,（007）,681.0,0.0,0.0,429.0,,普通类,2073_14_0
143,北京理工大学,2024,黑龙江,2073,本科批,工科试验班,（008）,676.0,0.0,0.0,603.0,,普通类,2073_14_0
143,北京理工大学,2024,黑龙江,2073,本科批,工科试验班,（008）,674.0,0.0,0.0,692.0,,普通类,2073_14_0
143,北京理工大学,2024,黑龙江,2073,本科批,工科试验班,（008）,672.0,0.0,0.0,762.0,,普通类,2073_14_0
143,北京理工大学,2024,黑龙江,2073,本科批,工科试验班,（008）,671.0,0.0,0.0,819.0,,普通类,2073_14_0
143,北京理工大学,2024,黑龙江,2073,本科批,工科试验班,（008）,671.0,0.0,0.0,819.0,,普通类,2073_14_0
143,北京理工大学,2024,黑龙江,2073,本科批,工科试验班,（008）,650.0,0.0,0.0,2151.0,,普通类,2073_14_0
143,北京理工大学,2024,黑龙江,2073,本科批,理科试验班,（008）,647.0,0.0,0.0,2379.0,,普通类,2073_14_0
143,北京理工大学,2024,黑龙江,2073,本科批,会计学,（006）,625.0,0.0,0.0,4781.0,,中外合作办学,2073_14_0
143,北京理工大学,2024,黑龙江,2073,本科批,工科试验班,（007）,681.0,0.0,0.0,429.0,,普通类,2073_14_157943
143,北京理工大学,2024,黑龙江,2073,本科批,工科试验班,（008）,676.0,0.0,0.0,603.0,,普通类,2073_14_157771
143,北京理工大学,2024,黑龙江,2073,本科批,工科试验班,（008）,674.0,0.0,0.0,692.0,,普通类,2073_14_157771
143,北京理工大学,2024,黑龙江,2073,本科批,工科试验班,（008）,672.0,0.0,0.0,762.0,,普通类,2073_14_157771
143,北京理工大学,2024,黑龙江,2073,本科批,工科试验班,（008）,671.0,0.0,0.0,819.0,,普通类,2073_14_157771
143,北京理工大学,2024,黑龙江,2073,本科批,工科试验班,（008）,671.0,0.0,0.0,819.0,,普通类,2073_14_157771
143,北京理工大学,2024,黑龙江,2073,本科批,工科试验班,（008）,650.0,0.0,0.0,2151.0,,普通类,2073_14_157771
143,北京理工大学,2024,黑龙江,2073,本科批,理科试验班,（008）,647.0,0.0,0.0,2379.0,,普通类,2073_14_157771
143,北京理工大学,2024,上海,3,本科批,工科试验班,（01）,580.0,0.0,589.0,2684.0,,普通类,3_14_149700
143,北京理工大学,2024,上海,3,本科批,工科试验班,（01）,580.0,0.0,585.0,2684.0,,普通类,3_14_149700
143,北京理工大学,2024,上海,3,本科批,工科试验班,（01）,580.0,0.0,589.0,2684.0,,普通类,3_14_0
143,北京理工大学,2024,上海,3,本科批,工科试验班,（01）,580.0,0.0,585.0,2684.0,,普通类,3_14_0
143,北京理工大学,2024,上海,3,本科批,理科试验班,（Q2）,573.0,0.0,576.0,3676.0,22.0,普通类,3_14_0
143,北京理工大学,2024,上海,3,本科批,理科试验班,（Q2）,573.0,0.0,576.0,3676.0,22.0,普通类,3_14_148439
143,北京理工大学,2024,江苏,2074,本科批,社会科学试验班,（01）,625.0,629.0,0.0,1057.0,5.0,普通类,2074_14_182178
143,北京理工大学,2024,江苏,2074,本科批,社会科学试验班,（01）,621.0,627.0,0.0,1340.0,21.0,普通类,2074_14_182178
143,北京理工大学,2024,江苏,2074,本科批,社会科学试验班,（01）,625.0,629.0,0.0,1057.0,5.0,普通类,2074_14_0
143,北京理工大学,2024,江苏,2074,本科批,社会科学试验班,（01）,621.0,627.0,0.0,1340.0,21.0,普通类,2074_14_0
143,北京理工大学,2024,江苏,2073,本科批,工科试验班,（02）,662.0,673.0,0.0,2137.0,6.0,普通类,2073_14_181206
143,北京理工大学,2024,江苏,2073,本科批,工科试验班,（02）,662.0,673.0,0.0,2137.0,6.0,普通类,2073_14_0
143,北京理工大学,2024,江苏,2073,本科批,工科试验班,（03）,659.0,663.0,0.0,2662.0,9.0,普通类,2073_14_0
143,北京理工大学,2024,江苏,2073,本科批,工科试验班,（03）,658.0,658.0,0.0,2842.0,2.0,普通类,2073_14_0
143,北京理工大学,2024,江苏,2073,本科批,会计学,（04）,633.0,639.0,0.0,10758.0,4.0,中外合作办学,2073_14_0
143,北京理工大学,2024,江苏,2073,本科批,工科试验班,（03）,611.0,0.0,0.0,22842.0,6.0,普通类,2073_14_0
143,北京理工大学,2024,江苏,2073,本科批,工科试验班,（03）,659.0,663.0,0.0,2662.0,9.0,普通类,2073_14_180334
143,北京理工大学,2024,江苏,2073,本科批,工科试验班,（03）,658.0,658.0,0.0,2842.0,2.0,普通类,2073_14_180334
143,北京理工大学,2024,江苏,2073,本科批,工科试验班,（03）,611.0,0.0,0.0,22842.0,6.0,普通类,2073_14_180334
143,北京理工大学,2024,江苏,2073,本科批,会计学,（04）,633.0,639.0,0.0,10758.0,4.0,中外合作办学,2073_14_179657
143,北京理工大学,2024,浙江,3,平行录取一段,工科试验班,,681.0,0.0,0.0,2294.0,,普通类,3_16_0
143,北京理工大学,2024,浙江,3,平行录取一段,工科试验班,,676.0,0.0,0.0,3230.0,,普通类,3_16_0
143,北京理工大学,2024,浙江,3,平行录取一段,工科试验班,,675.0,0.0,0.0,3536.0,,普通类,3_16_0
143,北京理工大学,2024,浙江,3,平行录取一段,工科试验班,,669.0,0.0,0.0,5000.0,,普通类,3_16_0
143,北京理工大学,2024,浙江,3,平行录取一段,工科试验班,,668.0,0.0,0.0,5434.0,,普通类,3_16_0
143,北京理工大学,2024,浙江,3,平行录取一段,会计学,,656.0,0.0,0.0,9574.0,,中外合作办学,3_16_0
143,北京理工大学,2024,安徽,2074,本科批,公共事业管理,1051（L001）,636.0,648.0,642.0,752.0,,普通类,2074_14_189028
143,北京理工大学,2024,安徽,2074,本科批,社会科学试验班,1051（L001）,633.0,637.0,635.0,873.0,,普通类,2074_14_189028
143,北京理工大学,2024,安徽,2074,本科批,社会科学试验班,1051（L001）,631.0,636.0,633.0,994.0,,普通类,2074_14_189028
143,北京理工大学,2024,安徽,2074,本科批,公共事业管理,1051（L001）,636.0,648.0,642.0,752.0,,普通类,2074_14_0
143,北京理工大学,2024,安徽,2074,本科批,社会科学试验班,1051（L001）,633.0,637.0,635.0,873.0,,普通类,2074_14_0
143,北京理工大学,2024,安徽,2074,本科批,社会科学试验班,1051（L001）,631.0,636.0,633.0,994.0,,普通类,2074_14_0
143,北京理工大学,2024,安徽,2073,本科批,会计学,1051（W003）,635.0,647.0,639.0,9460.0,,中外合作办学,2073_14_189027
143,北京理工大学,2024,安徽,2073,本科批,工科试验班,1051（W004）,676.0,677.0,676.0,874.0,,普通类,2073_14_0
143,北京理工大学,2024,安徽,2073,本科批,工科试验班,1051（W005）,672.0,675.0,673.0,1249.0,,普通类,2073_14_0
143,北京理工大学,2024,安徽,2073,本科批,会计学,1051（W003）,635.0,647.0,639.0,9460.0,,中外合作办学,2073_14_0
143,北京理工大学,2024,安徽,2073,本科批,工科试验班,1051（W004）,676.0,677.0,676.0,874.0,,普通类,2073_14_189026
143,北京理工大学,2024,安徽,2073,本科批,工科试验班,1051（W005）,672.0,675.0,673.0,1249.0,,普通类,2073_14_189025
143,北京理工大学,2024,福建,2074,本科批,公共事业管理,2319（L999）,617.0,629.0,623.0,584.0,2.0,普通类,2074_14_177977
143,北京理工大学,2024,福建,2074,本科批,社会科学试验班,2319（L999）,610.0,616.0,613.0,833.0,6.0,普通类,2074_14_177977
143,北京理工大学,2024,福建,2074,本科批,社会科学试验班,2319（L999）,606.0,617.0,610.0,1006.0,18.0,普通类,2074_14_177977
143,北京理工大学,2024,福建,2074,本科批,公共事业管理,2319（L999）,617.0,629.0,623.0,584.0,2.0,普通类,2074_14_0
143,北京理工大学,2024,福建,2074,本科批,社会科学试验班,2319（L999）,610.0,616.0,613.0,833.0,6.0,普通类,2074_14_0
143,北京理工大学,2024,福建,2074,本科批,社会科学试验班,2319（L999）,606.0,617.0,610.0,1006.0,18.0,普通类,2074_14_0
143,北京理工大学,2024,福建,2073,本科批,工科试验班,2319（W500）,674.0,674.0,674.0,565.0,6.0,普通类,2073_14_177976
143,北京理工大学,2024,福建,2073,本科批,工科试验班,2319（W500）,669.0,672.0,670.0,832.0,34.0,普通类,2073_14_177976
143,北京理工大学,2024,福建,2073,本科批,工科试验班,2319（W500）,668.0,668.0,668.0,901.0,5.0,普通类,2073_14_177976
143,北京理工大学,2024,福建,2073,本科批,工科试验班,2319（W500）,667.0,667.0,667.0,990.0,2.0,普通类,2073_14_177976
143,北京理工大学,2024,福建,2073,本科批,理科试验班,2319（W500）,666.0,667.0,667.0,1075.0,5.0,普通类,2073_14_177976
143,北京理工大学,2024,福建,2073,本科批,工科试验班,2319（W500）,666.0,668.0,667.0,1075.0,21.0,普通类,2073_14_177976
143,北京理工大学,2024,福建,2073,本科批,工科试验班,2319（W500）,666.0,667.0,666.0,1075.0,3.0,普通类,2073_14_177976
143,北京理工大学,2024,福建,2073,本科批,工科试验班,2319（W500）,666.0,0.0,0.0,1075.0,,普通类,2073_14_177976
143,北京理工大学,2024,福建,2073,本科批,工科试验班,2319（W500）,674.0,674.0,674.0,565.0,6.0,普通类,2073_14_0
143,北京理工大学,2024,福建,2073,本科批,工科试验班,2319（W500）,669.0,672.0,670.0,832.0,34.0,普通类,2073_14_0
143,北京理工大学,2024,福建,2073,本科批,工科试验班,2319（W500）,668.0,668.0,668.0,901.0,5.0,普通类,2073_14_0
143,北京理工大学,2024,福建,2073,本科批,工科试验班,2319（W500）,667.0,667.0,667.0,990.0,2.0,普通类,2073_14_0
143,北京理工大学,2024,福建,2073,本科批,理科试验班,2319（W500）,666.0,667.0,667.0,1075.0,5.0,普通类,2073_14_0
143,北京理工大学,2024,福建,2073,本科批,工科试验班,2319（W500）,666.0,668.0,667.0,1075.0,21.0,普通类,2073_14_0
143,北京理工大学,2024,福建,2073,本科批,工科试验班,2319（W500）,666.0,667.0,666.0,1075.0,3.0,普通类,2073_14_0
143,北京理工大学,2024,福建,2073,本科批,工科试验班,2319（W500）,666.0,0.0,0.0,1075.0,,普通类,2073_14_0
143,北京理工大学,2024,江西,2074,本科批,社会科学试验班,（101）,621.0,0.0,0.0,758.0,11.0,普通类,2074_14_169355
143,北京理工大学,2024,江西,2074,本科批,社会科学试验班,（101）,617.0,0.0,0.0,913.0,20.0,普通类,2074_14_169355
143,北京理工大学,2024,江西,2074,本科批,社会科学试验班,（101）,621.0,0.0,0.0,758.0,11.0,普通类,2074_14_0
143,北京理工大学,2024,江西,2074,本科批,社会科学试验班,（101）,617.0,0.0,0.0,913.0,20.0,普通类,2074_14_0
143,北京理工大学,2024,江西,2073,本科批,工科试验班,（501）,654.0,0.0,0.0,716.0,7.0,普通类,2073_14_166686
143,北京理工大学,2024,江西,2073,本科批,工科试验班,（501）,654.0,0.0,0.0,716.0,7.0,普通类,2073_14_0
143,北京理工大学,2024,江西,2073,本科批,工科试验班,（502）,650.0,0.0,0.0,968.0,59.0,普通类,2073_14_0
143,北京理工大学,2024,江西,2073,本科批,工科试验班,（502）,649.0,0.0,0.0,1045.0,1.0,普通类,2073_14_0
143,北京理工大学,2024,江西,2073,本科批,工科试验班,（561）,636.0,0.0,0.0,2438.0,4.0,普通类,2073_14_0
143,北京理工大学,2024,江西,2073,本科批,工科试验班,（561）,636.0,0.0,0.0,2438.0,5.0,普通类,2073_14_0
143,北京理工大学,2024,江西,2073,本科批,理科试验班,（561）,632.0,0.0,0.0,3030.0,11.0,普通类,2073_14_0
143,北京理工大学,2024,江西,2073,本科批,理科试验班,（502）,612.0,0.0,0.0,7350.0,,普通类,2073_14_0
143,北京理工大学,2024,江西,2073,本科批,会计学,（503）,606.0,0.0,0.0,9100.0,8.0,中外合作办学,2073_14_0
143,北京理工大学,2024,江西,2073,本科批,工科试验班,（502）,650.0,0.0,0.0,968.0,59.0,普通类,2073_14_164866
143,北京理工大学,2024,江西,2073,本科批,工科试验班,（502）,649.0,0.0,0.0,1045.0,1.0,普通类,2073_14_164866
143,北京理工大学,2024,江西,2073,本科批,理科试验班,（502）,612.0,0.0,0.0,7350.0,,普通类,2073_14_164866
143,北京理工大学,2024,江西,2073,本科批,会计学,（503）,606.0,0.0,0.0,9100.0,8.0,中外合作办学,2073_14_163887
143,北京理工大学,2024,江西,2073,本科批,工科试验班,（561）,636.0,0.0,0.0,2438.0,4.0,普通类,2073_14_162495
143,北京理工大学,2024,江西,2073,本科批,工科试验班,（561）,636.0,0.0,0.0,2438.0,5.0,普通类,2073_14_162495
143,北京理工大学,2024,江西,2073,本科批,理科试验班,（561）,632.0,0.0,0.0,3030.0,11.0,普通类,2073_14_162495
143,北京理工大学,2024,山东,3,普通类一段,工科试验班,,671.0,0.0,0.0,834.0,,普通类,3_1570_0
143,北京理工大学,2024,山东,3,普通类一段,工科试验班,,666.0,0.0,0.0,1175.0,,普通类,3_1570_0
143,北京理工大学,2024,山东,3,普通类一段,工科试验班,,666.0,0.0,0.0,1205.0,,普通类,3_1570_0
143,北京理工大学,2024,山东,3,普通类一段,理科试验班,,663.0,0.0,0.0,1520.0,6.0,普通类,3_1570_0
143,北京理工大学,2024,山东,3,普通类一段,工科试验班,,662.0,0.0,0.0,1644.0,,普通类,3_1570_0
143,北京理工大学,2024,山东,3,普通类一段,工科试验班,,660.0,0.0,0.0,1785.0,,普通类,3_1570_0
143,北京理工大学,2024,山东,3,普通类一段,工科试验班,,660.0,0.0,0.0,1824.0,,普通类,3_1570_0
143,北京理工大学,2024,山东,3,普通类一段,会计学,,623.0,0.0,0.0,10574.0,2.0,中外合作办学,3_1570_0
143,北京理工大学,2024,河南,2,本科一批,社会科学试验班,,615.0,622.0,618.0,916.0,20.0,普通类,2_7_0
143,北京理工大学,2024,河南,1,本科一批,工科试验班,,674.0,677.0,675.0,958.0,8.0,珠海校区,1_7_0
143,北京理工大学,2024,河南,1,本科一批,工科试验班,,670.0,677.0,672.0,1246.0,23.0,普通类,1_7_0
143,北京理工大学,2024,河南,1,本科一批,工科试验班,,669.0,669.0,669.0,1318.0,8.0,普通类,1_7_0
143,北京理工大学,2024,河南,1,本科一批,工科试验班,,668.0,668.0,668.0,1410.0,2.0,普通类,1_7_0
143,北京理工大学,2024,河南,1,本科一批,工科试验班,,668.0,668.0,668.0,1410.0,3.0,普通类,1_7_0
143,北京理工大学,2024,河南,1,本科一批,工科试验班,,668.0,668.0,668.0,1410.0,4.0,普通类,1_7_0
143,北京理工大学,2024,河南,1,本科一批,工科试验班,,658.0,668.0,662.0,2546.0,40.0,单列,1_7_0
143,北京理工大学,2024,河南,1,本科一批,理科试验班,,654.0,667.0,657.0,3120.0,48.0,单列,1_7_0
143,北京理工大学,2024,湖北,2074,本科批,社会科学试验班,（01）,613.0,0.0,0.0,1224.0,,普通类,2074_14_173813
143,北京理工大学,2024,湖北,2074,本科批,社会科学试验班,（01）,612.0,0.0,0.0,1285.0,,普通类,2074_14_173813
143,北京理工大学,2024,湖北,2074,本科批,社会科学试验班,（01）,613.0,0.0,0.0,1224.0,,普通类,2074_14_0
143,北京理工大学,2024,湖北,2074,本科批,社会科学试验班,（01）,612.0,0.0,0.0,1285.0,,普通类,2074_14_0
143,北京理工大学,2024,湖北,2073,本科批,工科试验班,（02）,668.0,0.0,0.0,842.0,,普通类,2073_14_172823
143,北京理工大学,2024,湖北,2073,本科批,工科试验班,（02）,659.0,0.0,0.0,1603.0,,普通类,2073_14_172823
143,北京理工大学,2024,湖北,2073,本科批,工科试验班,（02）,658.0,0.0,0.0,1719.0,,普通类,2073_14_172823
143,北京理工大学,2024,湖北,2073,本科批,工科试验班,（02）,654.0,0.0,0.0,2193.0,,普通类,2073_14_172823
143,北京理工大学,2024,湖北,2073,本科批,工科试验班,（02）,652.0,0.0,0.0,2453.0,,普通类,2073_14_172823
143,北京理工大学,2024,湖北,2073,本科批,工科试验班,（02）,652.0,0.0,0.0,2453.0,,普通类,2073_14_172823
143,北京理工大学,2024,湖北,2073,本科批,工科试验班,（02）,668.0,0.0,0.0,842.0,,普通类,2073_14_0
143,北京理工大学,2024,湖北,2073,本科批,工科试验班,（02）,659.0,0.0,0.0,1603.0,,普通类,2073_14_0
143,北京理工大学,2024,湖北,2073,本科批,工科试验班,（02）,658.0,0.0,0.0,1719.0,,普通类,2073_14_0
143,北京理工大学,2024,湖北,2073,本科批,工科试验班,（02）,654.0,0.0,0.0,2193.0,,普通类,2073_14_0
143,北京理工大学,2024,湖北,2073,本科批,工科试验班,（02）,652.0,0.0,0.0,2453.0,,普通类,2073_14_0
143,北京理工大学,2024,湖北,2073,本科批,工科试验班,（02）,652.0,0.0,0.0,2453.0,,普通类,2073_14_0
143,北京理工大学,2024,湖北,2073,本科批,工科试验班,（03）,642.0,0.0,0.0,4085.0,,国家专项计划,2073_14_0
143,北京理工大学,2024,湖北,2073,本科批,工科试验班,（03）,641.0,0.0,0.0,4287.0,,国家专项计划,2073_14_0
143,北京理工大学,2024,湖北,2073,本科批,理科试验班,（03）,638.0,0.0,0.0,4890.0,,国家专项计划,2073_14_0
143,北京理工大学,2024,湖北,2073,本科批,工科试验班,（04）,632.0,0.0,0.0,6243.0,,普通类,2073_14_0
143,北京理工大学,2024,湖北,2073,本科批,理科试验班,（04）,631.0,0.0,0.0,6509.0,,普通类,2073_14_0
143,北京理工大学,2024,湖北,2073,本科批,工科试验班,（04）,632.0,0.0,0.0,6243.0,,普通类,2073_14_171204
143,北京理工大学,2024,湖北,2073,本科批,理科试验班,（04）,631.0,0.0,0.0,6509.0,,普通类,2073_14_171204
143,北京理工大学,2024,湖北,2073,本科批,工科试验班,（03）,642.0,0.0,0.0,4085.0,,国家专项计划,2073_14_171909
143,北京理工大学,2024,湖北,2073,本科批,工科试验班,（03）,641.0,0.0,0.0,4287.0,,国家专项计划,2073_14_171909
143,北京理工大学,2024,湖北,2073,本科批,理科试验班,（03）,638.0,0.0,0.0,4890.0,,国家专项计划,2073_14_171909
143,北京理工大学,2024,湖南,2074,本科批,社会科学试验班,（102）,619.0,623.0,0.0,781.0,5.0,普通类,2074_14_195151
143,北京理工大学,2024,湖南,2074,本科批,社会科学试验班,（102）,616.0,621.0,0.0,930.0,15.0,普通类,2074_14_195151
143,北京理工大学,2024,湖南,2074,本科批,社会科学试验班,（102）,619.0,623.0,0.0,781.0,5.0,普通类,2074_14_0
143,北京理工大学,2024,湖南,2074,本科批,社会科学试验班,（102）,616.0,621.0,0.0,930.0,15.0,普通类,2074_14_0
143,北京理工大学,2024,湖南,2073,本科批,工科试验班,（103）,668.0,674.0,0.0,779.0,7.0,普通类,2073_14_193925
143,北京理工大学,2024,湖南,2073,本科批,工科试验班,（103）,668.0,674.0,0.0,779.0,7.0,普通类,2073_14_0
143,北京理工大学,2024,湖南,2073,本科批,工科试验班,（104）,662.0,673.0,0.0,1159.0,12.0,普通类,2073_14_0
143,北京理工大学,2024,湖南,2073,本科批,工科试验班,（104）,661.0,667.0,0.0,1249.0,2.0,普通类,2073_14_0
143,北京理工大学,2024,湖南,2073,本科批,理科试验班,（104）,659.0,662.0,0.0,1431.0,6.0,普通类,2073_14_0
143,北京理工大学,2024,湖南,2073,本科批,工科试验班,（104）,659.0,666.0,0.0,1431.0,8.0,普通类,2073_14_0
143,北京理工大学,2024,湖南,2073,本科批,工业设计,（104）,658.0,658.0,0.0,1509.0,2.0,普通类,2073_14_0
143,北京理工大学,2024,湖南,2073,本科批,经济管理试验班,（104）,658.0,660.0,0.0,1509.0,5.0,普通类,2073_14_0
143,北京理工大学,2024,湖南,2073,本科批,工科试验班,（104）,658.0,662.0,0.0,1509.0,10.0,普通类,2073_14_0
143,北京理工大学,2024,湖南,2073,本科批,工科试验班,（104）,658.0,670.0,0.0,1509.0,23.0,普通类,2073_14_0
143,北京理工大学,2024,湖南,2073,本科批,工科试验班,（104）,658.0,670.0,0.0,1509.0,23.0,普通类,2073_14_0
143,北京理工大学,2024,湖南,2073,本科批,理科试验班,（706）,646.0,648.0,0.0,2761.0,2.0,民族班,2073_14_0
143,北京理工大学,2024,湖南,2073,本科批,工科试验班,（305）,646.0,651.0,0.0,2761.0,6.0,国家专项计划,2073_14_0
143,北京理工大学,2024,湖南,2073,本科批,工科试验班,（305）,644.0,648.0,0.0,3014.0,6.0,国家专项计划,2073_14_0
143,北京理工大学,2024,湖南,2073,本科批,工科试验班,（706）,640.0,642.0,0.0,3616.0,3.0,民族班,2073_14_0
143,北京理工大学,2024,湖南,2073,本科批,理科试验班,（305）,639.0,645.0,0.0,3766.0,9.0,国家专项计划,2073_14_0
143,北京理工大学,2024,湖南,2073,本科批,工科试验班,（104）,662.0,673.0,0.0,1159.0,12.0,普通类,2073_14_193275
143,北京理工大学,2024,湖南,2073,本科批,工科试验班,（104）,661.0,667.0,0.0,1249.0,2.0,普通类,2073_14_193275
143,北京理工大学,2024,湖南,2073,本科批,理科试验班,（104）,659.0,662.0,0.0,1431.0,6.0,普通类,2073_14_193275
143,北京理工大学,2024,湖南,2073,本科批,工科试验班,（104）,659.0,666.0,0.0,1431.0,8.0,普通类,2073_14_193275
143,北京理工大学,2024,湖南,2073,本科批,工业设计,（104）,658.0,658.0,0.0,1509.0,2.0,普通类,2073_14_193275
143,北京理工大学,2024,湖南,2073,本科批,经济管理试验班,（104）,658.0,660.0,0.0,1509.0,5.0,普通类,2073_14_193275
143,北京理工大学,2024,湖南,2073,本科批,工科试验班,（104）,658.0,662.0,0.0,1509.0,10.0,普通类,2073_14_193275
143,北京理工大学,2024,湖南,2073,本科批,工科试验班,（104）,658.0,670.0,0.0,1509.0,23.0,普通类,2073_14_193275
143,北京理工大学,2024,湖南,2073,本科批,工科试验班,（104）,658.0,670.0,0.0,1509.0,23.0,普通类,2073_14_193275
143,北京理工大学,2024,湖南,2073,本科批,工科试验班,（305）,646.0,651.0,0.0,2761.0,6.0,国家专项计划,2073_14_190202
143,北京理工大学,2024,湖南,2073,本科批,工科试验班,（305）,644.0,648.0,0.0,3014.0,6.0,国家专项计划,2073_14_190202
143,北京理工大学,2024,湖南,2073,本科批,理科试验班,（305）,639.0,645.0,0.0,3766.0,9.0,国家专项计划,2073_14_190202
143,北京理工大学,2024,湖南,2073,本科批,理科试验班,（706）,646.0,648.0,0.0,2761.0,2.0,民族班,2073_14_189812
143,北京理工大学,2024,湖南,2073,本科批,工科试验班,（706）,640.0,642.0,0.0,3616.0,3.0,民族班,2073_14_189812
143,北京理工大学,2024,广东,2074,本科批,社会科学试验班,（201）,613.0,0.0,0.0,1657.0,6.0,普通类,2074_14_156545
143,北京理工大学,2024,广东,2074,本科批,社会科学试验班,（201）,611.0,0.0,0.0,1820.0,14.0,普通类,2074_14_156545
143,北京理工大学,2024,广东,2074,本科批,社会科学试验班,（201）,613.0,0.0,0.0,1657.0,6.0,普通类,2074_14_0
143,北京理工大学,2024,广东,2074,本科批,社会科学试验班,（201）,611.0,0.0,0.0,1820.0,14.0,普通类,2074_14_0
143,北京理工大学,2024,广东,2073,本科批,会计学,（202）,611.0,0.0,0.0,15723.0,2.0,普通类,2073_14_155602
143,北京理工大学,2024,广东,2073,本科批,工科试验班,（204）,665.0,0.0,0.0,1056.0,10.0,普通类,2073_14_0
143,北京理工大学,2024,广东,2073,本科批,工业设计,（203）,661.0,0.0,0.0,1429.0,2.0,普通类,2073_14_0
143,北京理工大学,2024,广东,2073,本科批,工科试验班,（203）,661.0,0.0,0.0,1429.0,10.0,普通类,2073_14_0
143,北京理工大学,2024,广东,2073,本科批,工科试验班,（203）,660.0,0.0,0.0,1545.0,2.0,普通类,2073_14_0
143,北京理工大学,2024,广东,2073,本科批,工科试验班,（203）,657.0,0.0,0.0,1874.0,3.0,普通类,2073_14_0
143,北京理工大学,2024,广东,2073,本科批,经济管理试验班,（203）,656.0,0.0,0.0,1999.0,3.0,普通类,2073_14_0
143,北京理工大学,2024,广东,2073,本科批,理科试验班,（203）,656.0,0.0,0.0,1999.0,4.0,普通类,2073_14_0
143,北京理工大学,2024,广东,2073,本科批,工科试验班,（203）,656.0,0.0,0.0,1999.0,5.0,普通类,2073_14_0
143,北京理工大学,2024,广东,2073,本科批,工科试验班,（203）,656.0,0.0,0.0,1999.0,14.0,普通类,2073_14_0
143,北京理工大学,2024,广东,2073,本科批,工科试验班,（203）,656.0,0.0,0.0,1999.0,14.0,普通类,2073_14_0
143,北京理工大学,2024,广东,2073,本科批,会计学,（202）,611.0,0.0,0.0,15723.0,2.0,普通类,2073_14_0
143,北京理工大学,2024,广东,2073,本科批,工业设计,（203）,661.0,0.0,0.0,1429.0,2.0,普通类,2073_14_154766
143,北京理工大学,2024,广东,2073,本科批,工科试验班,（203）,661.0,0.0,0.0,1429.0,10.0,普通类,2073_14_154766
143,北京理工大学,2024,广东,2073,本科批,工科试验班,（203）,660.0,0.0,0.0,1545.0,2.0,普通类,2073_14_154766
143,北京理工大学,2024,广东,2073,本科批,工科试验班,（203）,657.0,0.0,0.0,1874.0,3.0,普通类,2073_14_154766
143,北京理工大学,2024,广东,2073,本科批,经济管理试验班,（203）,656.0,0.0,0.0,1999.0,3.0,普通类,2073_14_154766
143,北京理工大学,2024,广东,2073,本科批,理科试验班,（203）,656.0,0.0,0.0,1999.0,4.0,普通类,2073_14_154766
143,北京理工大学,2024,广东,2073,本科批,工科试验班,（203）,656.0,0.0,0.0,1999.0,5.0,普通类,2073_14_154766
143,北京理工大学,2024,广东,2073,本科批,工科试验班,（203）,656.0,0.0,0.0,1999.0,14.0,普通类,2073_14_154766
143,北京理工大学,2024,广东,2073,本科批,工科试验班,（203）,656.0,0.0,0.0,1999.0,14.0,普通类,2073_14_154766
143,北京理工大学,2024,广东,2073,本科批,工科试验班,（204）,665.0,0.0,0.0,1056.0,10.0,普通类,2073_14_154090
143,北京理工大学,2024,广西,2074,本科批,社会科学试验班,（102）,619.0,631.0,623.0,613.0,,普通类,2074_14_200217
143,北京理工大学,2024,广西,2074,本科批,社会科学试验班,（102）,613.0,621.0,618.0,806.0,,普通类,2074_14_200217
143,北京理工大学,2024,广西,2074,本科批,社会科学试验班,（102）,619.0,631.0,623.0,613.0,,普通类,2074_14_0
143,北京理工大学,2024,广西,2074,本科批,社会科学试验班,（102）,613.0,621.0,618.0,806.0,,普通类,2074_14_0
143,北京理工大学,2024,广西,2073,本科批,工科试验班,（101）,665.0,666.0,666.0,290.0,,普通类,2073_14_200950
143,北京理工大学,2024,广西,2073,本科批,工科试验班,（101）,661.0,665.0,662.0,397.0,,普通类,2073_14_200950
143,北京理工大学,2024,广西,2073,本科批,工科试验班,（101）,665.0,666.0,666.0,290.0,,普通类,2073_14_0
143,北京理工大学,2024,广西,2073,本科批,工科试验班,（101）,661.0,665.0,662.0,397.0,,普通类,2073_14_0
143,北京理工大学,2024,广西,2073,本科批,工科试验班,（701）,653.0,655.0,654.0,711.0,,民族班,2073_14_0
143,北京理工大学,2024,广西,2073,本科批,理科试验班,（701）,645.0,652.0,649.0,1147.0,,民族班,2073_14_0
143,北京理工大学,2024,广西,2073,本科批,工科试验班,（501）,614.0,616.0,615.0,4619.0,,国家专项计划,2073_14_0
143,北京理工大学,2024,广西,2073,本科批,工科试验班,（501）,614.0,617.0,615.0,4619.0,,国家专项计划,2073_14_0
143,北京理工大学,2024,广西,2073,本科批,理科试验班,（501）,610.0,620.0,613.0,5357.0,,国家专项计划,2073_14_0
143,北京理工大学,2024,广西,2073,本科批,工科试验班,（501）,614.0,616.0,615.0,4619.0,,国家专项计划,2073_14_197086
143,北京理工大学,2024,广西,2073,本科批,工科试验班,（501）,614.0,617.0,615.0,4619.0,,国家专项计划,2073_14_197086
143,北京理工大学,2024,广西,2073,本科批,理科试验班,（501）,610.0,620.0,613.0,5357.0,,国家专项计划,2073_14_197086
143,北京理工大学,2024,广西,2073,本科批,工科试验班,（701）,653.0,655.0,654.0,711.0,,民族班,2073_14_196794
143,北京理工大学,2024,广西,2073,本科批,理科试验班,（701）,645.0,652.0,649.0,1147.0,,民族班,2073_14_196794
143,北京理工大学,2024,海南,3,本科批,会计学,（03）,682.0,0.0,0.0,2624.0,,中外合作办学,3_14_204113
143,北京理工大学,2024,海南,3,本科批,工科试验班,（04）,790.0,0.0,0.0,144.0,,普通类,3_14_0
143,北京理工大学,2024,海南,3,本科批,工科试验班,（04）,778.0,0.0,0.0,210.0,,普通类,3_14_0
143,北京理工大学,2024,海南,3,本科批,会计学,（03）,682.0,0.0,0.0,2624.0,,中外合作办学,3_14_0
143,北京理工大学,2024,海南,3,本科批,工科试验班,（04）,790.0,0.0,0.0,144.0,,普通类,3_14_203674
143,北京理工大学,2024,海南,3,本科批,工科试验班,（04）,778.0,0.0,0.0,210.0,,普通类,3_14_203674
143,北京理工大学,2024,重庆,2074,本科批,社会科学试验班,,618.0,0.0,0.0,741.0,,普通类,2074_14_0
143,北京理工大学,2024,重庆,2074,本科批,社会科学试验班,,612.0,0.0,0.0,977.0,,普通类,2074_14_0
143,北京理工大学,2024,重庆,2073,本科批,工科试验班,,675.0,0.0,0.0,518.0,,普通类,2073_14_0
143,北京理工大学,2024,重庆,2073,本科批,工科试验班,,672.0,0.0,0.0,671.0,,普通类,2073_14_0
143,北京理工大学,2024,重庆,2073,本科批,工科试验班,,672.0,0.0,0.0,671.0,,普通类,2073_14_0
143,北京理工大学,2024,重庆,2073,本科批,工科试验班,,665.0,0.0,0.0,1091.0,,普通类,2073_14_0
143,北京理工大学,2024,重庆,2073,本科批,工科试验班,,664.0,0.0,0.0,1162.0,,普通类,2073_14_0
143,北京理工大学,2024,重庆,2073,本科批,会计学,,626.0,0.0,0.0,6277.0,,中外合作办学,2073_14_0
143,北京理工大学,2024,重庆,2073,本科提前批B段,工科试验班,,657.0,0.0,0.0,1747.0,,普通类,2073_37_0
143,北京理工大学,2024,重庆,2073,本科提前批B段,工科试验班,,656.0,0.0,0.0,1836.0,,普通类,2073_37_0
143,北京理工大学,2024,重庆,2073,本科提前批B段,理科试验班,,650.0,0.0,0.0,2482.0,,普通类,2073_37_0
143,北京理工大学,2024,四川,2,本科一批,社会科学试验班,,603.0,0.0,0.0,1102.0,14.0,普通类,2_7_0
143,北京理工大学,2024,四川,1,本科一批,工科试验班,,679.0,0.0,0.0,671.0,,普通类,1_7_0
143,北京理工大学,2024,四川,1,本科一批,工科试验班,,674.0,0.0,0.0,1047.0,,普通类,1_7_0
143,北京理工大学,2024,四川,1,本科一批,理科试验班,,673.0,0.0,0.0,1134.0,1.0,普通类,1_7_0
143,北京理工大学,2024,四川,1,本科一批,工科试验班,,673.0,0.0,0.0,1134.0,,普通类,1_7_0
143,北京理工大学,2024,四川,1,本科一批,工科试验班,,673.0,0.0,0.0,1134.0,,普通类,1_7_0
143,北京理工大学,2024,四川,1,本科一批,工科试验班,,672.0,0.0,0.0,1250.0,,普通类,1_7_0
143,北京理工大学,2024,四川,1,本科一批,工科试验班,,665.0,0.0,0.0,2046.0,,普通类,1_7_0
143,北京理工大学,2024,四川,1,本科一批,会计学,,632.0,0.0,0.0,10024.0,2.0,中外合作办学,1_7_0
143,北京理工大学,2024,贵州,2074,本科批,社会科学试验班,,618.0,0.0,0.0,846.0,,普通类,2074_14_0
143,北京理工大学,2024,贵州,2074,本科批,社会科学试验班,,615.0,0.0,0.0,981.0,,普通类,2074_14_0
143,北京理工大学,2024,贵州,2073,本科批,工科试验班,,670.0,0.0,0.0,357.0,,普通类,2073_14_0
143,北京理工大学,2024,贵州,2073,本科批,工科试验班,,660.0,0.0,0.0,698.0,,普通类,2073_14_0
143,北京理工大学,2024,贵州,2073,本科批,工科试验班,,642.0,0.0,0.0,1931.0,,普通类,2073_14_0
143,北京理工大学,2024,贵州,2073,本科批,工科试验班,,642.0,0.0,0.0,1982.0,,普通类,2073_14_0
143,北京理工大学,2024,贵州,2073,本科批,理科试验班,,633.0,0.0,0.0,2841.0,16.0,普通类,2073_14_0
143,北京理工大学,2024,贵州,2073,本科批,会计学,,623.0,0.0,0.0,4293.0,5.0,中外合作办学,2073_14_0
143,北京理工大学,2024,云南,2,本科一批,社会科学试验班,,635.0,642.0,0.0,583.0,6.0,普通类,2_7_0
143,北京理工大学,2024,云南,1,本科一批,工科试验班,,666.0,667.0,0.0,398.0,2.0,普通类,1_7_0
143,北京理工大学,2024,云南,1,本科一批,工科试验班,,658.0,663.0,0.0,643.0,10.0,珠海校区,1_7_0
143,北京理工大学,2024,云南,1,本科一批,工科试验班,,643.0,655.0,0.0,1430.0,30.0,普通类,1_7_0
143,北京理工大学,2024,云南,1,本科一批,理科试验班,,642.0,651.0,0.0,1506.0,28.0,普通类,1_7_0
143,北京理工大学,2024,云南,1,本科一批,工科试验班,,641.0,655.0,0.0,1587.0,4.0,普通类,1_7_0
143,北京理工大学,2024,云南,1,本科一批,工科试验班,,638.0,646.0,0.0,1848.0,8.0,普通类,1_7_0
143,北京理工大学,2024,云南,1,本科一批,理科试验班,,635.0,640.0,0.0,2118.0,10.0,普通类,1_7_0
143,北京理工大学,2024,陕西,2,本科一批,社会科学试验班,,594.0,602.0,597.0,721.0,,普通类,2_7_0
143,北京理工大学,2024,陕西,1,本科一批,工科试验班,,674.0,677.0,675.0,592.0,,普通类,1_7_0
143,北京理工大学,2024,陕西,1,本科一批,工科试验班,,667.0,673.0,669.0,905.0,,普通类,1_7_0
143,北京理工大学,2024,陕西,1,本科一批,工科试验班,,666.0,666.0,666.0,957.0,,普通类,1_7_0
143,北京理工大学,2024,陕西,1,本科一批,工科试验班,,663.0,663.0,663.0,1111.0,,普通类,1_7_0
143,北京理工大学,2024,陕西,1,本科一批,工科试验班,,658.0,665.0,662.0,1422.0,,普通类,1_7_0
143,北京理工大学,2024,陕西,1,本科一批,工科试验班,,658.0,666.0,662.0,1422.0,,普通类,1_7_0
143,北京理工大学,2024,陕西,1,本科一批,理科试验班,,658.0,664.0,661.0,1422.0,,普通类,1_7_0
143,北京理工大学,2024,陕西,1,本科一批,工科试验班,,658.0,662.0,660.0,1422.0,,普通类,1_7_0
143,北京理工大学,2024,陕西,1,本科一批,工科试验班,,644.0,652.0,0.0,2508.0,7.0,国家专项计划,1_7_0
143,北京理工大学,2024,陕西,1,本科一批,工科试验班,,639.0,643.0,0.0,3041.0,5.0,国家专项计划,1_7_0
143,北京理工大学,2024,陕西,1,本科一批,理科试验班,,636.0,646.0,0.0,3372.0,11.0,国家专项计划,1_7_0
143,北京理工大学,2024,陕西,1,本科一批,会计学,,607.0,612.0,610.0,7758.0,,中外合作办学,1_7_0
143,北京理工大学,2024,甘肃,2074,本科批C段,社会科学试验班,（005）,616.0,0.0,0.0,405.0,13.0,普通类,2074_3453_139304
143,北京理工大学,2024,甘肃,2074,本科批C段,社会科学试验班,（005）,615.0,0.0,0.0,432.0,6.0,普通类,2074_3453_139304
143,北京理工大学,2024,甘肃,2074,本科批C段,社会科学试验班,（005）,616.0,0.0,0.0,405.0,13.0,普通类,2074_3453_0
143,北京理工大学,2024,甘肃,2074,本科批C段,社会科学试验班,（005）,615.0,0.0,0.0,432.0,6.0,普通类,2074_3453_0
143,北京理工大学,2024,甘肃,2073,本科批C段,会计学,（006）,593.0,607.0,598.0,6240.0,4.0,中外合作办学,2073_3453_138960
143,北京理工大学,2024,甘肃,2073,本科批C段,工科试验班,（007）,662.0,662.0,662.0,317.0,1.0,普通类,2073_3453_0
143,北京理工大学,2024,甘肃,2073,本科批C段,工科试验班,（007）,654.0,0.0,0.0,529.0,14.0,普通类,2073_3453_0
143,北京理工大学,2024,甘肃,2073,本科批C段,工科试验班,（008）,637.0,0.0,0.0,1288.0,8.0,国家专项计划,2073_3453_0
143,北京理工大学,2024,甘肃,2073,本科批C段,工科试验班,（008）,635.0,0.0,0.0,1430.0,9.0,国家专项计划,2073_3453_0
143,北京理工大学,2024,甘肃,2073,本科批C段,理科试验班,（008）,631.0,0.0,0.0,1742.0,13.0,国家专项计划,2073_3453_0
143,北京理工大学,2024,甘肃,2073,本科批C段,理科试验班,（009）,628.0,631.0,630.0,1951.0,2.0,民族班,2073_3453_0
143,北京理工大学,2024,甘肃,2073,本科批C段,会计学,（006）,593.0,607.0,598.0,6240.0,4.0,中外合作办学,2073_3453_0
143,北京理工大学,2024,甘肃,2073,本科批C段,工科试验班,（007）,662.0,662.0,662.0,317.0,1.0,普通类,2073_3453_138708
143,北京理工大学,2024,甘肃,2073,本科批C段,工科试验班,（007）,654.0,0.0,0.0,529.0,14.0,普通类,2073_3453_138708
143,北京理工大学,2024,甘肃,2073,本科批C段,工科试验班,（008）,637.0,0.0,0.0,1288.0,8.0,国家专项计划,2073_3453_138534
143,北京理工大学,2024,甘肃,2073,本科批C段,工科试验班,（008）,635.0,0.0,0.0,1430.0,9.0,国家专项计划,2073_3453_138534
143,北京理工大学,2024,甘肃,2073,本科批C段,理科试验班,（008）,631.0,0.0,0.0,1742.0,13.0,国家专项计划,2073_3453_138534
143,北京理工大学,2024,甘肃,2073,本科批C段,理科试验班,（009）,628.0,631.0,630.0,1951.0,2.0,民族班,2073_3453_138399
143,北京理工大学,2024,青海,2,本科一段,社会科学试验班,,549.0,565.0,555.0,216.0,4.0,普通类,2_1564_0
143,北京理工大学,2024,青海,1,本科一段,工科试验班,,623.0,623.0,623.0,72.0,1.0,普通类,1_1564_0
143,北京理工大学,2024,青海,1,本科一段,工科试验班,,613.0,618.0,615.0,111.0,9.0,普通类,1_1564_0
143,北京理工大学,2024,青海,1,本科一段,理科试验班,,558.0,594.0,570.0,552.0,20.0,普通类,1_1564_0
143,北京理工大学,2024,宁夏,2,本科一批,社会科学试验班,,584.0,601.0,589.0,335.0,15.0,普通类,2_7_0
143,北京理工大学,2024,宁夏,1,本科一批,工科试验班,,629.0,630.0,630.0,137.0,2.0,普通类,1_7_0
143,北京理工大学,2024,宁夏,1,本科一批,工科试验班,,624.0,630.0,628.0,174.0,10.0,普通类,1_7_0
143,北京理工大学,2024,新疆,2,本科一批,社会科学试验班,,556.0,563.0,0.0,,4.0,普通类,2_7_0
143,北京理工大学,2024,新疆,1,本科一批,工科试验班,,646.0,646.0,0.0,,1.0,普通类,1_7_0
143,北京理工大学,2024,新疆,1,本科一批,工科试验班,,622.0,629.0,0.0,,13.0,普通类,1_7_0
143,北京理工大学,2024,新疆,1,本科一批,理科试验班,,578.0,621.0,0.0,,21.0,普通类,1_7_0
573,北京协和医学院,2020,北京,3,本科批,护理学,（01）,547.0,0.0,0.0,18429.0,50.0,普通类,3_14_111
573,北京协和医学院,2020,北京,3,本科批,护理学,（01）,547.0,0.0,0.0,18429.0,50.0,普通类,3_14_0
573,北京协和医学院,2020,天津,3,本科批A段,护理学,（1）,637.0,0.0,0.0,6957.0,5.0,普通类,3_46_9481
573,北京协和医学院,2020,天津,3,本科批A段,护理学,（1）,637.0,0.0,0.0,6957.0,5.0,普通类,3_46_0
573,北京协和医学院,2020,吉林,1,本科一批A段,护理学,,560.0,0.0,570.0,9979.0,3.0,普通类,1_51_0
573,北京协和医学院,2020,黑龙江,1,本科一批A段,护理学,,587.0,602.0,0.0,7831.0,,普通类,1_51_0
573,北京协和医学院,2020,上海,3,本科批,护理学,（01）,505.0,0.0,508.0,14446.0,5.0,普通类,3_14_7993
573,北京协和医学院,2020,上海,3,本科批,护理学,（01）,505.0,0.0,508.0,14446.0,5.0,普通类,3_14_0
573,北京协和医学院,2020,江苏,1,本科一批,护理学,,369.0,0.0,0.0,36499.0,12.0,普通类,1_7_0
573,北京协和医学院,2020,浙江,3,平行录取一段,护理学,,614.0,0.0,0.0,33542.0,17.0,普通类,3_16_0
573,北京协和医学院,2020,安徽,1,本科一批,护理学,,592.0,0.0,0.0,26316.0,,普通类,1_7_0
573,北京协和医学院,2020,山东,3,普通类一段,护理学,,602.0,0.0,0.0,25139.0,12.0,普通类,3_1570_0
573,北京协和医学院,2020,湖北,1,本科一批,护理学,,584.0,0.0,589.0,22352.0,15.0,普通类,1_7_0
573,北京协和医学院,2020,重庆,1,本科一批,护理学,,551.0,0.0,566.0,20612.0,5.0,普通类,1_7_0
573,北京协和医学院,2020,四川,1,本科一批,护理学,,608.0,630.0,613.0,21675.0,12.0,普通类,1_7_0
573,北京协和医学院,2020,青海,1,本科一批,护理学,,479.0,0.0,0.0,2929.0,,普通类,1_7_0
573,北京协和医学院,2021,北京,3,本科批,护理学,（01）,540.0,0.0,0.0,17575.0,50.0,普通类,3_14_17493
573,北京协和医学院,2021,北京,3,本科批,护理学,（01）,540.0,0.0,0.0,17575.0,50.0,普通类,3_14_0
573,北京协和医学院,2021,天津,3,本科批A段,护理学,（1）,628.0,0.0,0.0,7682.0,5.0,普通类,3_46_13146
573,北京协和医学院,2021,天津,3,本科批A段,护理学,（1）,628.0,0.0,0.0,7682.0,5.0,普通类,3_46_0
573,北京协和医学院,2021,吉林,1,本科一批A段,护理学,,530.0,538.0,534.0,9672.0,3.0,普通类,1_51_0
573,北京协和医学院,2021,黑龙江,1,本科一批A段,护理学,,525.0,550.0,0.0,11729.0,,普通类,1_51_0
573,北京协和医学院,2021,上海,3,本科批,护理学,（01）,514.0,0.0,521.0,12648.0,,普通类,3_14_15806
573,北京协和医学院,2021,上海,3,本科批,护理学,（01）,514.0,0.0,521.0,12648.0,,普通类,3_14_0
573,北京协和医学院,2021,江苏,2073,本科批,护理学,（01）,555.0,0.0,0.0,33778.0,11.0,普通类,2073_14_41869
573,北京协和医学院,2021,江苏,2073,本科批,护理学,（01）,555.0,0.0,0.0,33778.0,11.0,普通类,2073_14_0
573,北京协和医学院,2021,浙江,3,平行录取一段,护理学,,608.0,0.0,0.0,34434.0,16.0,普通类,3_16_0
573,北京协和医学院,2021,安徽,1,本科一批,护理学,,569.0,0.0,0.0,28622.0,10.0,普通类,1_7_0
573,北京协和医学院,2021,山东,3,普通类一段,护理学,,585.0,0.0,0.0,25934.0,11.0,普通类,3_1570_0
573,北京协和医学院,2021,重庆,2073,本科批,护理学,,600.0,0.0,0.0,14845.0,5.0,普通类,2073_14_0
573,北京协和医学院,2021,四川,1,本科一批,护理学,,589.0,601.0,595.0,26723.0,12.0,普通类,1_7_0
573,北京协和医学院,2021,青海,1,本科一段,护理学,,470.0,493.0,482.0,3044.0,2.0,普通类,1_1564_0
573,北京协和医学院,2022,北京,3,本科批,护理学,（01）,550.0,589.0,0.0,16590.0,10.0,普通类,3_14_51490
573,北京协和医学院,2022,北京,3,本科批,护理学,（01）,550.0,589.0,0.0,16590.0,10.0,普通类,3_14_0
573,北京协和医学院,2022,天津,3,本科批A段,护理学,（1）,634.0,0.0,0.0,7592.0,4.0,普通类,3_46_61954
573,北京协和医学院,2022,天津,3,本科批A段,护理学,（1）,634.0,0.0,0.0,7592.0,4.0,普通类,3_46_0
573,北京协和医学院,2022,河北,2073,本科批,护理学,,608.0,0.0,0.0,7171.0,2.0,普通类,2073_14_0
573,北京协和医学院,2022,山西,1,本科一批A段,护理学,,575.0,0.0,579.0,6336.0,2.0,普通类,1_51_0
573,北京协和医学院,2022,吉林,1,本科一批A段,护理学,,543.0,544.0,544.0,8280.0,3.0,普通类,1_51_0
573,北京协和医学院,2022,黑龙江,1,本科一批A段,护理学,,531.0,548.0,0.0,9434.0,4.0,普通类,1_51_0
573,北京协和医学院,2022,上海,3,本科批,护理学,（01）,519.0,0.0,523.0,13507.0,5.0,普通类,3_14_87381
573,北京协和医学院,2022,上海,3,本科批,护理学,（01）,519.0,0.0,523.0,13507.0,5.0,普通类,3_14_0
573,北京协和医学院,2022,江苏,2073,本科批,护理学,（01）,573.0,583.0,0.0,33158.0,10.0,普通类,2073_14_78444
573,北京协和医学院,2022,江苏,2073,本科批,护理学,（01）,573.0,583.0,0.0,33158.0,10.0,普通类,2073_14_0
573,北京协和医学院,2022,浙江,3,平行录取一段,护理学,,615.0,0.0,0.0,32344.0,,普通类,3_16_0
573,北京协和医学院,2022,山东,3,普通类一段,护理学,,581.0,0.0,0.0,26948.0,10.0,普通类,3_1570_0
573,北京协和医学院,2022,河南,1,本科一批,护理学,,596.0,600.0,598.0,17463.0,2.0,普通类,1_7_0
573,北京协和医学院,2022,重庆,2073,本科批,护理学,,571.0,0.0,0.0,13150.0,5.0,普通类,2073_14_0
573,北京协和医学院,2022,四川,1,本科一批,护理学,,589.0,606.0,594.0,24169.0,,普通类,1_7_0
573,北京协和医学院,2022,贵州,1,本科一批,护理学,,552.0,556.0,0.0,9304.0,,普通类,1_7_0
573,北京协和医学院,2022,云南,1,本科一批,护理学,,622.0,0.0,0.0,4389.0,,普通类,1_7_0
573,北京协和医学院,2022,青海,1,本科一段,护理学,,473.0,0.0,478.0,2559.0,2.0,普通类,1_1564_0
573,北京协和医学院,2023,北京,3,本科批,护理学,（01）,567.0,0.0,0.0,16816.0,,普通类,3_14_109082
573,北京协和医学院,2023,北京,3,本科批,护理学,（01）,567.0,0.0,0.0,16816.0,,普通类,3_14_0
573,北京协和医学院,2023,天津,3,本科批A段,护理学,（1）,628.0,0.0,0.0,6992.0,4.0,普通类,3_46_131159
573,北京协和医学院,2023,天津,3,本科批A段,护理学,（1）,628.0,0.0,0.0,6992.0,4.0,普通类,3_46_0
573,北京协和医学院,2023,河北,2073,本科批,护理学,,616.0,0.0,0.0,9339.0,,普通类,2073_14_0
573,北京协和医学院,2023,山西,1,本科一批A段,护理学,,582.0,0.0,0.0,7750.0,2.0,普通类,1_51_0
573,北京协和医学院,2023,吉林,1,本科一批A段,护理学,,532.0,537.0,0.0,8527.0,3.0,普通类,1_51_0
573,北京协和医学院,2023,黑龙江,1,本科一批A段,护理学,,524.0,537.0,0.0,11268.0,,普通类,1_51_0
573,北京协和医学院,2023,上海,3,本科批,护理学,（01）,530.0,0.0,538.0,12194.0,5.0,普通类,3_14_107589
573,北京协和医学院,2023,上海,3,本科批,护理学,（01）,530.0,0.0,538.0,12194.0,5.0,普通类,3_14_0
573,北京协和医学院,2023,江苏,2073,本科批,护理学,（01）,597.0,614.0,0.0,34853.0,10.0,普通类,2073_14_114447
573,北京协和医学院,2023,江苏,2073,本科批,护理学,（01）,597.0,614.0,0.0,34853.0,10.0,普通类,2073_14_0
573,北京协和医学院,2023,浙江,3,平行录取一段,护理学,,625.0,0.0,0.0,29555.0,,普通类,3_16_0
573,北京协和医学院,2023,安徽,1,本科一批,护理学,,568.0,595.0,579.0,31408.0,10.0,普通类,1_7_0
573,北京协和医学院,2023,福建,2073,本科批,护理学,2334（W999）,620.0,646.0,633.0,6757.0,2.0,普通类,2073_14_119493
573,北京协和医学院,2023,福建,2073,本科批,护理学,2334（W999）,620.0,646.0,633.0,6757.0,2.0,普通类,2073_14_0
573,北京协和医学院,2023,山东,3,普通类一段,护理学,,599.0,0.0,0.0,24561.0,10.0,普通类,3_1570_0
573,北京协和医学院,2023,河南,1,本科一批,护理学,,605.0,616.0,610.0,18689.0,3.0,普通类,1_7_0
573,北京协和医学院,2023,广西,1,本科一批,护理学,,572.0,573.0,573.0,10247.0,2.0,普通类,1_7_0
573,北京协和医学院,2023,重庆,2073,本科批,护理学,,578.0,0.0,0.0,11724.0,,普通类,2073_14_0
573,北京协和医学院,2023,四川,1,本科一批,护理学,,594.0,607.0,599.0,25341.0,10.0,普通类,1_7_0
573,北京协和医学院,2023,贵州,1,本科一批,护理学,,568.0,577.0,0.0,8939.0,3.0,普通类,1_7_0
573,北京协和医学院,2023,云南,1,本科一批,护理学,,608.0,626.0,0.0,4465.0,2.0,普通类,1_7_0
573,北京协和医学院,2023,甘肃,1,本科一批I段,护理学,,526.0,550.0,538.0,8012.0,2.0,普通类,1_111_0
573,北京协和医学院,2023,青海,1,本科一段,护理学,,454.0,0.0,0.0,2758.0,2.0,普通类,1_1564_0
573,北京协和医学院,2024,北京,3,本科批,护理学,（01）,566.0,0.0,0.0,17509.0,43.0,普通类,3_14_175096
573,北京协和医学院,2024,北京,3,本科批,药学,（01）,566.0,0.0,0.0,17509.0,2.0,普通类,3_14_175096
573,北京协和医学院,2024,北京,3,本科批,护理学,（01）,566.0,0.0,0.0,17509.0,43.0,普通类,3_14_0
573,北京协和医学院,2024,北京,3,本科批,药学,（01）,566.0,0.0,0.0,17509.0,2.0,普通类,3_14_0
573,北京协和医学院,2024,天津,3,本科批A段,护理学,（01）,624.0,0.0,0.0,6629.0,4.0,普通类,3_46_148359
573,北京协和医学院,2024,天津,3,本科批A段,护理学,（01）,624.0,0.0,0.0,6629.0,4.0,普通类,3_46_0
573,北京协和医学院,2024,河北,2073,本科批,药学,,637.0,0.0,0.0,3263.0,,普通类,2073_14_0
573,北京协和医学院,2024,河北,2073,本科批,护理学,,610.0,0.0,0.0,11140.0,,普通类,2073_14_0
573,北京协和医学院,2024,山西,1,本科一批A段,护理学,,593.0,0.0,0.0,9308.0,2.0,普通类,1_51_0
573,北京协和医学院,2024,内蒙古,1,本科一批,护理学,,578.0,583.0,0.0,6736.0,2.0,普通类,1_7_0
573,北京协和医学院,2024,吉林,2073,本科批,护理学,（001）,581.0,617.0,599.0,9206.0,3.0,普通类,2073_14_145930
573,北京协和医学院,2024,吉林,2073,本科批,护理学,（001）,581.0,617.0,599.0,9206.0,3.0,普通类,2073_14_0
573,北京协和医学院,2024,黑龙江,2073,本科批,护理学,（001）,593.0,605.0,0.0,10046.0,,普通类,2073_14_162232
573,北京协和医学院,2024,黑龙江,2073,本科批,护理学,（001）,593.0,605.0,0.0,10046.0,,普通类,2073_14_0
573,北京协和医学院,2024,上海,3,本科批,护理学,（01）,522.0,0.0,527.0,14026.0,4.0,普通类,3_14_149696
573,北京协和医学院,2024,上海,3,本科批,护理学,（01）,522.0,0.0,527.0,14026.0,4.0,普通类,3_14_0
573,北京协和医学院,2024,江苏,2073,本科批,护理学,（01）,596.0,614.0,0.0,33980.0,10.0,普通类,2073_14_182160
573,北京协和医学院,2024,江苏,2073,本科批,护理学,（01）,596.0,614.0,0.0,33980.0,10.0,普通类,2073_14_0
573,北京协和医学院,2024,浙江,3,平行录取一段,药学,,664.0,0.0,0.0,6615.0,,普通类,3_16_0
573,北京协和医学院,2024,浙江,3,平行录取一段,护理学,,615.0,0.0,0.0,38129.0,,普通类,3_16_0
573,北京协和医学院,2024,安徽,2073,本科批,护理学,1065（W001）,598.0,611.0,603.0,26983.0,10.0,普通类,2073_14_188967
573,北京协和医学院,2024,安徽,2073,本科批,护理学,1065（W001）,598.0,611.0,603.0,26983.0,10.0,普通类,2073_14_0
573,北京协和医学院,2024,福建,2073,本科批,护理学,2334（W500）,618.0,623.0,621.0,9794.0,2.0,普通类,2073_14_177937
573,北京协和医学院,2024,福建,2073,本科批,护理学,2334（W500）,618.0,623.0,621.0,9794.0,2.0,普通类,2073_14_0
573,北京协和医学院,2024,江西,2073,本科批,护理学,（501）,598.0,0.0,0.0,11903.0,2.0,普通类,2073_14_166680
573,北京协和医学院,2024,江西,2073,本科批,护理学,（501）,598.0,0.0,0.0,11903.0,2.0,普通类,2073_14_0
573,北京协和医学院,2024,山东,3,普通类一段,药学,,654.0,0.0,0.0,2620.0,3.0,普通类,3_1570_0
573,北京协和医学院,2024,山东,3,普通类一段,护理学,,591.0,0.0,0.0,28392.0,8.0,普通类,3_1570_0
573,北京协和医学院,2024,河南,1,本科一批,护理学,,609.0,617.0,613.0,18059.0,3.0,普通类,1_7_0
573,北京协和医学院,2024,广西,2073,本科批,护理学,（101）,590.0,600.0,595.0,10150.0,,普通类,2073_14_200940
573,北京协和医学院,2024,广西,2073,本科批,护理学,（101）,590.0,600.0,595.0,10150.0,,普通类,2073_14_0
573,北京协和医学院,2024,重庆,2073,本科批,护理学,,603.0,0.0,0.0,12178.0,,普通类,2073_14_0
573,北京协和医学院,2024,四川,1,本科一批,护理学,,602.0,0.0,0.0,24964.0,9.0,普通类,1_7_0
573,北京协和医学院,2024,贵州,2073,本科批,护理学,,605.0,0.0,0.0,7472.0,3.0,普通类,2073_14_0
573,北京协和医学院,2024,云南,1,本科一批,护理学,,620.0,634.0,0.0,4051.0,2.0,普通类,1_7_0
573,北京协和医学院,2024,甘肃,2073,本科批C段,护理学,（001）,592.0,598.0,595.0,6408.0,2.0,普通类,2073_3453_141904
573,北京协和医学院,2024,甘肃,2073,本科批C段,护理学,（001）,592.0,598.0,595.0,6408.0,2.0,普通类,2073_3453_0
