school_name,major_name,description
北京工业大学,土木工程,学科评估：A
北京工业大学,环境科学与工程,学科评估：A-
北京工业大学,控制科学与工程,学科评估：B+
北京工业大学,机械工程,学科评估：B+
北京工业大学,材料科学与工程,学科评估：B+
北京工业大学,软件工程,学科评估：B+
北京工业大学,计算机科学与技术,学科评估：B+
北京工业大学,光学工程,学科评估：B+
北京工业大学,统计学,学科评估：B+
北京工业大学,数学,学科评估：B
北京工业大学,生物医学工程,学科评估：B
北京工业大学,电子科学与技术,学科评估：B
北京工业大学,化学工程与技术,学科评估：B
北京工业大学,交通运输工程,学科评估：B-
北京工业大学,力学,学科评估：B-
北京工业大学,建筑学,学科评估：B-
北京工业大学,物理学,学科评估：B-
北京工业大学,动力工程及工程热物理,学科评估：B-
北京工业大学,仪器科学与技术,学科评估：C+
北京工业大学,信息与通信工程,学科评估：C+
北京工业大学,城乡规划学,学科评估：C
北京工业大学,教育学,学科评估：C
北京工业大学,设计学,学科评估：C
北京工业大学,生物学,学科评估：C-
北京工业大学,水利工程,学科评估：C-
北京大学,社会学,学科评估：A+
北京大学,哲学,学科评估：A+
北京大学,世界史,学科评估：A+
北京大学,力学,学科评估：A+
北京大学,政治学,学科评估：A+
北京大学,生物学,学科评估：A+
北京大学,口腔医学,学科评估：A+
北京大学,考古学,学科评估：A+
北京大学,物理学,学科评估：A+
北京大学,中国语言文学,学科评估：A+
北京大学,大气科学,学科评估：A+
北京大学,外国语言文学,学科评估：A+
北京大学,经济学,学科评估：A+
北京大学,数学,学科评估：A+
北京大学,计算机科学与技术,学科评估：A+
北京大学,心理学,学科评估：A+
北京大学,基础医学,学科评估：A+
北京大学,地理学,学科评估：A+
北京大学,艺术学理论,学科评估：A+
北京大学,统计学,学科评估：A+
北京大学,化学,学科评估：A+
北京大学,中国史,学科评估：A
北京大学,环境科学与工程,学科评估：A
北京大学,法学,学科评估：A
北京大学,生态学,学科评估：A
北京大学,工商管理,学科评估：A
北京大学,药学,学科评估：A
北京大学,电子科学与技术,学科评估：A
北京大学,公共管理,学科评估：A
北京大学,软件工程,学科评估：A
北京大学,理论经济学,学科评估：A
北京大学,马克思主义理论,学科评估：A
北京大学,临床医学,学科评估：A-
北京大学,教育学,学科评估：A-
北京大学,公共卫生与预防医学,学科评估：A-
北京大学,图书情报与档案管理,学科评估：B+
北京大学,核科学与技术,学科评估：B+
北京大学,新闻传播学,学科评估：B+
北京大学,护理学,学科评估：B+
北京大学,地质学,学科评估：B+
北京大学,生物医学工程,学科评估：B+
北京大学,信息与通信工程,学科评估：B+
北京大学,测绘科学与技术,学科评估：B+
北京大学,中西医结合,学科评估：B
北京大学,科学技术史,学科评估：B
北京大学,地球物理学,学科评估：B
北京大学,管理科学与工程,学科评估：B-
北京大学,天文学,学科评估：B-
北京大学,戏剧与影视学,学科评估：C+
内蒙古大学,中国语言文学,学科评估：B
内蒙古大学,生物学,学科评估：B
内蒙古大学,民族学,学科评估：B
内蒙古大学,生态学,学科评估：B
内蒙古大学,马克思主义理论,学科评估：B-
内蒙古大学,物理学,学科评估：B-
内蒙古大学,化学,学科评估：B-
内蒙古大学,数学,学科评估：B-
内蒙古大学,计算机科学与技术,学科评估：B-
内蒙古大学,法学,学科评估：C+
内蒙古大学,中国史,学科评估：C+
内蒙古大学,经济学,学科评估：C
内蒙古大学,环境科学与工程,学科评估：C-
内蒙古大学,软件工程,学科评估：C-
内蒙古大学,外国语言文学,学科评估：C-
大连海事大学,交通运输工程,学科评估：B+
大连海事大学,法学,学科评估：B
大连海事大学,环境科学与工程,学科评估：B
大连海事大学,计算机科学与技术,学科评估：B
大连海事大学,船舶与海洋工程,学科评估：B
大连海事大学,马克思主义理论,学科评估：B
大连海事大学,控制科学与工程,学科评估：B-
大连海事大学,管理科学与工程,学科评估：B-
大连海事大学,信息与通信工程,学科评估：B-
大连海事大学,工商管理,学科评估：C+
大连海事大学,软件工程,学科评估：C
大连海事大学,外国语言文学,学科评估：C
大连海事大学,公共管理,学科评估：C-
大连海事大学,机械工程,学科评估：C-
哈尔滨工业大学,环境科学与工程,学科评估：A+
哈尔滨工业大学,控制科学与工程,学科评估：A+
哈尔滨工业大学,机械工程,学科评估：A+
哈尔滨工业大学,管理科学与工程,学科评估：A
哈尔滨工业大学,土木工程,学科评估：A
哈尔滨工业大学,材料科学与工程,学科评估：A
哈尔滨工业大学,计算机科学与技术,学科评估：A
哈尔滨工业大学,力学,学科评估：A
哈尔滨工业大学,数学,学科评估：A-
哈尔滨工业大学,化学工程与技术,学科评估：A-
哈尔滨工业大学,城乡规划学,学科评估：A-
哈尔滨工业大学,信息与通信工程,学科评估：A-
哈尔滨工业大学,软件工程,学科评估：A-
哈尔滨工业大学,仪器科学与技术,学科评估：A-
哈尔滨工业大学,电气工程,学科评估：A-
哈尔滨工业大学,光学工程,学科评估：A-
哈尔滨工业大学,动力工程及工程热物理,学科评估：A-
哈尔滨工业大学,物理学,学科评估：B+
哈尔滨工业大学,航空宇航科学与技术,学科评估：B+
哈尔滨工业大学,工商管理,学科评估：B+
哈尔滨工业大学,交通运输工程,学科评估：B+
哈尔滨工业大学,建筑学,学科评估：B+
哈尔滨工业大学,风景园林学,学科评估：B
哈尔滨工业大学,设计学,学科评估：B
哈尔滨工业大学,生物医学工程,学科评估：B
哈尔滨工业大学,公共管理,学科评估：B
哈尔滨工业大学,电子科学与技术,学科评估：B
哈尔滨工业大学,统计学,学科评估：B
哈尔滨工业大学,外国语言文学,学科评估：B-
哈尔滨工业大学,马克思主义理论,学科评估：C+
哈尔滨工业大学,社会学,学科评估：C+
哈尔滨工业大学,化学,学科评估：C+
哈尔滨工业大学,食品科学与工程,学科评估：C+
哈尔滨工业大学,海洋科学,学科评估：C
哈尔滨工业大学,生物学,学科评估：C
哈尔滨工业大学,科学技术史,学科评估：C
云南大学,民族学,学科评估：A+
云南大学,生态学,学科评估：A-
云南大学,生物学,学科评估：B+
云南大学,政治学,学科评估：B+
云南大学,统计学,学科评估：B
云南大学,中国史,学科评估：B
云南大学,理论经济学,学科评估：B
云南大学,化学,学科评估：B
云南大学,数学,学科评估：B
云南大学,图书情报与档案管理,学科评估：B
云南大学,工商管理,学科评估：B
云南大学,软件工程,学科评估：B-
云南大学,计算机科学与技术,学科评估：B-
云南大学,中国语言文学,学科评估：B-
云南大学,法学,学科评估：B-
云南大学,马克思主义理论,学科评估：B-
云南大学,信息与通信工程,学科评估：C+
云南大学,公共管理,学科评估：C+
云南大学,系统科学,学科评估：C+
云南大学,社会学,学科评估：C+
云南大学,世界史,学科评估：C+
云南大学,物理学,学科评估：C+
云南大学,经济学,学科评估：C
云南大学,教育学,学科评估：C
云南大学,哲学,学科评估：C
云南大学,新闻传播学,学科评估：C-
云南大学,艺术学理论,学科评估：C-
云南大学,美术学,学科评估：C-
云南大学,外国语言文学,学科评估：C-
云南大学,地理学,学科评估：C-
长安大学,地质资源与地质工程,学科评估：B+
长安大学,交通运输工程,学科评估：B+
长安大学,土木工程,学科评估：B
长安大学,测绘科学与技术,学科评估：B
长安大学,城乡规划学,学科评估：B-
长安大学,环境科学与工程,学科评估：B-
长安大学,机械工程,学科评估：B-
长安大学,计算机科学与技术,学科评估：C+
长安大学,马克思主义理论,学科评估：C+
长安大学,工商管理,学科评估：C
长安大学,公共管理,学科评估：C
长安大学,水利工程,学科评估：C
长安大学,建筑学,学科评估：C-
长安大学,力学,学科评估：C-
长安大学,软件工程,学科评估：C-
长安大学,材料科学与工程,学科评估：C-
西北大学,考古学,学科评估：A+
西北大学,理论经济学,学科评估：A-
西北大学,化学工程与技术,学科评估：B+
西北大学,化学,学科评估：B+
西北大学,世界史,学科评估：B+
西北大学,地质学,学科评估：B+
西北大学,软件工程,学科评估：B+
西北大学,科学技术史,学科评估：B
西北大学,数学,学科评估：B
西北大学,生态学,学科评估：B
西北大学,地理学,学科评估：B
西北大学,地质资源与地质工程,学科评估：B
西北大学,生物学,学科评估：B
西北大学,中国史,学科评估：B
西北大学,物理学,学科评估：B
西北大学,中国语言文学,学科评估：B
西北大学,计算机科学与技术,学科评估：B-
西北大学,新闻传播学,学科评估：C+
西北大学,城乡规划学,学科评估：C+
西北大学,统计学,学科评估：C+
西北大学,经济学,学科评估：C+
西北大学,外国语言文学,学科评估：C
西北大学,信息与通信工程,学科评估：C-
西北大学,光学工程,学科评估：C-
西北大学,环境科学与工程,学科评估：C-
西北大学,电子科学与技术,学科评估：C-
北京交通大学,系统科学,学科评估：A+
北京交通大学,交通运输工程,学科评估：A
北京交通大学,信息与通信工程,学科评估：A
北京交通大学,管理科学与工程,学科评估：A-
北京交通大学,土木工程,学科评估：A-
北京交通大学,计算机科学与技术,学科评估：A-
北京交通大学,工商管理,学科评估：A-
北京交通大学,软件工程,学科评估：B+
北京交通大学,机械工程,学科评估：B+
北京交通大学,经济学,学科评估：B+
北京交通大学,马克思主义理论,学科评估：B+
北京交通大学,统计学,学科评估：B+
北京交通大学,电气工程,学科评估：B
北京交通大学,光学工程,学科评估：B
北京交通大学,力学,学科评估：B
北京交通大学,安全科学与工程,学科评估：B-
北京交通大学,数学,学科评估：B-
北京交通大学,外国语言文学,学科评估：B-
北京交通大学,电子科学与技术,学科评估：B-
北京交通大学,控制科学与工程,学科评估：B-
北京交通大学,物理学,学科评估：C+
北京交通大学,城乡规划学,学科评估：C
北京交通大学,动力工程及工程热物理,学科评估：C
北京交通大学,法学,学科评估：C
北京交通大学,建筑学,学科评估：C
北京交通大学,环境科学与工程,学科评估：C
北京交通大学,材料科学与工程,学科评估：C
北京交通大学,设计学,学科评估：C-
北京外国语大学,外国语言文学,学科评估：A+
北京外国语大学,政治学,学科评估：B-
北京外国语大学,法学,学科评估：C+
北京外国语大学,中国语言文学,学科评估：C+
北京外国语大学,管理科学与工程,学科评估：C+
北京外国语大学,新闻传播学,学科评估：C+
中央音乐学院,音乐与舞蹈学,学科评估：A+
河北工业大学,化学工程与技术,学科评估：B+
河北工业大学,电气工程,学科评估：B
河北工业大学,材料科学与工程,学科评估：B
河北工业大学,机械工程,学科评估：B
河北工业大学,工商管理,学科评估：B
河北工业大学,控制科学与工程,学科评估：B-
河北工业大学,管理科学与工程,学科评估：B-
河北工业大学,马克思主义理论,学科评估：C+
河北工业大学,土木工程,学科评估：C+
河北工业大学,电子科学与技术,学科评估：C+
河北工业大学,计算机科学与技术,学科评估：C+
河北工业大学,动力工程及工程热物理,学科评估：C
河北工业大学,仪器科学与技术,学科评估：C-
河北工业大学,生物医学工程,学科评估：C-
武汉大学,地球物理学,学科评估：A+
武汉大学,马克思主义理论,学科评估：A+
武汉大学,测绘科学与技术,学科评估：A+
武汉大学,图书情报与档案管理,学科评估：A+
武汉大学,生物学,学科评估：A
武汉大学,公共管理,学科评估：A
武汉大学,法学,学科评估：A
武汉大学,软件工程,学科评估：A
武汉大学,水利工程,学科评估：A-
武汉大学,新闻传播学,学科评估：A-
武汉大学,地理学,学科评估：A-
武汉大学,工商管理,学科评估：A-
武汉大学,计算机科学与技术,学科评估：A-
武汉大学,数学,学科评估：A-
武汉大学,化学,学科评估：A-
武汉大学,理论经济学,学科评估：A-
武汉大学,物理学,学科评估：A-
武汉大学,中国语言文学,学科评估：A-
武汉大学,哲学,学科评估：A-
武汉大学,口腔医学,学科评估：B+
武汉大学,生态学,学科评估：B+
武汉大学,药学,学科评估：B+
武汉大学,经济学,学科评估：B+
武汉大学,外国语言文学,学科评估：B+
武汉大学,世界史,学科评估：B+
武汉大学,土木工程,学科评估：B+
武汉大学,管理科学与工程,学科评估：B+
武汉大学,中国史,学科评估：B+
武汉大学,环境科学与工程,学科评估：B+
武汉大学,社会学,学科评估：B
武汉大学,临床医学,学科评估：B
武汉大学,建筑学,学科评估：B
武汉大学,信息与通信工程,学科评估：B
武汉大学,统计学,学科评估：B
武汉大学,考古学,学科评估：B
武汉大学,城乡规划学,学科评估：B
武汉大学,电气工程,学科评估：B
武汉大学,政治学,学科评估：B
武汉大学,电子科学与技术,学科评估：B
武汉大学,机械工程,学科评估：B
武汉大学,基础医学,学科评估：B
武汉大学,护理学,学科评估：B-
武汉大学,动力工程及工程热物理,学科评估：B-
武汉大学,控制科学与工程,学科评估：B-
武汉大学,材料科学与工程,学科评估：B-
武汉大学,公共卫生与预防医学,学科评估：C+
武汉大学,仪器科学与技术,学科评估：C+
武汉大学,力学,学科评估：C+
武汉大学,轻工技术与工程,学科评估：C+
武汉大学,光学工程,学科评估：C
武汉大学,生物医学工程,学科评估：C
北京林业大学,风景园林学,学科评估：A+
北京林业大学,林学,学科评估：A+
北京林业大学,林业工程,学科评估：B
北京林业大学,生物学,学科评估：B
北京林业大学,农林经济管理,学科评估：B
北京林业大学,生态学,学科评估：B
北京林业大学,环境科学与工程,学科评估：B-
北京林业大学,草学,学科评估：C+
北京林业大学,设计学,学科评估：C+
北京林业大学,机械工程,学科评估：C+
北京林业大学,工商管理,学科评估：C
北京林业大学,外国语言文学,学科评估：C
北京林业大学,城乡规划学,学科评估：C-
北京林业大学,统计学,学科评估：C-
北京林业大学,管理科学与工程,学科评估：C-
湖南大学,土木工程,学科评估：A-
湖南大学,化学,学科评估：A-
湖南大学,机械工程,学科评估：A-
湖南大学,设计学,学科评估：A-
湖南大学,工商管理,学科评估：A-
湖南大学,马克思主义理论,学科评估：B+
湖南大学,计算机科学与技术,学科评估：B+
湖南大学,数学,学科评估：B+
湖南大学,经济学,学科评估：B+
湖南大学,外国语言文学,学科评估：B+
湖南大学,电气工程,学科评估：B+
湖南大学,环境科学与工程,学科评估：B+
湖南大学,管理科学与工程,学科评估：B
湖南大学,统计学,学科评估：B
湖南大学,材料科学与工程,学科评估：B
湖南大学,法学,学科评估：B
湖南大学,化学工程与技术,学科评估：B
湖南大学,城乡规划学,学科评估：B
湖南大学,物理学,学科评估：B
湖南大学,建筑学,学科评估：B
湖南大学,控制科学与工程,学科评估：B
湖南大学,新闻传播学,学科评估：B
湖南大学,中国史,学科评估：B-
湖南大学,理论经济学,学科评估：B-
湖南大学,力学,学科评估：B-
湖南大学,电子科学与技术,学科评估：B-
湖南大学,公共管理,学科评估：B-
湖南大学,生物学,学科评估：C+
湖南大学,信息与通信工程,学科评估：C+
湖南大学,中国语言文学,学科评估：C
湖南大学,交通运输工程,学科评估：C
中央民族大学,民族学,学科评估：A+
中央民族大学,中国语言文学,学科评估：B+
中央民族大学,社会学,学科评估：B+
中央民族大学,音乐与舞蹈学,学科评估：B
中央民族大学,美术学,学科评估：B
中央民族大学,哲学,学科评估：B
中央民族大学,法学,学科评估：B-
中央民族大学,中国史,学科评估：B-
中央民族大学,公共管理,学科评估：B-
中央民族大学,工商管理,学科评估：C+
中央民族大学,生态学,学科评估：C+
中央民族大学,教育学,学科评估：C+
中央民族大学,理论经济学,学科评估：C+
中央民族大学,新闻传播学,学科评估：C
中央民族大学,统计学,学科评估：C
中央民族大学,马克思主义理论,学科评估：C
中央民族大学,考古学,学科评估：C
中央民族大学,计算机科学与技术,学科评估：C-
中央民族大学,经济学,学科评估：C-
中国人民大学,新闻传播学,学科评估：A+
中国人民大学,统计学,学科评估：A+
中国人民大学,理论经济学,学科评估：A+
中国人民大学,公共管理,学科评估：A+
中国人民大学,经济学,学科评估：A+
中国人民大学,社会学,学科评估：A+
中国人民大学,工商管理,学科评估：A+
中国人民大学,马克思主义理论,学科评估：A+
中国人民大学,法学,学科评估：A+
中国人民大学,政治学,学科评估：A
中国人民大学,哲学,学科评估：A
中国人民大学,中国语言文学,学科评估：A-
中国人民大学,中国史,学科评估：A-
中国人民大学,图书情报与档案管理,学科评估：A-
中国人民大学,计算机科学与技术,学科评估：B+
中国人民大学,农林经济管理,学科评估：B+
中国人民大学,外国语言文学,学科评估：B+
中国人民大学,软件工程,学科评估：B
中国人民大学,数学,学科评估：B
中国人民大学,世界史,学科评估：B
中国人民大学,物理学,学科评估：B
中国人民大学,艺术学理论,学科评估：B-
中国人民大学,考古学,学科评估：B-
中国人民大学,美术学,学科评估：B-
中国人民大学,环境科学与工程,学科评估：C+
中国人民大学,管理科学与工程,学科评估：C+
中国人民大学,化学,学科评估：C+
中国人民大学,音乐与舞蹈学,学科评估：C
中国人民大学,生态学,学科评估：C
中国人民大学,设计学,学科评估：C-
北京航空航天大学,软件工程,学科评估：A+
北京航空航天大学,仪器科学与技术,学科评估：A+
北京航空航天大学,材料科学与工程,学科评估：A+
北京航空航天大学,航空宇航科学与技术,学科评估：A+
北京航空航天大学,控制科学与工程,学科评估：A
北京航空航天大学,管理科学与工程,学科评估：A
北京航空航天大学,计算机科学与技术,学科评估：A
北京航空航天大学,信息与通信工程,学科评估：A-
北京航空航天大学,交通运输工程,学科评估：A-
北京航空航天大学,机械工程,学科评估：A-
北京航空航天大学,生物医学工程,学科评估：A-
北京航空航天大学,公共管理,学科评估：A-
北京航空航天大学,外国语言文学,学科评估：A-
北京航空航天大学,力学,学科评估：A-
北京航空航天大学,动力工程及工程热物理,学科评估：B+
北京航空航天大学,光学工程,学科评估：B+
北京航空航天大学,电子科学与技术,学科评估：B+
北京航空航天大学,法学,学科评估：B+
北京航空航天大学,工商管理,学科评估：B
北京航空航天大学,马克思主义理论,学科评估：B-
北京航空航天大学,环境科学与工程,学科评估：B-
北京航空航天大学,电气工程,学科评估：C+
北京航空航天大学,土木工程,学科评估：C+
北京邮电大学,信息与通信工程,学科评估：A+
北京邮电大学,计算机科学与技术,学科评估：A
北京邮电大学,电子科学与技术,学科评估：A-
北京邮电大学,软件工程,学科评估：B+
北京邮电大学,管理科学与工程,学科评估：B
北京邮电大学,光学工程,学科评估：B-
北京邮电大学,控制科学与工程,学科评估：B-
北京邮电大学,工商管理,学科评估：B-
北京邮电大学,公共管理,学科评估：C+
北京邮电大学,机械工程,学科评估：C+
北京邮电大学,生物医学工程,学科评估：C-
北京中医药大学,中医学,学科评估：A+
北京中医药大学,中西医结合,学科评估：A+
北京中医药大学,中药学,学科评估：B+
辽宁大学,工商管理,学科评估：B+
辽宁大学,马克思主义理论,学科评估：B+
辽宁大学,法学,学科评估：B+
辽宁大学,经济学,学科评估：B+
辽宁大学,理论经济学,学科评估：B
辽宁大学,哲学,学科评估：B-
辽宁大学,统计学,学科评估：B-
辽宁大学,中国语言文学,学科评估：B-
辽宁大学,公共管理,学科评估：B-
辽宁大学,新闻传播学,学科评估：C+
辽宁大学,化学,学科评估：C+
辽宁大学,生态学,学科评估：C
辽宁大学,戏剧与影视学,学科评估：C
辽宁大学,外国语言文学,学科评估：C
辽宁大学,政治学,学科评估：C
辽宁大学,物理学,学科评估：C
辽宁大学,数学,学科评估：C-
辽宁大学,中国史,学科评估：C-
辽宁大学,世界史,学科评估：C-
辽宁大学,生物学,学科评估：C-
辽宁大学,图书情报与档案管理,学科评估：C-
西南交通大学,交通运输工程,学科评估：A+
西南交通大学,土木工程,学科评估：A-
西南交通大学,电气工程,学科评估：B+
西南交通大学,管理科学与工程,学科评估：B+
西南交通大学,机械工程,学科评估：B+
西南交通大学,计算机科学与技术,学科评估：B+
西南交通大学,信息与通信工程,学科评估：B+
西南交通大学,工商管理,学科评估：B+
西南交通大学,马克思主义理论,学科评估：B+
西南交通大学,力学,学科评估：B
西南交通大学,材料科学与工程,学科评估：B
西南交通大学,测绘科学与技术,学科评估：B
西南交通大学,电子科学与技术,学科评估：B-
西南交通大学,软件工程,学科评估：B-
西南交通大学,控制科学与工程,学科评估：B-
西南交通大学,建筑学,学科评估：B-
西南交通大学,城乡规划学,学科评估：C+
西南交通大学,物理学,学科评估：C+
西南交通大学,地质资源与地质工程,学科评估：C+
西南交通大学,公共管理,学科评估：C+
西南交通大学,外国语言文学,学科评估：C+
西南交通大学,设计学,学科评估：C+
西南交通大学,统计学,学科评估：C
西南交通大学,中国语言文学,学科评估：C
西南交通大学,环境科学与工程,学科评估：C
西南交通大学,生物医学工程,学科评估：C
西南交通大学,数学,学科评估：C
西南交通大学,药学,学科评估：C-
北京师范大学,地理学,学科评估：A+
北京师范大学,中国语言文学,学科评估：A+
北京师范大学,中国史,学科评估：A+
北京师范大学,戏剧与影视学,学科评估：A+
北京师范大学,教育学,学科评估：A+
北京师范大学,心理学,学科评估：A+
北京师范大学,环境科学与工程,学科评估：A
北京师范大学,数学,学科评估：A
北京师范大学,统计学,学科评估：A-
北京师范大学,理论经济学,学科评估：A-
北京师范大学,外国语言文学,学科评估：A-
北京师范大学,公共管理,学科评估：A-
北京师范大学,生态学,学科评估：A-
北京师范大学,马克思主义理论,学科评估：A-
北京师范大学,哲学,学科评估：A-
北京师范大学,化学,学科评估：B+
北京师范大学,艺术学理论,学科评估：B+
北京师范大学,法学,学科评估：B+
北京师范大学,体育学,学科评估：B+
北京师范大学,生物学,学科评估：B+
北京师范大学,物理学,学科评估：B+
北京师范大学,世界史,学科评估：B+
北京师范大学,工商管理,学科评估：B
北京师范大学,计算机科学与技术,学科评估：B
北京师范大学,政治学,学科评估：B-
北京师范大学,社会学,学科评估：B-
北京师范大学,系统科学,学科评估：B-
北京师范大学,测绘科学与技术,学科评估：C+
北京师范大学,新闻传播学,学科评估：C+
北京师范大学,图书情报与档案管理,学科评估：C+
北京师范大学,音乐与舞蹈学,学科评估：C+
北京师范大学,水利工程,学科评估：C+
北京师范大学,经济学,学科评估：C+
北京师范大学,核科学与技术,学科评估：C
北京师范大学,考古学,学科评估：C-
北京师范大学,美术学,学科评估：C-
北京师范大学,天文学,学科评估：C-
对外经济贸易大学,经济学,学科评估：A
对外经济贸易大学,工商管理,学科评估：A
对外经济贸易大学,外国语言文学,学科评估：A-
对外经济贸易大学,法学,学科评估：A-
对外经济贸易大学,统计学,学科评估：B+
对外经济贸易大学,理论经济学,学科评估：B
对外经济贸易大学,政治学,学科评估：B
对外经济贸易大学,公共管理,学科评估：B
河北大学,中国语言文学,学科评估：B
河北大学,新闻传播学,学科评估：B
河北大学,马克思主义理论,学科评估：B-
河北大学,光学工程,学科评估：B-
河北大学,中国史,学科评估：B-
河北大学,生物学,学科评估：B-
河北大学,教育学,学科评估：B-
河北大学,化学,学科评估：B-
河北大学,计算机科学与技术,学科评估：C+
河北大学,软件工程,学科评估：C+
河北大学,管理科学与工程,学科评估：C+
河北大学,理论经济学,学科评估：C+
河北大学,哲学,学科评估：C+
河北大学,法学,学科评估：C+
河北大学,图书情报与档案管理,学科评估：C
河北大学,生态学,学科评估：C
河北大学,经济学,学科评估：C
河北大学,公共管理,学科评估：C
河北大学,统计学,学科评估：C
河北大学,临床医学,学科评估：C-
河北大学,工商管理,学科评估：C-
河北大学,仪器科学与技术,学科评估：C-
河北大学,美术学,学科评估：C-
河北大学,电子科学与技术,学科评估：C-
河北大学,外国语言文学,学科评估：C-
河北大学,数学,学科评估：C-
河北科技大学,化学工程与技术,学科评估：C+
河北科技大学,环境科学与工程,学科评估：C
河北经贸大学,工商管理,学科评估：C+
河北经贸大学,经济学,学科评估：C+
河北经贸大学,法学,学科评估：C
河北经贸大学,统计学,学科评估：C
西安电子科技大学,电子科学与技术,学科评估：A+
西安电子科技大学,信息与通信工程,学科评估：A
西安电子科技大学,计算机科学与技术,学科评估：A-
西安电子科技大学,控制科学与工程,学科评估：B+
西安电子科技大学,软件工程,学科评估：B+
西安电子科技大学,机械工程,学科评估：B+
西安电子科技大学,光学工程,学科评估：B
西安电子科技大学,仪器科学与技术,学科评估：B
西安电子科技大学,管理科学与工程,学科评估：B-
西安电子科技大学,生物医学工程,学科评估：C+
西安电子科技大学,材料科学与工程,学科评估：C+
湖南师范大学,教育学,学科评估：B+
湖南师范大学,数学,学科评估：B+
湖南师范大学,外国语言文学,学科评估：B+
湖南师范大学,地理学,学科评估：B
湖南师范大学,哲学,学科评估：B
湖南师范大学,马克思主义理论,学科评估：B
湖南师范大学,新闻传播学,学科评估：B
湖南师范大学,法学,学科评估：B
湖南师范大学,体育学,学科评估：B
湖南师范大学,化学,学科评估：B
湖南师范大学,美术学,学科评估：B
湖南师范大学,生物学,学科评估：B
湖南师范大学,物理学,学科评估：B
湖南师范大学,中国语言文学,学科评估：B
湖南师范大学,音乐与舞蹈学,学科评估：B
湖南师范大学,生态学,学科评估：B-
湖南师范大学,政治学,学科评估：B-
湖南师范大学,心理学,学科评估：B-
湖南师范大学,中国史,学科评估：B-
湖南师范大学,统计学,学科评估：C+
湖南师范大学,理论经济学,学科评估：C+
湖南师范大学,设计学,学科评估：C
湖南师范大学,世界史,学科评估：C-
湖南师范大学,社会学,学科评估：C-
湖南师范大学,基础医学,学科评估：C-
南开大学,理论经济学,学科评估：A
南开大学,数学,学科评估：A
南开大学,工商管理,学科评估：A
南开大学,统计学,学科评估：A
南开大学,化学,学科评估：A
南开大学,政治学,学科评估：A-
南开大学,马克思主义理论,学科评估：A-
南开大学,经济学,学科评估：A-
南开大学,世界史,学科评估：A-
南开大学,生物学,学科评估：A-
南开大学,中国史,学科评估：A-
南开大学,环境科学与工程,学科评估：A-
南开大学,物理学,学科评估：A-
南开大学,中国语言文学,学科评估：A-
南开大学,公共管理,学科评估：B+
南开大学,法学,学科评估：B+
南开大学,图书情报与档案管理,学科评估：B+
南开大学,生态学,学科评估：B+
南开大学,计算机科学与技术,学科评估：B+
南开大学,社会学,学科评估：B+
南开大学,哲学,学科评估：B+
南开大学,光学工程,学科评估：B+
南开大学,外国语言文学,学科评估：B+
南开大学,电子科学与技术,学科评估：B
南开大学,药学,学科评估：B
南开大学,材料科学与工程,学科评估：B
南开大学,软件工程,学科评估：B
南开大学,管理科学与工程,学科评估：B
南开大学,控制科学与工程,学科评估：B
南开大学,考古学,学科评估：B-
南开大学,基础医学,学科评估：B-
南开大学,临床医学,学科评估：B-
南开大学,信息与通信工程,学科评估：C
南开大学,新闻传播学,学科评估：C-
南开大学,口腔医学,学科评估：C-
天津大学,化学工程与技术,学科评估：A+
天津大学,光学工程,学科评估：A
天津大学,仪器科学与技术,学科评估：A
天津大学,机械工程,学科评估：A
天津大学,管理科学与工程,学科评估：A
天津大学,土木工程,学科评估：A-
天津大学,城乡规划学,学科评估：A-
天津大学,材料科学与工程,学科评估：A-
天津大学,水利工程,学科评估：A-
天津大学,力学,学科评估：A-
天津大学,软件工程,学科评估：A-
天津大学,建筑学,学科评估：A-
天津大学,环境科学与工程,学科评估：A-
天津大学,动力工程及工程热物理,学科评估：A-
天津大学,风景园林学,学科评估：B+
天津大学,控制科学与工程,学科评估：B+
天津大学,电气工程,学科评估：B+
天津大学,电子科学与技术,学科评估：B+
天津大学,公共管理,学科评估：B+
天津大学,生物医学工程,学科评估：B+
天津大学,计算机科学与技术,学科评估：B+
天津大学,工商管理,学科评估：B+
天津大学,信息与通信工程,学科评估：B+
天津大学,教育学,学科评估：B
天津大学,船舶与海洋工程,学科评估：B
中国海洋大学,海洋科学,学科评估：A+
中国海洋大学,水产,学科评估：A+
中国海洋大学,食品科学与工程,学科评估：B+
中国海洋大学,药学,学科评估：B+
中国海洋大学,生物学,学科评估：B+
中国海洋大学,环境科学与工程,学科评估：B+
中国海洋大学,生态学,学科评估：B
中国海洋大学,工商管理,学科评估：B
中国海洋大学,计算机科学与技术,学科评估：B
中国海洋大学,水利工程,学科评估：B
中国海洋大学,经济学,学科评估：B
中国海洋大学,外国语言文学,学科评估：B
中国海洋大学,软件工程,学科评估：B
中国海洋大学,法学,学科评估：B
中国海洋大学,大气科学,学科评估：C+
中国海洋大学,地理学,学科评估：C+
中国海洋大学,数学,学科评估：C+
中国海洋大学,公共管理,学科评估：C+
中国海洋大学,农林经济管理,学科评估：C+
中国海洋大学,化学工程与技术,学科评估：C
中国海洋大学,材料科学与工程,学科评估：C
中国海洋大学,化学,学科评估：C
中国海洋大学,政治学,学科评估：C
中国海洋大学,中国语言文学,学科评估：C
中国海洋大学,信息与通信工程,学科评估：C
中国海洋大学,地质学,学科评估：C-
中国海洋大学,光学工程,学科评估：C-
中国海洋大学,物理学,学科评估：C-
中国海洋大学,地质资源与地质工程,学科评估：C-
中国海洋大学,控制科学与工程,学科评估：C-
中国海洋大学,土木工程,学科评估：C-
郑州大学,考古学,学科评估：B+
郑州大学,化学工程与技术,学科评估：B+
郑州大学,化学,学科评估：B+
郑州大学,公共管理,学科评估：B+
郑州大学,材料科学与工程,学科评估：B+
郑州大学,水利工程,学科评估：B+
郑州大学,马克思主义理论,学科评估：B+
郑州大学,法学,学科评估：B
郑州大学,土木工程,学科评估：B
郑州大学,药学,学科评估：B
郑州大学,数学,学科评估：B
郑州大学,新闻传播学,学科评估：B
郑州大学,临床医学,学科评估：B
郑州大学,软件工程,学科评估：B
郑州大学,基础医学,学科评估：B-
郑州大学,图书情报与档案管理,学科评估：B-
郑州大学,中国史,学科评估：B-
郑州大学,外国语言文学,学科评估：B-
郑州大学,物理学,学科评估：B-
郑州大学,中国语言文学,学科评估：C+
郑州大学,计算机科学与技术,学科评估：C+
郑州大学,信息与通信工程,学科评估：C+
郑州大学,体育学,学科评估：C+
郑州大学,经济学,学科评估：C+
郑州大学,世界史,学科评估：C+
郑州大学,控制科学与工程,学科评估：C+
郑州大学,公共卫生与预防医学,学科评估：C+
郑州大学,工商管理,学科评估：C+
郑州大学,护理学,学科评估：C+
郑州大学,动力工程及工程热物理,学科评估：C+
郑州大学,环境科学与工程,学科评估：C
郑州大学,机械工程,学科评估：C
郑州大学,管理科学与工程,学科评估：C
郑州大学,生物学,学科评估：C
郑州大学,力学,学科评估：C
郑州大学,政治学,学科评估：C
郑州大学,电气工程,学科评估：C
郑州大学,统计学,学科评估：C
郑州大学,城乡规划学,学科评估：C-
郑州大学,音乐与舞蹈学,学科评估：C-
郑州大学,建筑学,学科评估：C-
郑州大学,电子科学与技术,学科评估：C-
郑州大学,安全科学与工程,学科评估：C-
合肥工业大学,管理科学与工程,学科评估：A
合肥工业大学,仪器科学与技术,学科评估：B+
合肥工业大学,机械工程,学科评估：B+
合肥工业大学,计算机科学与技术,学科评估：B+
合肥工业大学,工商管理,学科评估：B+
合肥工业大学,马克思主义理论,学科评估：B+
合肥工业大学,电气工程,学科评估：B
合肥工业大学,软件工程,学科评估：B
合肥工业大学,土木工程,学科评估：B
合肥工业大学,材料科学与工程,学科评估：B
合肥工业大学,食品科学与工程,学科评估：B
合肥工业大学,化学工程与技术,学科评估：B
合肥工业大学,数学,学科评估：B-
合肥工业大学,信息与通信工程,学科评估：B-
合肥工业大学,建筑学,学科评估：B-
合肥工业大学,电子科学与技术,学科评估：B-
合肥工业大学,控制科学与工程,学科评估：B-
合肥工业大学,城乡规划学,学科评估：C+
合肥工业大学,地质学,学科评估：C+
合肥工业大学,环境科学与工程,学科评估：C+
合肥工业大学,动力工程及工程热物理,学科评估：C-
合肥工业大学,光学工程,学科评估：C-
合肥工业大学,力学,学科评估：C-
合肥工业大学,生物学,学科评估：C-
合肥工业大学,水利工程,学科评估：C-
中国科学技术大学,物理学,学科评估：A+
中国科学技术大学,地球物理学,学科评估：A+
中国科学技术大学,化学,学科评估：A+
中国科学技术大学,科学技术史,学科评估：A+
中国科学技术大学,安全科学与工程,学科评估：A+
中国科学技术大学,天文学,学科评估：A+
中国科学技术大学,核科学与技术,学科评估：A+
中国科学技术大学,生物学,学科评估：A
中国科学技术大学,数学,学科评估：A
中国科学技术大学,软件工程,学科评估：A-
中国科学技术大学,材料科学与工程,学科评估：A-
中国科学技术大学,计算机科学与技术,学科评估：A-
中国科学技术大学,管理科学与工程,学科评估：A-
中国科学技术大学,环境科学与工程,学科评估：A-
中国科学技术大学,统计学,学科评估：A-
中国科学技术大学,动力工程及工程热物理,学科评估：B+
中国科学技术大学,控制科学与工程,学科评估：B+
中国科学技术大学,仪器科学与技术,学科评估：B+
中国科学技术大学,力学,学科评估：B+
中国科学技术大学,生态学,学科评估：B+
中国科学技术大学,信息与通信工程,学科评估：B+
中国科学技术大学,工商管理,学科评估：B+
中国科学技术大学,地质学,学科评估：B
中国科学技术大学,电子科学与技术,学科评估：B
中国科学技术大学,公共管理,学科评估：B
中国科学技术大学,光学工程,学科评估：B-
中国科学技术大学,生物医学工程,学科评估：B-
中国科学技术大学,大气科学,学科评估：C-
安徽大学,法学,学科评估：B
安徽大学,经济学,学科评估：B
安徽大学,数学,学科评估：B
安徽大学,计算机科学与技术,学科评估：B
安徽大学,生态学,学科评估：B
安徽大学,新闻传播学,学科评估：B
安徽大学,统计学,学科评估：B
安徽大学,马克思主义理论,学科评估：B-
安徽大学,中国语言文学,学科评估：B-
安徽大学,软件工程,学科评估：B-
安徽大学,电子科学与技术,学科评估：B-
安徽大学,化学,学科评估：B-
安徽大学,哲学,学科评估：C+
安徽大学,外国语言文学,学科评估：C+
安徽大学,社会学,学科评估：C+
安徽大学,控制科学与工程,学科评估：C+
安徽大学,中国史,学科评估：C
安徽大学,材料科学与工程,学科评估：C
安徽大学,生物学,学科评估：C
安徽大学,理论经济学,学科评估：C
安徽大学,考古学,学科评估：C-
安徽大学,光学工程,学科评估：C-
安徽大学,物理学,学科评估：C-
安徽大学,环境科学与工程,学科评估：C-
安徽理工大学,安全科学与工程,学科评估：B
安徽理工大学,矿业工程,学科评估：B-
安徽理工大学,土木工程,学科评估：B-
安徽理工大学,环境科学与工程,学科评估：C+
安徽理工大学,化学工程与技术,学科评估：C
安徽理工大学,机械工程,学科评估：C
安徽理工大学,地质资源与地质工程,学科评估：C-
安徽工业大学,化学工程与技术,学科评估：C+
安徽工业大学,材料科学与工程,学科评估：C+
安徽工业大学,计算机科学与技术,学科评估：C
安徽工业大学,工商管理,学科评估：C
安徽工业大学,马克思主义理论,学科评估：C
安徽工业大学,管理科学与工程,学科评估：C
安徽工业大学,机械工程,学科评估：C
安徽工业大学,冶金工程,学科评估：C
安徽工业大学,经济学,学科评估：C-
安徽农业大学,生物学,学科评估：B
安徽农业大学,生态学,学科评估：B-
安徽农业大学,园艺学,学科评估：B-
安徽农业大学,植物保护,学科评估：C+
安徽农业大学,作物学,学科评估：C+
安徽农业大学,畜牧学,学科评估：C
安徽农业大学,林学,学科评估：C
安徽农业大学,农业资源与环境,学科评估：C-
安徽农业大学,风景园林学,学科评估：C-
安徽农业大学,食品科学与工程,学科评估：C-
济南大学,化学工程与技术,学科评估：B
济南大学,材料科学与工程,学科评估：B-
济南大学,计算机科学与技术,学科评估：B-
济南大学,临床医学,学科评估：C+
济南大学,工商管理,学科评估：C+
济南大学,环境科学与工程,学科评估：C+
济南大学,经济学,学科评估：C+
济南大学,中国语言文学,学科评估：C
济南大学,控制科学与工程,学科评估：C
济南大学,社会学,学科评估：C
济南大学,化学,学科评估：C
济南大学,机械工程,学科评估：C-
济南大学,物理学,学科评估：C-
济南大学,管理科学与工程,学科评估：C-
济南大学,土木工程,学科评估：C-
济南大学,药学,学科评估：C-
安徽医科大学,公共卫生与预防医学,学科评估：B
安徽医科大学,药学,学科评估：B
安徽医科大学,临床医学,学科评估：B-
安徽医科大学,护理学,学科评估：C+
安徽医科大学,基础医学,学科评估：C+
安徽医科大学,口腔医学,学科评估：C
安徽医科大学,生物学,学科评估：C-
安徽医科大学,心理学,学科评估：C-
安徽医科大学,公共管理,学科评估：C-
同济大学,管理科学与工程,学科评估：A+
同济大学,土木工程,学科评估：A+
同济大学,城乡规划学,学科评估：A+
同济大学,环境科学与工程,学科评估：A+
同济大学,设计学,学科评估：A
同济大学,数学,学科评估：A-
同济大学,交通运输工程,学科评估：A-
同济大学,计算机科学与技术,学科评估：A-
同济大学,机械工程,学科评估：A-
同济大学,软件工程,学科评估：A-
同济大学,建筑学,学科评估：A-
同济大学,风景园林学,学科评估：A-
同济大学,测绘科学与技术,学科评估：B+
同济大学,马克思主义理论,学科评估：B+
同济大学,工商管理,学科评估：B+
同济大学,材料科学与工程,学科评估：B+
同济大学,公共管理,学科评估：B+
同济大学,外国语言文学,学科评估：B+
同济大学,化学,学科评估：B+
同济大学,力学,学科评估：B+
同济大学,生物学,学科评估：B+
同济大学,控制科学与工程,学科评估：B+
同济大学,物理学,学科评估：B+
同济大学,海洋科学,学科评估：B+
同济大学,临床医学,学科评估：B
同济大学,基础医学,学科评估：B
同济大学,经济学,学科评估：B
同济大学,地质资源与地质工程,学科评估：B
同济大学,哲学,学科评估：B
同济大学,动力工程及工程热物理,学科评估：B
同济大学,法学,学科评估：B
同济大学,生物医学工程,学科评估：B-
同济大学,政治学,学科评估：B-
同济大学,口腔医学,学科评估：B-
同济大学,地球物理学,学科评估：C+
同济大学,电气工程,学科评估：C+
同济大学,教育学,学科评估：C+
同济大学,信息与通信工程,学科评估：C+
同济大学,新闻传播学,学科评估：C
同济大学,水利工程,学科评估：C
同济大学,公共卫生与预防医学,学科评估：C-
同济大学,中国语言文学,学科评估：C-
同济大学,药学,学科评估：C-
同济大学,体育学,学科评估：C-
新疆大学,马克思主义理论,学科评估：B
新疆大学,数学,学科评估：B
新疆大学,化学工程与技术,学科评估：B-
新疆大学,中国语言文学,学科评估：B-
新疆大学,理论经济学,学科评估：B-
新疆大学,化学,学科评估：B-
新疆大学,计算机科学与技术,学科评估：B-
新疆大学,法学,学科评估：C+
新疆大学,电气工程,学科评估：C+
新疆大学,生物学,学科评估：C+
新疆大学,软件工程,学科评估：C+
新疆大学,机械工程,学科评估：C+
新疆大学,生态学,学科评估：C+
新疆大学,地理学,学科评估：C+
新疆大学,新闻传播学,学科评估：C-
新疆大学,政治学,学科评估：C-
上海大学,美术学,学科评估：A-
上海大学,社会学,学科评估：A-
上海大学,戏剧与影视学,学科评估：B+
上海大学,新闻传播学,学科评估：B+
上海大学,数学,学科评估：B+
上海大学,机械工程,学科评估：B+
上海大学,材料科学与工程,学科评估：B+
上海大学,力学,学科评估：B+
上海大学,马克思主义理论,学科评估：B+
上海大学,计算机科学与技术,学科评估：B
上海大学,信息与通信工程,学科评估：B
上海大学,图书情报与档案管理,学科评估：B
上海大学,冶金工程,学科评估：B
上海大学,设计学,学科评估：B
上海大学,经济学,学科评估：B
上海大学,管理科学与工程,学科评估：B
上海大学,环境科学与工程,学科评估：B
上海大学,控制科学与工程,学科评估：B
上海大学,物理学,学科评估：B
上海大学,中国语言文学,学科评估：B
上海大学,工商管理,学科评估：B-
上海大学,外国语言文学,学科评估：B-
上海大学,土木工程,学科评估：B-
上海大学,世界史,学科评估：B-
上海大学,软件工程,学科评估：B-
上海大学,法学,学科评估：C+
上海大学,化学工程与技术,学科评估：C+
上海大学,中国史,学科评估：C+
上海大学,电气工程,学科评估：C+
上海大学,电子科学与技术,学科评估：C+
上海大学,化学,学科评估：C+
上海大学,哲学,学科评估：C
上海大学,统计学,学科评估：C
上海大学,仪器科学与技术,学科评估：C
上海大学,生物学,学科评估：C
上海大学,理论经济学,学科评估：C-
南京航空航天大学,管理科学与工程,学科评估：A-
南京航空航天大学,机械工程,学科评估：A-
南京航空航天大学,力学,学科评估：A-
南京航空航天大学,控制科学与工程,学科评估：B+
南京航空航天大学,航空宇航科学与技术,学科评估：B+
南京航空航天大学,软件工程,学科评估：B+
南京航空航天大学,电气工程,学科评估：B+
南京航空航天大学,计算机科学与技术,学科评估：B+
南京航空航天大学,马克思主义理论,学科评估：B
南京航空航天大学,工商管理,学科评估：B
南京航空航天大学,信息与通信工程,学科评估：B
南京航空航天大学,交通运输工程,学科评估：B
南京航空航天大学,材料科学与工程,学科评估：B
南京航空航天大学,动力工程及工程热物理,学科评估：B
南京航空航天大学,仪器科学与技术,学科评估：B-
南京航空航天大学,数学,学科评估：B-
南京航空航天大学,光学工程,学科评估：C+
南京航空航天大学,物理学,学科评估：C+
南京航空航天大学,外国语言文学,学科评估：C+
南京航空航天大学,土木工程,学科评估：C
南京航空航天大学,电子科学与技术,学科评估：C
南京航空航天大学,化学,学科评估：C
南京航空航天大学,生物医学工程,学科评估：C-
南京航空航天大学,核科学与技术,学科评估：C-
天津医科大学,基础医学,学科评估：B+
天津医科大学,护理学,学科评估：B
天津医科大学,药学,学科评估：B
天津医科大学,临床医学,学科评估：B
天津医科大学,口腔医学,学科评估：B-
天津医科大学,公共卫生与预防医学,学科评估：B-
天津医科大学,中西医结合,学科评估：B-
天津医科大学,生物医学工程,学科评估：C+
天津师范大学,政治学,学科评估：B+
天津师范大学,世界史,学科评估：B+
天津师范大学,心理学,学科评估：B+
天津师范大学,马克思主义理论,学科评估：B+
天津师范大学,中国语言文学,学科评估：B
天津师范大学,教育学,学科评估：B
天津师范大学,中国史,学科评估：C+
天津师范大学,外国语言文学,学科评估：C+
天津师范大学,新闻传播学,学科评估：C+
天津师范大学,法学,学科评估：C
天津师范大学,物理学,学科评估：C
天津师范大学,生物学,学科评估：C
天津师范大学,化学,学科评估：C
天津师范大学,地理学,学科评估：C
天津师范大学,图书情报与档案管理,学科评估：C-
天津师范大学,数学,学科评估：C-
天津工业大学,纺织科学与工程,学科评估：A+
天津工业大学,材料科学与工程,学科评估：B-
天津工业大学,计算机科学与技术,学科评估：B-
天津工业大学,化学工程与技术,学科评估：C+
天津工业大学,控制科学与工程,学科评估：C+
天津工业大学,环境科学与工程,学科评估：C+
天津工业大学,软件工程,学科评估：C+
天津工业大学,机械工程,学科评估：C+
天津工业大学,信息与通信工程,学科评估：C
天津工业大学,管理科学与工程,学科评估：C
天津工业大学,电子科学与技术,学科评估：C
天津工业大学,设计学,学科评估：C
天津工业大学,工商管理,学科评估：C-
天津工业大学,经济学,学科评估：C-
天津理工大学,管理科学与工程,学科评估：B
天津理工大学,计算机科学与技术,学科评估：B
天津理工大学,软件工程,学科评估：B-
天津理工大学,材料科学与工程,学科评估：B-
天津理工大学,化学工程与技术,学科评估：C+
天津理工大学,控制科学与工程,学科评估：C+
天津理工大学,工商管理,学科评估：C
天津理工大学,电子科学与技术,学科评估：C
天津理工大学,信息与通信工程,学科评估：C-
天津理工大学,光学工程,学科评估：C-
天津理工大学,电气工程,学科评估：C-
天津科技大学,轻工技术与工程,学科评估：B+
天津科技大学,食品科学与工程,学科评估：B+
天津科技大学,化学工程与技术,学科评估：C+
天津科技大学,管理科学与工程,学科评估：C
天津科技大学,药学,学科评估：C
天津科技大学,机械工程,学科评估：C
天津科技大学,工商管理,学科评估：C-
天津科技大学,仪器科学与技术,学科评估：C-
天津科技大学,环境科学与工程,学科评估：C-
天津财经大学,经济学,学科评估：B+
天津财经大学,工商管理,学科评估：B+
天津财经大学,管理科学与工程,学科评估：B-
天津财经大学,理论经济学,学科评估：C+
天津财经大学,公共管理,学科评估：C
天津商业大学,工商管理,学科评估：C
天津商业大学,动力工程及工程热物理,学科评估：C-
天津商业大学,经济学,学科评估：C-
江南大学,轻工技术与工程,学科评估：A+
江南大学,食品科学与工程,学科评估：A+
江南大学,设计学,学科评估：A-
江南大学,化学工程与技术,学科评估：B+
江南大学,控制科学与工程,学科评估：B+
江南大学,软件工程,学科评估：B
江南大学,纺织科学与工程,学科评估：B
江南大学,计算机科学与技术,学科评估：B-
江南大学,美术学,学科评估：B-
江南大学,环境科学与工程,学科评估：B-
江南大学,马克思主义理论,学科评估：B-
江南大学,工商管理,学科评估：C+
江南大学,教育学,学科评估：C+
江南大学,药学,学科评估：C+
江南大学,机械工程,学科评估：C+
江南大学,光学工程,学科评估：C
江南大学,经济学,学科评估：C
江南大学,材料科学与工程,学科评估：C
天津外国语大学,外国语言文学,学科评估：B
天津外国语大学,中国语言文学,学科评估：C-
中国民航大学,控制科学与工程,学科评估：C+
中国民航大学,交通运输工程,学科评估：C+
中国民航大学,安全科学与工程,学科评估：C+
中国民航大学,计算机科学与技术,学科评估：C+
中国民航大学,信息与通信工程,学科评估：C
中国民航大学,航空宇航科学与技术,学科评估：C-
中国民航大学,数学,学科评估：C-
天津中医药大学,中药学,学科评估：A-
天津中医药大学,中医学,学科评估：B+
天津中医药大学,中西医结合,学科评估：B+
天津中医药大学,护理学,学科评估：C+
天津中医药大学,药学,学科评估：C+
天津职业技术师范大学,控制科学与工程,学科评估：C-
天津职业技术师范大学,教育学,学科评估：C-
天津职业技术师范大学,机械工程,学科评估：C-
天津城建大学,土木工程,学科评估：C+
天津城建大学,城乡规划学,学科评估：C
天津城建大学,管理科学与工程,学科评估：C-
天津体育学院,体育学,学科评估：A-
天津农学院,水产,学科评估：C
天津音乐学院,音乐与舞蹈学,学科评估：B+
天津美术学院,美术学,学科评估：B+
天津美术学院,设计学,学科评估：B-
广西大学,化学工程与技术,学科评估：B
广西大学,经济学,学科评估：B
广西大学,马克思主义理论,学科评估：B-
广西大学,生物学,学科评估：B-
广西大学,土木工程,学科评估：B-
广西大学,公共管理,学科评估：B-
广西大学,生态学,学科评估：B-
广西大学,计算机科学与技术,学科评估：B-
广西大学,畜牧学,学科评估：C+
广西大学,数学,学科评估：C+
广西大学,外国语言文学,学科评估：C+
广西大学,轻工技术与工程,学科评估：C+
广西大学,软件工程,学科评估：C+
广西大学,兽医学,学科评估：C+
广西大学,电气工程,学科评估：C+
广西大学,工商管理,学科评估：C+
广西大学,作物学,学科评估：C
广西大学,机械工程,学科评估：C
广西大学,环境科学与工程,学科评估：C
广西大学,物理学,学科评估：C
广西大学,中国语言文学,学科评估：C
广西大学,植物保护,学科评估：C
广西大学,新闻传播学,学科评估：C
广西大学,哲学,学科评估：C-
广西大学,法学,学科评估：C-
广西大学,统计学,学科评估：C-
广西大学,材料科学与工程,学科评估：C-
兰州大学,草学,学科评估：A+
兰州大学,生态学,学科评估：A
兰州大学,物理学,学科评估：B+
兰州大学,生物学,学科评估：B+
兰州大学,化学,学科评估：B+
兰州大学,公共管理,学科评估：B+
兰州大学,民族学,学科评估：B+
兰州大学,数学,学科评估：B+
兰州大学,地理学,学科评估：B+
兰州大学,马克思主义理论,学科评估：B+
兰州大学,中国史,学科评估：B
兰州大学,力学,学科评估：B
兰州大学,计算机科学与技术,学科评估：B
兰州大学,工商管理,学科评估：B
兰州大学,新闻传播学,学科评估：B-
兰州大学,基础医学,学科评估：B-
兰州大学,经济学,学科评估：B-
兰州大学,中国语言文学,学科评估：B-
兰州大学,大气科学,学科评估：B-
兰州大学,法学,学科评估：B-
兰州大学,电子科学与技术,学科评估：C+
兰州大学,核科学与技术,学科评估：C+
兰州大学,药学,学科评估：C+
兰州大学,材料科学与工程,学科评估：C+
兰州大学,外国语言文学,学科评估：C+
兰州大学,环境科学与工程,学科评估：C+
兰州大学,哲学,学科评估：C+
兰州大学,临床医学,学科评估：C+
兰州大学,社会学,学科评估：C
兰州大学,化学工程与技术,学科评估：C
兰州大学,信息与通信工程,学科评估：C-
兰州大学,地质学,学科评估：C-
兰州大学,口腔医学,学科评估：C-
兰州大学,畜牧学,学科评估：C-
兰州大学,理论经济学,学科评估：C-
华南师范大学,心理学,学科评估：A+
华南师范大学,体育学,学科评估：A-
华南师范大学,马克思主义理论,学科评估：A-
华南师范大学,教育学,学科评估：A-
华南师范大学,物理学,学科评估：B+
华南师范大学,数学,学科评估：B+
华南师范大学,中国语言文学,学科评估：B
华南师范大学,化学,学科评估：B
华南师范大学,地理学,学科评估：B
华南师范大学,生物学,学科评估：B-
华南师范大学,生态学,学科评估：B-
华南师范大学,外国语言文学,学科评估：B-
华南师范大学,音乐与舞蹈学,学科评估：B-
华南师范大学,政治学,学科评估：B-
华南师范大学,理论经济学,学科评估：B-
华南师范大学,哲学,学科评估：B-
华南师范大学,世界史,学科评估：C+
华南师范大学,美术学,学科评估：C+
华南师范大学,经济学,学科评估：C+
华南师范大学,中国史,学科评估：C
华南师范大学,法学,学科评估：C-
四川大学,口腔医学,学科评估：A+
四川大学,中国语言文学,学科评估：A
四川大学,护理学,学科评估：A-
四川大学,数学,学科评估：A-
四川大学,化学工程与技术,学科评估：A-
四川大学,管理科学与工程,学科评估：A-
四川大学,工商管理,学科评估：A-
四川大学,药学,学科评估：A-
四川大学,临床医学,学科评估：A-
四川大学,生物医学工程,学科评估：A-
四川大学,软件工程,学科评估：A-
四川大学,材料科学与工程,学科评估：A-
四川大学,生物学,学科评估：A-
四川大学,马克思主义理论,学科评估：A-
四川大学,化学,学科评估：A-
四川大学,公共管理,学科评估：A-
四川大学,考古学,学科评估：B+
四川大学,法学,学科评估：B+
四川大学,新闻传播学,学科评估：B+
四川大学,水利工程,学科评估：B+
四川大学,计算机科学与技术,学科评估：B+
四川大学,基础医学,学科评估：B+
四川大学,外国语言文学,学科评估：B+
四川大学,中西医结合,学科评估：B+
四川大学,美术学,学科评估：B+
四川大学,中国史,学科评估：B+
四川大学,生态学,学科评估：B+
四川大学,环境科学与工程,学科评估：B+
四川大学,信息与通信工程,学科评估：B
四川大学,设计学,学科评估：B
四川大学,机械工程,学科评估：B
四川大学,轻工技术与工程,学科评估：B
四川大学,土木工程,学科评估：B
四川大学,世界史,学科评估：B
四川大学,理论经济学,学科评估：B
四川大学,公共卫生与预防医学,学科评估：B
四川大学,物理学,学科评估：B
四川大学,光学工程,学科评估：B
四川大学,哲学,学科评估：B
四川大学,艺术学理论,学科评估：B
四川大学,核科学与技术,学科评估：B-
四川大学,经济学,学科评估：B-
四川大学,力学,学科评估：B-
四川大学,政治学,学科评估：B-
四川大学,电气工程,学科评估：B-
四川大学,统计学,学科评估：B-
四川大学,城乡规划学,学科评估：C+
四川大学,动力工程及工程热物理,学科评估：C+
四川大学,仪器科学与技术,学科评估：C+
四川大学,社会学,学科评估：C+
四川大学,民族学,学科评估：C+
四川大学,食品科学与工程,学科评估：C+
四川大学,图书情报与档案管理,学科评估：C+
四川大学,风景园林学,学科评估：C
四川大学,控制科学与工程,学科评估：C
四川大学,系统科学,学科评估：C
四川大学,电子科学与技术,学科评估：C
四川大学,纺织科学与工程,学科评估：C-
四川农业大学,畜牧学,学科评估：A-
四川农业大学,作物学,学科评估：B+
四川农业大学,农业资源与环境,学科评估：B
四川农业大学,风景园林学,学科评估：B
四川农业大学,兽医学,学科评估：B
四川农业大学,林学,学科评估：B
四川农业大学,草学,学科评估：B
四川农业大学,农林经济管理,学科评估：B-
四川农业大学,生物学,学科评估：B-
四川农业大学,园艺学,学科评估：C+
四川农业大学,植物保护,学科评估：C
四川农业大学,食品科学与工程,学科评估：C
西南财经大学,经济学,学科评估：A-
西南财经大学,工商管理,学科评估：A-
西南财经大学,理论经济学,学科评估：B+
西南财经大学,法学,学科评估：B
西南财经大学,马克思主义理论,学科评估：B-
西南财经大学,公共管理,学科评估：B-
西南财经大学,管理科学与工程,学科评估：C+
西南财经大学,社会学,学科评估：C+
西南财经大学,计算机科学与技术,学科评估：C-
厦门大学,海洋科学,学科评估：A+
厦门大学,统计学,学科评估：A
厦门大学,经济学,学科评估：A
厦门大学,工商管理,学科评估：A
厦门大学,化学,学科评估：A
厦门大学,生物学,学科评估：A-
厦门大学,法学,学科评估：A-
厦门大学,外国语言文学,学科评估：B+
厦门大学,理论经济学,学科评估：B+
厦门大学,戏剧与影视学,学科评估：B+
厦门大学,政治学,学科评估：B+
厦门大学,计算机科学与技术,学科评估：B+
厦门大学,公共管理,学科评估：B+
厦门大学,数学,学科评估：B+
厦门大学,环境科学与工程,学科评估：B+
厦门大学,生态学,学科评估：B+
厦门大学,新闻传播学,学科评估：B+
厦门大学,中国史,学科评估：B+
厦门大学,教育学,学科评估：B+
厦门大学,物理学,学科评估：B+
厦门大学,化学工程与技术,学科评估：B+
厦门大学,马克思主义理论,学科评估：B
厦门大学,信息与通信工程,学科评估：B
厦门大学,材料科学与工程,学科评估：B
厦门大学,电子科学与技术,学科评估：B
厦门大学,社会学,学科评估：B
厦门大学,世界史,学科评估：B
厦门大学,软件工程,学科评估：B
厦门大学,管理科学与工程,学科评估：B
厦门大学,仪器科学与技术,学科评估：B
厦门大学,中国语言文学,学科评估：B
厦门大学,哲学,学科评估：B
厦门大学,机械工程,学科评估：B-
厦门大学,药学,学科评估：B-
厦门大学,控制科学与工程,学科评估：B-
厦门大学,民族学,学科评估：B-
厦门大学,公共卫生与预防医学,学科评估：B-
厦门大学,音乐与舞蹈学,学科评估：B-
厦门大学,艺术学理论,学科评估：C+
厦门大学,考古学,学科评估：C+
厦门大学,建筑学,学科评估：C+
厦门大学,基础医学,学科评估：C+
厦门大学,临床医学,学科评估：C
厦门大学,光学工程,学科评估：C
厦门大学,美术学,学科评估：C
厦门大学,土木工程,学科评估：C
厦门大学,生物医学工程,学科评估：C
厦门大学,中医学,学科评估：C-
厦门大学,力学,学科评估：C-
厦门大学,设计学,学科评估：C-
福州大学,化学,学科评估：A-
福州大学,管理科学与工程,学科评估：B+
福州大学,工商管理,学科评估：B+
福州大学,土木工程,学科评估：B
福州大学,数学,学科评估：B
福州大学,机械工程,学科评估：B
福州大学,化学工程与技术,学科评估：B
福州大学,法学,学科评估：B-
福州大学,电气工程,学科评估：B-
福州大学,软件工程,学科评估：B-
福州大学,电子科学与技术,学科评估：B-
福州大学,计算机科学与技术,学科评估：B-
福州大学,马克思主义理论,学科评估：C+
福州大学,信息与通信工程,学科评估：C+
福州大学,设计学,学科评估：C+
福州大学,材料科学与工程,学科评估：C+
福州大学,城乡规划学,学科评估：C
福州大学,食品科学与工程,学科评估：C
福州大学,公共管理,学科评估：C
福州大学,美术学,学科评估：C
福州大学,环境科学与工程,学科评估：C
福州大学,建筑学,学科评估：C
福州大学,生物学,学科评估：C-
福州大学,外国语言文学,学科评估：C-
中山大学,工商管理,学科评估：A+
中山大学,生态学,学科评估：A+
中山大学,公共管理,学科评估：A
中山大学,马克思主义理论,学科评估：A
中山大学,化学,学科评估：A-
中山大学,临床医学,学科评估：A-
中山大学,药学,学科评估：A-
中山大学,数学,学科评估：A-
中山大学,基础医学,学科评估：A-
中山大学,生物学,学科评估：A-
中山大学,中国史,学科评估：A-
中山大学,物理学,学科评估：A-
中山大学,中国语言文学,学科评估：A-
中山大学,哲学,学科评估：A-
中山大学,法学,学科评估：B+
中山大学,图书情报与档案管理,学科评估：B+
中山大学,地理学,学科评估：B+
中山大学,计算机科学与技术,学科评估：B+
中山大学,民族学,学科评估：B+
中山大学,经济学,学科评估：B+
中山大学,社会学,学科评估：B+
中山大学,外国语言文学,学科评估：B+
中山大学,理论经济学,学科评估：B+
中山大学,公共卫生与预防医学,学科评估：B+
中山大学,口腔医学,学科评估：B+
中山大学,环境科学与工程,学科评估：B+
中山大学,海洋科学,学科评估：B+
中山大学,新闻传播学,学科评估：B
中山大学,材料科学与工程,学科评估：B
中山大学,电子科学与技术,学科评估：B
中山大学,软件工程,学科评估：B
中山大学,管理科学与工程,学科评估：B
中山大学,政治学,学科评估：B
中山大学,统计学,学科评估：B
中山大学,考古学,学科评估：B
中山大学,护理学,学科评估：B
中山大学,心理学,学科评估：B-
中山大学,信息与通信工程,学科评估：B-
中山大学,光学工程,学科评估：B-
中山大学,生物医学工程,学科评估：B-
中山大学,世界史,学科评估：B-
中山大学,力学,学科评估：B-
中山大学,大气科学,学科评估：C
中山大学,地质学,学科评估：C
中山大学,化学工程与技术,学科评估：C
中山大学,中西医结合,学科评估：C
中山大学,交通运输工程,学科评估：C
中山大学,水利工程,学科评估：C
华南理工大学,轻工技术与工程,学科评估：A+
华南理工大学,建筑学,学科评估：A-
华南理工大学,管理科学与工程,学科评估：A-
华南理工大学,材料科学与工程,学科评估：A-
华南理工大学,机械工程,学科评估：A-
华南理工大学,食品科学与工程,学科评估：A-
华南理工大学,化学工程与技术,学科评估：A-
华南理工大学,环境科学与工程,学科评估：A-
华南理工大学,土木工程,学科评估：B+
华南理工大学,城乡规划学,学科评估：B+
华南理工大学,工商管理,学科评估：B+
华南理工大学,信息与通信工程,学科评估：B+
华南理工大学,计算机科学与技术,学科评估：B+
华南理工大学,数学,学科评估：B+
华南理工大学,生物医学工程,学科评估：B+
华南理工大学,软件工程,学科评估：B+
华南理工大学,控制科学与工程,学科评估：B+
华南理工大学,风景园林学,学科评估：B+
华南理工大学,马克思主义理论,学科评估：B
华南理工大学,电子科学与技术,学科评估：B
华南理工大学,化学,学科评估：B
华南理工大学,电气工程,学科评估：B
华南理工大学,新闻传播学,学科评估：B-
华南理工大学,交通运输工程,学科评估：B-
华南理工大学,外国语言文学,学科评估：B-
华南理工大学,公共管理,学科评估：B-
华南理工大学,生物学,学科评估：B-
华南理工大学,法学,学科评估：B-
华南理工大学,动力工程及工程热物理,学科评估：C+
华南理工大学,物理学,学科评估：C+
华南理工大学,力学,学科评估：C+
华南理工大学,安全科学与工程,学科评估：C+
华南理工大学,水利工程,学科评估：C-
暨南大学,新闻传播学,学科评估：A-
暨南大学,中国语言文学,学科评估：B+
暨南大学,生物学,学科评估：B+
暨南大学,经济学,学科评估：B+
暨南大学,工商管理,学科评估：B+
暨南大学,政治学,学科评估：B
暨南大学,计算机科学与技术,学科评估：B
暨南大学,中药学,学科评估：B
暨南大学,中国史,学科评估：B
暨南大学,生物医学工程,学科评估：B-
暨南大学,生态学,学科评估：B-
暨南大学,基础医学,学科评估：B-
暨南大学,药学,学科评估：B-
暨南大学,外国语言文学,学科评估：B-
暨南大学,理论经济学,学科评估：B-
暨南大学,统计学,学科评估：B-
暨南大学,法学,学科评估：B-
暨南大学,管理科学与工程,学科评估：B-
暨南大学,中西医结合,学科评估：C+
暨南大学,食品科学与工程,学科评估：C+
暨南大学,数学,学科评估：C+
暨南大学,公共管理,学科评估：C+
暨南大学,化学,学科评估：C+
暨南大学,环境科学与工程,学科评估：C+
暨南大学,世界史,学科评估：C+
暨南大学,力学,学科评估：C+
暨南大学,光学工程,学科评估：C+
暨南大学,临床医学,学科评估：C+
暨南大学,信息与通信工程,学科评估：C
暨南大学,材料科学与工程,学科评估：C-
西北工业大学,航空宇航科学与技术,学科评估：A+
西北工业大学,材料科学与工程,学科评估：A
西北工业大学,计算机科学与技术,学科评估：A-
西北工业大学,管理科学与工程,学科评估：B+
西北工业大学,电子科学与技术,学科评估：B+
西北工业大学,力学,学科评估：B+
西北工业大学,软件工程,学科评估：B+
西北工业大学,机械工程,学科评估：B+
西北工业大学,控制科学与工程,学科评估：B+
西北工业大学,兵器科学与技术,学科评估：B
西北工业大学,信息与通信工程,学科评估：B
西北工业大学,数学,学科评估：B
西北工业大学,电气工程,学科评估：B
西北工业大学,物理学,学科评估：B
西北工业大学,设计学,学科评估：B-
西北工业大学,船舶与海洋工程,学科评估：B-
西北工业大学,交通运输工程,学科评估：B-
西北工业大学,仪器科学与技术,学科评估：B-
西北工业大学,化学,学科评估：B-
西北工业大学,光学工程,学科评估：B-
西北工业大学,动力工程及工程热物理,学科评估：B-
西北工业大学,工商管理,学科评估：B-
西北工业大学,生物医学工程,学科评估：C+
西北工业大学,生物学,学科评估：C-
西北工业大学,土木工程,学科评估：C-
西北工业大学,公共管理,学科评估：C-
南昌大学,食品科学与工程,学科评估：A
南昌大学,材料科学与工程,学科评估：B-
南昌大学,化学工程与技术,学科评估：B-
南昌大学,临床医学,学科评估：B-
南昌大学,机械工程,学科评估：B-
南昌大学,新闻传播学,学科评估：B-
南昌大学,公共管理,学科评估：B-
南昌大学,化学,学科评估：B-
南昌大学,管理科学与工程,学科评估：B-
南昌大学,生物学,学科评估：B-
南昌大学,环境科学与工程,学科评估：B-
南昌大学,物理学,学科评估：C+
南昌大学,计算机科学与技术,学科评估：C+
南昌大学,数学,学科评估：C+
南昌大学,基础医学,学科评估：C+
南昌大学,经济学,学科评估：C+
南昌大学,哲学,学科评估：C+
南昌大学,中国语言文学,学科评估：C+
南昌大学,设计学,学科评估：C
南昌大学,生态学,学科评估：C
南昌大学,药学,学科评估：C
南昌大学,工商管理,学科评估：C
南昌大学,信息与通信工程,学科评估：C
南昌大学,护理学,学科评估：C-
南昌大学,中国史,学科评估：C-
南昌大学,力学,学科评估：C-
南昌大学,外国语言文学,学科评估：C-
南昌大学,水利工程,学科评估：C-
东南大学,土木工程,学科评估：A+
东南大学,生物医学工程,学科评估：A+
东南大学,交通运输工程,学科评估：A+
东南大学,艺术学理论,学科评估：A+
东南大学,建筑学,学科评估：A+
东南大学,电子科学与技术,学科评估：A
东南大学,仪器科学与技术,学科评估：A-
东南大学,城乡规划学,学科评估：A-
东南大学,信息与通信工程,学科评估：A-
东南大学,管理科学与工程,学科评估：A-
东南大学,控制科学与工程,学科评估：A-
东南大学,风景园林学,学科评估：A-
东南大学,软件工程,学科评估：B+
东南大学,计算机科学与技术,学科评估：B+
东南大学,机械工程,学科评估：B+
东南大学,经济学,学科评估：B+
东南大学,化学工程与技术,学科评估：B+
东南大学,哲学,学科评估：B+
东南大学,动力工程及工程热物理,学科评估：B+
东南大学,环境科学与工程,学科评估：B+
东南大学,电气工程,学科评估：B+
东南大学,设计学,学科评估：B
东南大学,工商管理,学科评估：B
东南大学,材料科学与工程,学科评估：B
东南大学,光学工程,学科评估：B
东南大学,力学,学科评估：B-
东南大学,公共管理,学科评估：B-
东南大学,测绘科学与技术,学科评估：C+
中国矿业大学,安全科学与工程,学科评估：A+
中国矿业大学,矿业工程,学科评估：A+
中国矿业大学,地质资源与地质工程,学科评估：A-
中国矿业大学,测绘科学与技术,学科评估：A-
中国矿业大学,化学工程与技术,学科评估：B+
中国矿业大学,管理科学与工程,学科评估：B+
中国矿业大学,土木工程,学科评估：B+
中国矿业大学,机械工程,学科评估：B+
中国矿业大学,环境科学与工程,学科评估：B
中国矿业大学,电气工程,学科评估：B
中国矿业大学,力学,学科评估：B
中国矿业大学,公共管理,学科评估：B
中国矿业大学,数学,学科评估：B
中国矿业大学,计算机科学与技术,学科评估：B
中国矿业大学,工商管理,学科评估：B-
中国矿业大学,马克思主义理论,学科评估：B-
中国矿业大学,信息与通信工程,学科评估：B-
中国矿业大学,控制科学与工程,学科评估：B-
中国矿业大学,地质学,学科评估：C+
中国矿业大学,外国语言文学,学科评估：C+
中国矿业大学,城乡规划学,学科评估：C
中国矿业大学,动力工程及工程热物理,学科评估：C
中国矿业大学,统计学,学科评估：C
中国矿业大学,经济学,学科评估：C
中国矿业大学,材料科学与工程,学科评估：C
中国矿业大学,物理学,学科评估：C-
中国矿业大学,软件工程,学科评估：C-
中国矿业大学,化学,学科评估：C-
南京大学,环境科学与工程,学科评估：A+
南京大学,计算机科学与技术,学科评估：A+
南京大学,图书情报与档案管理,学科评估：A+
南京大学,地理学,学科评估：A+
南京大学,天文学,学科评估：A+
南京大学,大气科学,学科评估：A+
南京大学,中国语言文学,学科评估：A+
南京大学,物理学,学科评估：A+
南京大学,地质学,学科评估：A+
南京大学,工商管理,学科评估：A+
南京大学,外国语言文学,学科评估：A+
南京大学,化学,学科评估：A+
南京大学,哲学,学科评估：A
南京大学,中国史,学科评估：A
南京大学,社会学,学科评估：A
南京大学,软件工程,学科评估：A
南京大学,生物学,学科评估：A
南京大学,法学,学科评估：A-
南京大学,生态学,学科评估：A-
南京大学,数学,学科评估：A-
南京大学,理论经济学,学科评估：A-
南京大学,电子科学与技术,学科评估：A-
南京大学,世界史,学科评估：B+
南京大学,城乡规划学,学科评估：B+
南京大学,新闻传播学,学科评估：B+
南京大学,马克思主义理论,学科评估：B+
南京大学,材料科学与工程,学科评估：B+
南京大学,经济学,学科评估：B+
南京大学,公共管理,学科评估：B+
南京大学,政治学,学科评估：B+
南京大学,管理科学与工程,学科评估：B+
南京大学,考古学,学科评估：B+
南京大学,信息与通信工程,学科评估：B
南京大学,地质资源与地质工程,学科评估：B
南京大学,建筑学,学科评估：B
南京大学,光学工程,学科评估：B
南京大学,统计学,学科评估：B-
南京大学,水利工程,学科评估：B-
南京大学,海洋科学,学科评估：C+
南京大学,生物医学工程,学科评估：C+
南京大学,控制科学与工程,学科评估：C
南京理工大学,兵器科学与技术,学科评估：A+
南京理工大学,化学工程与技术,学科评估：A-
南京理工大学,光学工程,学科评估：B+
南京理工大学,控制科学与工程,学科评估：B+
南京理工大学,机械工程,学科评估：B+
南京理工大学,计算机科学与技术,学科评估：B+
南京理工大学,环境科学与工程,学科评估：B
南京理工大学,管理科学与工程,学科评估：B
南京理工大学,软件工程,学科评估：B
南京理工大学,力学,学科评估：B
南京理工大学,电子科学与技术,学科评估：B
南京理工大学,材料科学与工程,学科评估：B
南京理工大学,信息与通信工程,学科评估：B
南京理工大学,数学,学科评估：B-
南京理工大学,马克思主义理论,学科评估：B-
南京理工大学,仪器科学与技术,学科评估：B-
南京理工大学,工商管理,学科评估：C+
南京理工大学,动力工程及工程热物理,学科评估：C+
南京理工大学,安全科学与工程,学科评估：C+
南京理工大学,设计学,学科评估：C+
南京理工大学,图书情报与档案管理,学科评估：C+
南京理工大学,电气工程,学科评估：C
南京理工大学,航空宇航科学与技术,学科评估：C
南京理工大学,物理学,学科评估：C-
南京理工大学,土木工程,学科评估：C-
南京理工大学,化学,学科评估：C-
南京理工大学,外国语言文学,学科评估：C-
南京农业大学,农业资源与环境,学科评估：A+
南京农业大学,植物保护,学科评估：A+
南京农业大学,农林经济管理,学科评估：A+
南京农业大学,作物学,学科评估：A+
南京农业大学,公共管理,学科评估：A
南京农业大学,食品科学与工程,学科评估：A-
南京农业大学,园艺学,学科评估：A-
南京农业大学,畜牧学,学科评估：B+
南京农业大学,兽医学,学科评估：B+
南京农业大学,农业工程,学科评估：B
南京农业大学,水产,学科评估：B-
南京农业大学,图书情报与档案管理,学科评估：B-
南京农业大学,风景园林学,学科评估：C+
南京农业大学,环境科学与工程,学科评估：C+
南京农业大学,草学,学科评估：C+
南京农业大学,工商管理,学科评估：C
浙江大学,软件工程,学科评估：A+
浙江大学,光学工程,学科评估：A+
浙江大学,农业工程,学科评估：A+
浙江大学,园艺学,学科评估：A+
浙江大学,临床医学,学科评估：A+
浙江大学,生态学,学科评估：A+
浙江大学,计算机科学与技术,学科评估：A+
浙江大学,农林经济管理,学科评估：A+
浙江大学,植物保护,学科评估：A+
浙江大学,控制科学与工程,学科评估：A+
浙江大学,农业资源与环境,学科评估：A+
浙江大学,动力工程及工程热物理,学科评估：A
浙江大学,化学工程与技术,学科评估：A
浙江大学,外国语言文学,学科评估：A
浙江大学,药学,学科评估：A
浙江大学,管理科学与工程,学科评估：A
浙江大学,土木工程,学科评估：A
浙江大学,环境科学与工程,学科评估：A
浙江大学,公共管理,学科评估：A
浙江大学,材料科学与工程,学科评估：A
浙江大学,机械工程,学科评估：A
浙江大学,中国语言文学,学科评估：A
浙江大学,数学,学科评估：A-
浙江大学,法学,学科评估：A-
浙江大学,作物学,学科评估：A-
浙江大学,马克思主义理论,学科评估：A-
浙江大学,食品科学与工程,学科评估：A-
浙江大学,工商管理,学科评估：A-
浙江大学,设计学,学科评估：A-
浙江大学,基础医学,学科评估：A-
浙江大学,电子科学与技术,学科评估：A-
浙江大学,生物医学工程,学科评估：A-
浙江大学,教育学,学科评估：A-
浙江大学,理论经济学,学科评估：A-
浙江大学,电气工程,学科评估：A-
浙江大学,畜牧学,学科评估：A-
浙江大学,生物学,学科评估：A-
浙江大学,物理学,学科评估：A-
浙江大学,化学,学科评估：A-
浙江大学,建筑学,学科评估：B+
浙江大学,新闻传播学,学科评估：B+
浙江大学,体育学,学科评估：B+
浙江大学,信息与通信工程,学科评估：B+
浙江大学,心理学,学科评估：B+
浙江大学,经济学,学科评估：B+
浙江大学,力学,学科评估：B+
浙江大学,护理学,学科评估：B+
浙江大学,哲学,学科评估：B+
浙江大学,社会学,学科评估：B
浙江大学,世界史,学科评估：B
浙江大学,兽医学,学科评估：B
浙江大学,公共卫生与预防医学,学科评估：B
浙江大学,口腔医学,学科评估：B
浙江大学,考古学,学科评估：B
浙江大学,海洋科学,学科评估：B-
浙江大学,中国史,学科评估：B-
浙江大学,地质学,学科评估：C+
浙江大学,船舶与海洋工程,学科评估：C-
浙江大学,航空宇航科学与技术,学科评估：C-
南京师范大学,马克思主义理论,学科评估：A
南京师范大学,教育学,学科评估：A
南京师范大学,中国语言文学,学科评估：A-
南京师范大学,美术学,学科评估：A-
南京师范大学,外国语言文学,学科评估：A-
南京师范大学,地理学,学科评估：A-
南京师范大学,数学,学科评估：B+
南京师范大学,法学,学科评估：B+
南京师范大学,新闻传播学,学科评估：B+
南京师范大学,心理学,学科评估：B+
南京师范大学,生物学,学科评估：B+
南京师范大学,体育学,学科评估：B
南京师范大学,化学,学科评估：B
南京师范大学,音乐与舞蹈学,学科评估：B
南京师范大学,哲学,学科评估：B
南京师范大学,统计学,学科评估：B-
南京师范大学,物理学,学科评估：B-
南京师范大学,中国史,学科评估：B-
南京师范大学,戏剧与影视学,学科评估：B-
南京师范大学,政治学,学科评估：B-
南京师范大学,经济学,学科评估：B-
南京师范大学,设计学,学科评估：B-
南京师范大学,生态学,学科评估：C+
南京师范大学,考古学,学科评估：C
南京师范大学,社会学,学科评估：C
河海大学,水利工程,学科评估：A+
河海大学,土木工程,学科评估：A-
河海大学,环境科学与工程,学科评估：A-
河海大学,管理科学与工程,学科评估：B+
河海大学,工商管理,学科评估：B+
河海大学,马克思主义理论,学科评估：B+
河海大学,农业工程,学科评估：B
河海大学,软件工程,学科评估：B
河海大学,力学,学科评估：B
河海大学,社会学,学科评估：B
河海大学,计算机科学与技术,学科评估：B
河海大学,测绘科学与技术,学科评估：B-
河海大学,信息与通信工程,学科评估：B-
河海大学,地质资源与地质工程,学科评估：B-
河海大学,公共管理,学科评估：B-
河海大学,电气工程,学科评估：B-
河海大学,海洋科学,学科评估：C+
河海大学,法学,学科评估：C
河海大学,控制科学与工程,学科评估：C
河海大学,材料科学与工程,学科评估：C
河海大学,机械工程,学科评估：C
河海大学,地理学,学科评估：C
河海大学,数学,学科评估：C-
河海大学,动力工程及工程热物理,学科评估：C-
河海大学,交通运输工程,学科评估：C-
中国药科大学,药学,学科评估：A+
中国药科大学,中药学,学科评估：B+
中国药科大学,中西医结合,学科评估：C+
中国药科大学,工商管理,学科评估：C-
苏州大学,软件工程,学科评估：A-
苏州大学,设计学,学科评估：A-
苏州大学,材料科学与工程,学科评估：B+
苏州大学,法学,学科评估：B+
苏州大学,马克思主义理论,学科评估：B+
苏州大学,体育学,学科评估：B+
苏州大学,基础医学,学科评估：B+
苏州大学,药学,学科评估：B+
苏州大学,数学,学科评估：B+
苏州大学,纺织科学与工程,学科评估：B+
苏州大学,外国语言文学,学科评估：B+
苏州大学,化学,学科评估：B+
苏州大学,光学工程,学科评估：B+
苏州大学,中国语言文学,学科评估：B+
苏州大学,工商管理,学科评估：B
苏州大学,计算机科学与技术,学科评估：B
苏州大学,政治学,学科评估：B
苏州大学,物理学,学科评估：B
苏州大学,化学工程与技术,学科评估：B
苏州大学,信息与通信工程,学科评估：B-
苏州大学,临床医学,学科评估：B-
苏州大学,新闻传播学,学科评估：B-
苏州大学,统计学,学科评估：B-
苏州大学,经济学,学科评估：B-
苏州大学,美术学,学科评估：B-
苏州大学,教育学,学科评估：B-
苏州大学,哲学,学科评估：B-
苏州大学,心理学,学科评估：C+
苏州大学,中国史,学科评估：C+
苏州大学,公共卫生与预防医学,学科评估：C+
苏州大学,风景园林学,学科评估：C+
苏州大学,护理学,学科评估：C+
苏州大学,机械工程,学科评估：C
苏州大学,图书情报与档案管理,学科评估：C
苏州大学,公共管理,学科评估：C
苏州大学,生物医学工程,学科评估：C
苏州大学,社会学,学科评估：C
苏州大学,生物学,学科评估：C
苏州大学,艺术学理论,学科评估：C-
苏州大学,戏剧与影视学,学科评估：C-
苏州大学,电子科学与技术,学科评估：C-
重庆大学,电气工程,学科评估：A-
重庆大学,机械工程,学科评估：A-
重庆大学,仪器科学与技术,学科评估：A-
重庆大学,建筑学,学科评估：B+
重庆大学,城乡规划学,学科评估：B+
重庆大学,工商管理,学科评估：B+
重庆大学,计算机科学与技术,学科评估：B+
重庆大学,数学,学科评估：B+
重庆大学,生物医学工程,学科评估：B+
重庆大学,矿业工程,学科评估：B+
重庆大学,土木工程,学科评估：B+
重庆大学,软件工程,学科评估：B+
重庆大学,管理科学与工程,学科评估：B+
重庆大学,材料科学与工程,学科评估：B+
重庆大学,环境科学与工程,学科评估：B+
重庆大学,法学,学科评估：B+
重庆大学,化学工程与技术,学科评估：B+
重庆大学,生态学,学科评估：B
重庆大学,安全科学与工程,学科评估：B
重庆大学,经济学,学科评估：B
重庆大学,戏剧与影视学,学科评估：B
重庆大学,控制科学与工程,学科评估：B
重庆大学,物理学,学科评估：B
重庆大学,风景园林学,学科评估：B
重庆大学,动力工程及工程热物理,学科评估：B
重庆大学,公共管理,学科评估：B-
重庆大学,冶金工程,学科评估：B-
重庆大学,信息与通信工程,学科评估：B-
重庆大学,电子科学与技术,学科评估：B-
重庆大学,外国语言文学,学科评估：B-
重庆大学,力学,学科评估：B-
重庆大学,统计学,学科评估：B-
重庆大学,新闻传播学,学科评估：C+
重庆大学,光学工程,学科评估：C+
重庆大学,生物学,学科评估：C+
重庆大学,马克思主义理论,学科评估：C
重庆大学,理论经济学,学科评估：C
重庆大学,美术学,学科评估：C
重庆大学,化学,学科评估：C
重庆大学,设计学,学科评估：C-
中国地质大学（武汉）,地质学,学科评估：A+
中国地质大学（武汉）,地质资源与地质工程,学科评估：A+
中国地质大学（武汉）,环境科学与工程,学科评估：B+
中国地质大学（武汉）,公共管理,学科评估：B+
中国地质大学（武汉）,海洋科学,学科评估：B
中国地质大学（武汉）,软件工程,学科评估：B
中国地质大学（武汉）,土木工程,学科评估：B
中国地质大学（武汉）,安全科学与工程,学科评估：B
中国地质大学（武汉）,水利工程,学科评估：B
中国地质大学（武汉）,计算机科学与技术,学科评估：B
中国地质大学（武汉）,测绘科学与技术,学科评估：B
中国地质大学（武汉）,马克思主义理论,学科评估：B
中国地质大学（武汉）,材料科学与工程,学科评估：B-
中国地质大学（武汉）,经济学,学科评估：B-
中国地质大学（武汉）,管理科学与工程,学科评估：B-
中国地质大学（武汉）,石油与天然气工程,学科评估：B-
中国地质大学（武汉）,地球物理学,学科评估：B-
中国地质大学（武汉）,工商管理,学科评估：B-
中国地质大学（武汉）,控制科学与工程,学科评估：C+
中国地质大学（武汉）,设计学,学科评估：C+
中国地质大学（武汉）,仪器科学与技术,学科评估：C
中国地质大学（武汉）,化学,学科评估：C
中国地质大学（武汉）,外国语言文学,学科评估：C
中国地质大学（武汉）,数学,学科评估：C
中国地质大学（武汉）,机械工程,学科评估：C
中国地质大学（武汉）,地理学,学科评估：C
中国地质大学（武汉）,信息与通信工程,学科评估：C-
中国地质大学（武汉）,统计学,学科评估：C-
中国地质大学（武汉）,物理学,学科评估：C-
吉林大学,化学,学科评估：A
吉林大学,马克思主义理论,学科评估：A
吉林大学,哲学,学科评估：A-
吉林大学,考古学,学科评估：A-
吉林大学,物理学,学科评估：A-
吉林大学,政治学,学科评估：A-
吉林大学,机械工程,学科评估：A-
吉林大学,数学,学科评估：A-
吉林大学,计算机科学与技术,学科评估：A-
吉林大学,工商管理,学科评估：A-
吉林大学,法学,学科评估：A-
吉林大学,兽医学,学科评估：B+
吉林大学,理论经济学,学科评估：B+
吉林大学,仪器科学与技术,学科评估：B+
吉林大学,地质资源与地质工程,学科评估：B+
吉林大学,农业工程,学科评估：B+
吉林大学,电子科学与技术,学科评估：B+
吉林大学,公共管理,学科评估：B+
吉林大学,社会学,学科评估：B+
吉林大学,材料科学与工程,学科评估：B+
吉林大学,经济学,学科评估：B+
吉林大学,中国语言文学,学科评估：B+
吉林大学,生物学,学科评估：B+
吉林大学,软件工程,学科评估：B+
吉林大学,统计学,学科评估：B+
吉林大学,外国语言文学,学科评估：B
吉林大学,地质学,学科评估：B
吉林大学,中国史,学科评估：B
吉林大学,控制科学与工程,学科评估：B
吉林大学,环境科学与工程,学科评估：B
吉林大学,世界史,学科评估：B
吉林大学,交通运输工程,学科评估：B
吉林大学,药学,学科评估：B
吉林大学,基础医学,学科评估：B
吉林大学,食品科学与工程,学科评估：B
吉林大学,图书情报与档案管理,学科评估：B
吉林大学,临床医学,学科评估：B
吉林大学,公共卫生与预防医学,学科评估：B-
吉林大学,信息与通信工程,学科评估：B-
吉林大学,水利工程,学科评估：B-
吉林大学,管理科学与工程,学科评估：B-
吉林大学,口腔医学,学科评估：B-
吉林大学,畜牧学,学科评估：B-
吉林大学,化学工程与技术,学科评估：B-
吉林大学,动力工程及工程热物理,学科评估：B-
吉林大学,护理学,学科评估：B-
吉林大学,新闻传播学,学科评估：C
吉林大学,地球物理学,学科评估：C
吉林大学,力学,学科评估：C
吉林大学,土木工程,学科评估：C
吉林大学,植物保护,学科评估：C-
吉林大学,戏剧与影视学,学科评估：C-
吉林大学,生物医学工程,学科评估：C-
吉林大学,心理学,学科评估：C-
吉林大学,设计学,学科评估：C-
吉林大学,体育学,学科评估：C-
中南大学,护理学,学科评估：A+
中南大学,冶金工程,学科评估：A+
中南大学,矿业工程,学科评估：A+
中南大学,计算机科学与技术,学科评估：A-
中南大学,临床医学,学科评估：A-
中南大学,马克思主义理论,学科评估：A-
中南大学,安全科学与工程,学科评估：A-
中南大学,机械工程,学科评估：A-
中南大学,材料科学与工程,学科评估：A-
中南大学,土木工程,学科评估：A-
中南大学,管理科学与工程,学科评估：A-
中南大学,控制科学与工程,学科评估：A-
中南大学,法学,学科评估：B+
中南大学,测绘科学与技术,学科评估：B+
中南大学,工商管理,学科评估：B+
中南大学,基础医学,学科评估：B+
中南大学,交通运输工程,学科评估：B+
中南大学,药学,学科评估：B+
中南大学,数学,学科评估：B+
中南大学,地质资源与地质工程,学科评估：B+
中南大学,生物学,学科评估：B+
中南大学,统计学,学科评估：B+
中南大学,化学工程与技术,学科评估：B+
中南大学,公共管理,学科评估：B
中南大学,化学,学科评估：B
中南大学,物理学,学科评估：B
中南大学,心理学,学科评估：B-
中南大学,社会学,学科评估：B-
中南大学,公共卫生与预防医学,学科评估：B-
中南大学,环境科学与工程,学科评估：B-
中南大学,动力工程及工程热物理,学科评估：B-
中南大学,哲学,学科评估：B-
中南大学,电子科学与技术,学科评估：C+
中南大学,信息与通信工程,学科评估：C
中南大学,地质学,学科评估：C
中南大学,口腔医学,学科评估：C
中南大学,电气工程,学科评估：C
中南大学,力学,学科评估：C
哈尔滨工程大学,船舶与海洋工程,学科评估：A+
哈尔滨工程大学,控制科学与工程,学科评估：A-
哈尔滨工程大学,动力工程及工程热物理,学科评估：B+
哈尔滨工程大学,核科学与技术,学科评估：B+
哈尔滨工程大学,计算机科学与技术,学科评估：B+
哈尔滨工程大学,管理科学与工程,学科评估：B+
哈尔滨工程大学,信息与通信工程,学科评估：B+
哈尔滨工程大学,马克思主义理论,学科评估：B
哈尔滨工程大学,机械工程,学科评估：B
哈尔滨工程大学,材料科学与工程,学科评估：B
哈尔滨工程大学,力学,学科评估：B
哈尔滨工程大学,软件工程,学科评估：B
哈尔滨工程大学,光学工程,学科评估：B
哈尔滨工程大学,化学工程与技术,学科评估：B-
哈尔滨工程大学,仪器科学与技术,学科评估：B-
哈尔滨工程大学,工商管理,学科评估：C+
哈尔滨工程大学,土木工程,学科评估：C
哈尔滨工程大学,公共管理,学科评估：C
哈尔滨工程大学,电气工程,学科评估：C-
哈尔滨工程大学,社会学,学科评估：C-
哈尔滨工程大学,电子科学与技术,学科评估：C-
哈尔滨工程大学,生物医学工程,学科评估：C-
上海交通大学,生物学,学科评估：A+
上海交通大学,临床医学,学科评估：A+
上海交通大学,船舶与海洋工程,学科评估：A+
上海交通大学,工商管理,学科评估：A+
上海交通大学,机械工程,学科评估：A+
上海交通大学,动力工程及工程热物理,学科评估：A
上海交通大学,物理学,学科评估：A
上海交通大学,信息与通信工程,学科评估：A
上海交通大学,计算机科学与技术,学科评估：A
上海交通大学,数学,学科评估：A
上海交通大学,生物医学工程,学科评估：A
上海交通大学,材料科学与工程,学科评估：A
上海交通大学,外国语言文学,学科评估：A
上海交通大学,管理科学与工程,学科评估：A
上海交通大学,控制科学与工程,学科评估：A
上海交通大学,药学,学科评估：A-
上海交通大学,法学,学科评估：A-
上海交通大学,新闻传播学,学科评估：A-
上海交通大学,基础医学,学科评估：A-
上海交通大学,仪器科学与技术,学科评估：A-
上海交通大学,公共管理,学科评估：A-
上海交通大学,电子科学与技术,学科评估：A-
上海交通大学,化学,学科评估：A-
上海交通大学,软件工程,学科评估：A-
上海交通大学,环境科学与工程,学科评估：A-
上海交通大学,土木工程,学科评估：B+
上海交通大学,生态学,学科评估：B+
上海交通大学,设计学,学科评估：B+
上海交通大学,科学技术史,学科评估：B+
上海交通大学,化学工程与技术,学科评估：B+
上海交通大学,护理学,学科评估：B+
上海交通大学,口腔医学,学科评估：B+
上海交通大学,电气工程,学科评估：B+
上海交通大学,力学,学科评估：B+
上海交通大学,统计学,学科评估：B
上海交通大学,园艺学,学科评估：B
上海交通大学,马克思主义理论,学科评估：B
上海交通大学,核科学与技术,学科评估：B
上海交通大学,风景园林学,学科评估：B-
上海交通大学,中国语言文学,学科评估：B-
上海交通大学,公共卫生与预防医学,学科评估：B-
上海交通大学,食品科学与工程,学科评估：B-
上海交通大学,建筑学,学科评估：C+
上海交通大学,政治学,学科评估：C+
上海交通大学,中西医结合,学科评估：C+
上海交通大学,交通运输工程,学科评估：C+
上海交通大学,天文学,学科评估：C+
上海交通大学,航空宇航科学与技术,学科评估：C+
上海交通大学,中国史,学科评估：C
上海交通大学,畜牧学,学科评估：C-
山东大学,数学,学科评估：A+
山东大学,中国语言文学,学科评估：A
山东大学,马克思主义理论,学科评估：A
山东大学,控制科学与工程,学科评估：A-
山东大学,经济学,学科评估：A-
山东大学,药学,学科评估：A-
山东大学,工商管理,学科评估：A-
山东大学,外国语言文学,学科评估：A-
山东大学,化学,学科评估：B+
山东大学,理论经济学,学科评估：B+
山东大学,软件工程,学科评估：B+
山东大学,政治学,学科评估：B+
山东大学,土木工程,学科评估：B+
山东大学,计算机科学与技术,学科评估：B+
山东大学,材料科学与工程,学科评估：B+
山东大学,机械工程,学科评估：B+
山东大学,生物学,学科评估：B+
山东大学,临床医学,学科评估：B+
山东大学,法学,学科评估：B+
山东大学,基础医学,学科评估：B+
山东大学,电气工程,学科评估：B+
山东大学,中国史,学科评估：B+
山东大学,物理学,学科评估：B+
山东大学,考古学,学科评估：B+
山东大学,统计学,学科评估：B+
山东大学,哲学,学科评估：B+
山东大学,护理学,学科评估：B+
山东大学,环境科学与工程,学科评估：B+
山东大学,公共卫生与预防医学,学科评估：B
山东大学,动力工程及工程热物理,学科评估：B
山东大学,口腔医学,学科评估：B
山东大学,管理科学与工程,学科评估：B
山东大学,公共管理,学科评估：B
山东大学,信息与通信工程,学科评估：B
山东大学,光学工程,学科评估：B-
山东大学,社会学,学科评估：B-
山东大学,电子科学与技术,学科评估：B-
山东大学,生态学,学科评估：B-
山东大学,新闻传播学,学科评估：B-
山东大学,化学工程与技术,学科评估：C+
山东大学,世界史,学科评估：C+
山东大学,生物医学工程,学科评估：C+
山东大学,力学,学科评估：C
山东大学,水利工程,学科评估：C-
华中科技大学,光学工程,学科评估：A+
华中科技大学,公共卫生与预防医学,学科评估：A+
华中科技大学,机械工程,学科评估：A+
华中科技大学,生物医学工程,学科评估：A+
华中科技大学,电气工程,学科评估：A
华中科技大学,新闻传播学,学科评估：A
华中科技大学,计算机科学与技术,学科评估：A
华中科技大学,公共管理,学科评估：A-
华中科技大学,临床医学,学科评估：A-
华中科技大学,工商管理,学科评估：A-
华中科技大学,生物学,学科评估：A-
华中科技大学,控制科学与工程,学科评估：A-
华中科技大学,物理学,学科评估：A-
华中科技大学,动力工程及工程热物理,学科评估：A-
华中科技大学,化学,学科评估：B+
华中科技大学,城乡规划学,学科评估：B+
华中科技大学,马克思主义理论,学科评估：B+
华中科技大学,信息与通信工程,学科评估：B+
华中科技大学,基础医学,学科评估：B+
华中科技大学,药学,学科评估：B+
华中科技大学,数学,学科评估：B+
华中科技大学,材料科学与工程,学科评估：B+
华中科技大学,经济学,学科评估：B+
华中科技大学,社会学,学科评估：B+
华中科技大学,电子科学与技术,学科评估：B+
华中科技大学,管理科学与工程,学科评估：B+
华中科技大学,教育学,学科评估：B+
华中科技大学,土木工程,学科评估：B+
华中科技大学,力学,学科评估：B+
华中科技大学,理论经济学,学科评估：B+
华中科技大学,建筑学,学科评估：B+
华中科技大学,环境科学与工程,学科评估：B+
华中科技大学,哲学,学科评估：B+
华中科技大学,护理学,学科评估：B
华中科技大学,统计学,学科评估：B
华中科技大学,中西医结合,学科评估：B
华中科技大学,外国语言文学,学科评估：B
华中科技大学,水利工程,学科评估：B
华中科技大学,法学,学科评估：B-
华中科技大学,风景园林学,学科评估：B-
华中科技大学,中国语言文学,学科评估：B-
华中科技大学,设计学,学科评估：B-
华中科技大学,船舶与海洋工程,学科评估：C+
华中科技大学,口腔医学,学科评估：C
武汉理工大学,材料科学与工程,学科评估：A+
武汉理工大学,机械工程,学科评估：B+
武汉理工大学,交通运输工程,学科评估：B+
武汉理工大学,设计学,学科评估：B+
武汉理工大学,马克思主义理论,学科评估：B+
武汉理工大学,管理科学与工程,学科评估：B
武汉理工大学,土木工程,学科评估：B
武汉理工大学,经济学,学科评估：B
武汉理工大学,计算机科学与技术,学科评估：B
武汉理工大学,信息与通信工程,学科评估：B
武汉理工大学,环境科学与工程,学科评估：B
武汉理工大学,矿业工程,学科评估：B-
武汉理工大学,船舶与海洋工程,学科评估：B-
武汉理工大学,安全科学与工程,学科评估：B-
武汉理工大学,艺术学理论,学科评估：B-
武汉理工大学,软件工程,学科评估：B-
武汉理工大学,力学,学科评估：B-
武汉理工大学,工商管理,学科评估：B-
武汉理工大学,动力工程及工程热物理,学科评估：C+
武汉理工大学,化学工程与技术,学科评估：C+
武汉理工大学,控制科学与工程,学科评估：C+
武汉理工大学,仪器科学与技术,学科评估：C
武汉理工大学,城乡规划学,学科评估：C-
武汉理工大学,法学,学科评估：C-
武汉理工大学,电子科学与技术,学科评估：C-
延边大学,外国语言文学,学科评估：B+
延边大学,药学,学科评估：B-
延边大学,世界史,学科评估：C+
延边大学,临床医学,学科评估：C
延边大学,生物学,学科评估：C
延边大学,化学,学科评估：C
延边大学,护理学,学科评估：C-
延边大学,音乐与舞蹈学,学科评估：C-
延边大学,中国语言文学,学科评估：C-
上海财经大学,经济学,学科评估：A
上海财经大学,工商管理,学科评估：A
上海财经大学,统计学,学科评估：A-
上海财经大学,理论经济学,学科评估：B+
上海财经大学,马克思主义理论,学科评估：B+
上海财经大学,法学,学科评估：B
上海财经大学,管理科学与工程,学科评估：B
上海财经大学,公共管理,学科评估：B
上海财经大学,外国语言文学,学科评估：C+
华东师范大学,世界史,学科评估：A+
华东师范大学,教育学,学科评估：A+
华东师范大学,统计学,学科评估：A
华东师范大学,软件工程,学科评估：A
华东师范大学,体育学,学科评估：A
华东师范大学,地理学,学科评估：A
华东师范大学,中国语言文学,学科评估：A
华东师范大学,生态学,学科评估：A-
华东师范大学,马克思主义理论,学科评估：A-
华东师范大学,心理学,学科评估：A-
华东师范大学,数学,学科评估：A-
华东师范大学,外国语言文学,学科评估：A-
华东师范大学,公共管理,学科评估：B+
华东师范大学,新闻传播学,学科评估：B+
华东师范大学,计算机科学与技术,学科评估：B+
华东师范大学,社会学,学科评估：B+
华东师范大学,哲学,学科评估：B+
华东师范大学,物理学,学科评估：B+
华东师范大学,中国史,学科评估：B+
华东师范大学,生物学,学科评估：B+
华东师范大学,政治学,学科评估：B+
华东师范大学,化学,学科评估：B+
华东师范大学,工商管理,学科评估：B
华东师范大学,经济学,学科评估：B
华东师范大学,电子科学与技术,学科评估：B
华东师范大学,环境科学与工程,学科评估：B
华东师范大学,图书情报与档案管理,学科评估：B-
华东师范大学,理论经济学,学科评估：C+
华东师范大学,信息与通信工程,学科评估：C+
华东师范大学,海洋科学,学科评估：C-
复旦大学,哲学,学科评估：A+
复旦大学,数学,学科评估：A+
复旦大学,政治学,学科评估：A+
复旦大学,理论经济学,学科评估：A+
复旦大学,中国史,学科评估：A+
复旦大学,物理学,学科评估：A
复旦大学,中国语言文学,学科评估：A
复旦大学,临床医学,学科评估：A
复旦大学,新闻传播学,学科评估：A
复旦大学,马克思主义理论,学科评估：A
复旦大学,工商管理,学科评估：A
复旦大学,基础医学,学科评估：A
复旦大学,化学,学科评估：A
复旦大学,生态学,学科评估：A-
复旦大学,药学,学科评估：A-
复旦大学,社会学,学科评估：A-
复旦大学,经济学,学科评估：A-
复旦大学,公共管理,学科评估：A-
复旦大学,电子科学与技术,学科评估：A-
复旦大学,外国语言文学,学科评估：A-
复旦大学,公共卫生与预防医学,学科评估：A-
复旦大学,生物学,学科评估：A-
复旦大学,中西医结合,学科评估：A-
复旦大学,世界史,学科评估：B+
复旦大学,法学,学科评估：B+
复旦大学,计算机科学与技术,学科评估：B+
复旦大学,生物医学工程,学科评估：B+
复旦大学,材料科学与工程,学科评估：B+
复旦大学,管理科学与工程,学科评估：B+
复旦大学,软件工程,学科评估：B+
复旦大学,环境科学与工程,学科评估：B+
复旦大学,统计学,学科评估：B+
复旦大学,光学工程,学科评估：B
复旦大学,护理学,学科评估：B
复旦大学,考古学,学科评估：B-
复旦大学,力学,学科评估：C+
复旦大学,信息与通信工程,学科评估：C
华东理工大学,化学工程与技术,学科评估：A+
华东理工大学,管理科学与工程,学科评估：B+
华东理工大学,材料科学与工程,学科评估：B+
华东理工大学,社会学,学科评估：B+
华东理工大学,化学,学科评估：B+
华东理工大学,药学,学科评估：B+
华东理工大学,控制科学与工程,学科评估：B+
华东理工大学,环境科学与工程,学科评估：B+
华东理工大学,动力工程及工程热物理,学科评估：B+
华东理工大学,计算机科学与技术,学科评估：B
华东理工大学,机械工程,学科评估：B
华东理工大学,马克思主义理论,学科评估：B-
华东理工大学,经济学,学科评估：B-
华东理工大学,数学,学科评估：B-
华东理工大学,工商管理,学科评估：B-
华东理工大学,生物学,学科评估：C+
华东理工大学,公共管理,学科评估：C+
华东理工大学,法学,学科评估：C
华东理工大学,物理学,学科评估：C
华东理工大学,安全科学与工程,学科评估：C
华东理工大学,外国语言文学,学科评估：C-
东北大学,控制科学与工程,学科评估：A
东北大学,材料科学与工程,学科评估：A-
东北大学,计算机科学与技术,学科评估：A-
东北大学,软件工程,学科评估：A-
东北大学,管理科学与工程,学科评估：B+
东北大学,矿业工程,学科评估：B+
东北大学,公共管理,学科评估：B+
东北大学,机械工程,学科评估：B+
东北大学,冶金工程,学科评估：B+
东北大学,哲学,学科评估：B
东北大学,化学,学科评估：B
东北大学,信息与通信工程,学科评估：B
东北大学,工商管理,学科评估：B
东北大学,生物医学工程,学科评估：B-
东北大学,安全科学与工程,学科评估：B-
东北大学,动力工程及工程热物理,学科评估：B-
东北大学,土木工程,学科评估：B-
东北大学,物理学,学科评估：B-
东北大学,电气工程,学科评估：C+
东北大学,环境科学与工程,学科评估：C+
东北大学,数学,学科评估：C+
东北大学,力学,学科评估：C
东北大学,生物学,学科评估：C
东北大学,测绘科学与技术,学科评估：C
东北大学,化学工程与技术,学科评估：C-
东北大学,地质资源与地质工程,学科评估：C-
东华大学,纺织科学与工程,学科评估：A+
东华大学,材料科学与工程,学科评估：B+
东华大学,设计学,学科评估：B+
东华大学,控制科学与工程,学科评估：B
东华大学,环境科学与工程,学科评估：B
东华大学,管理科学与工程,学科评估：B
东华大学,机械工程,学科评估：B
东华大学,工商管理,学科评估：B
东华大学,计算机科学与技术,学科评估：B-
东华大学,化学,学科评估：B-
东华大学,软件工程,学科评估：B-
东华大学,土木工程,学科评估：C+
东华大学,数学,学科评估：C+
东华大学,艺术学理论,学科评估：C
东华大学,化学工程与技术,学科评估：C
东华大学,美术学,学科评估：C
东华大学,科学技术史,学科评估：C
东华大学,信息与通信工程,学科评估：C-
东华大学,物理学,学科评估：C-
东华大学,生物医学工程,学科评估：C-
上海外国语大学,外国语言文学,学科评估：A+
上海外国语大学,政治学,学科评估：B+
上海外国语大学,新闻传播学,学科评估：B-
上海外国语大学,工商管理,学科评估：B-
上海外国语大学,中国语言文学,学科评估：C+
东北农业大学,兽医学,学科评估：B+
东北农业大学,食品科学与工程,学科评估：B+
东北农业大学,农业工程,学科评估：B+
东北农业大学,畜牧学,学科评估：B
东北农业大学,农林经济管理,学科评估：B
东北农业大学,作物学,学科评估：B-
东北农业大学,园艺学,学科评估：C+
东北农业大学,农业资源与环境,学科评估：C+
东北农业大学,风景园林学,学科评估：C+
东北农业大学,草学,学科评估：C+
东北农业大学,植物保护,学科评估：C
东北农业大学,公共管理,学科评估：C-
大连理工大学,机械工程,学科评估：A
大连理工大学,化学工程与技术,学科评估：A
大连理工大学,环境科学与工程,学科评估：A-
大连理工大学,管理科学与工程,学科评估：A-
大连理工大学,力学,学科评估：A-
大连理工大学,土木工程,学科评估：A-
大连理工大学,工商管理,学科评估：A-
大连理工大学,信息与通信工程,学科评估：B+
大连理工大学,水利工程,学科评估：B+
大连理工大学,计算机科学与技术,学科评估：B+
大连理工大学,数学,学科评估：B+
大连理工大学,材料科学与工程,学科评估：B+
大连理工大学,软件工程,学科评估：B+
大连理工大学,控制科学与工程,学科评估：B+
大连理工大学,动力工程及工程热物理,学科评估：B+
大连理工大学,经济学,学科评估：B
大连理工大学,公共管理,学科评估：B
大连理工大学,化学,学科评估：B
大连理工大学,仪器科学与技术,学科评估：B
大连理工大学,建筑学,学科评估：B
大连理工大学,物理学,学科评估：B
大连理工大学,城乡规划学,学科评估：B
大连理工大学,生物医学工程,学科评估：B-
大连理工大学,哲学,学科评估：B-
大连理工大学,电子科学与技术,学科评估：B-
大连理工大学,电气工程,学科评估：B-
大连理工大学,光学工程,学科评估：C+
大连理工大学,生物学,学科评估：C+
大连理工大学,船舶与海洋工程,学科评估：C+
大连理工大学,交通运输工程,学科评估：C
大连理工大学,安全科学与工程,学科评估：C
太原理工大学,化学工程与技术,学科评估：B+
太原理工大学,机械工程,学科评估：B+
太原理工大学,矿业工程,学科评估：B
太原理工大学,环境科学与工程,学科评估：B-
太原理工大学,电气工程,学科评估：B-
太原理工大学,土木工程,学科评估：B-
太原理工大学,材料科学与工程,学科评估：B-
太原理工大学,安全科学与工程,学科评估：B-
太原理工大学,计算机科学与技术,学科评估：B-
太原理工大学,水利工程,学科评估：C+
太原理工大学,光学工程,学科评估：C+
太原理工大学,力学,学科评估：C+
太原理工大学,电子科学与技术,学科评估：C+
太原理工大学,生物医学工程,学科评估：C
太原理工大学,动力工程及工程热物理,学科评估：C-
太原理工大学,地质资源与地质工程,学科评估：C-
太原理工大学,控制科学与工程,学科评估：C-
太原理工大学,软件工程,学科评估：C-
清华大学,马克思主义理论,学科评估：A+
清华大学,管理科学与工程,学科评估：A+
清华大学,材料科学与工程,学科评估：A+
清华大学,公共管理,学科评估：A+
清华大学,化学,学科评估：A+
清华大学,力学,学科评估：A+
清华大学,仪器科学与技术,学科评估：A+
清华大学,电气工程,学科评估：A+
清华大学,建筑学,学科评估：A+
清华大学,生物学,学科评估：A+
清华大学,环境科学与工程,学科评估：A+
清华大学,计算机科学与技术,学科评估：A+
清华大学,控制科学与工程,学科评估：A+
清华大学,风景园林学,学科评估：A+
清华大学,动力工程及工程热物理,学科评估：A+
清华大学,设计学,学科评估：A+
清华大学,工商管理,学科评估：A+
清华大学,水利工程,学科评估：A+
清华大学,核科学与技术,学科评估：A+
清华大学,城乡规划学,学科评估：A+
清华大学,机械工程,学科评估：A+
清华大学,软件工程,学科评估：A
清华大学,物理学,学科评估：A
清华大学,化学工程与技术,学科评估：A
清华大学,信息与通信工程,学科评估：A
清华大学,数学,学科评估：A
清华大学,电子科学与技术,学科评估：A
清华大学,土木工程,学科评估：A
清华大学,法学,学科评估：A
清华大学,生物医学工程,学科评估：A-
清华大学,艺术学理论,学科评估：A-
清华大学,新闻传播学,学科评估：A-
清华大学,经济学,学科评估：A-
清华大学,社会学,学科评估：A-
清华大学,外国语言文学,学科评估：A-
清华大学,美术学,学科评估：A-
清华大学,政治学,学科评估：A-
清华大学,教育学,学科评估：B+
清华大学,体育学,学科评估：B+
清华大学,生态学,学科评估：B+
清华大学,安全科学与工程,学科评估：B+
清华大学,哲学,学科评估：B+
清华大学,理论经济学,学科评估：B+
清华大学,中国史,学科评估：B+
清华大学,光学工程,学科评估：B+
清华大学,中国语言文学,学科评估：B+
清华大学,统计学,学科评估：B+
清华大学,世界史,学科评估：B-
清华大学,航空宇航科学与技术,学科评估：B-
清华大学,大气科学,学科评估：C+
清华大学,科学技术史,学科评估：C+
清华大学,交通运输工程,学科评估：C-
清华大学,心理学,学科评估：C-
东北师范大学,马克思主义理论,学科评估：A+
东北师范大学,教育学,学科评估：A
东北师范大学,统计学,学科评估：A
东北师范大学,生态学,学科评估：A
东北师范大学,生物学,学科评估：A-
东北师范大学,世界史,学科评估：A-
东北师范大学,美术学,学科评估：B+
东北师范大学,地理学,学科评估：B+
东北师范大学,数学,学科评估：B+
东北师范大学,外国语言文学,学科评估：B+
东北师范大学,化学,学科评估：B+
东北师范大学,物理学,学科评估：B+
东北师范大学,音乐与舞蹈学,学科评估：B+
东北师范大学,中国语言文学,学科评估：B+
东北师范大学,体育学,学科评估：B
东北师范大学,政治学,学科评估：B
东北师范大学,中国史,学科评估：B
东北师范大学,戏剧与影视学,学科评估：B-
东北师范大学,理论经济学,学科评估：B-
东北师范大学,经济学,学科评估：B-
东北师范大学,心理学,学科评估：B-
北京理工大学,兵器科学与技术,学科评估：A+
北京理工大学,控制科学与工程,学科评估：A
北京理工大学,机械工程,学科评估：A
北京理工大学,光学工程,学科评估：A-
北京理工大学,管理科学与工程,学科评估：A-
北京理工大学,材料科学与工程,学科评估：A-
北京理工大学,计算机科学与技术,学科评估：A-
北京理工大学,信息与通信工程,学科评估：A-
北京理工大学,化学工程与技术,学科评估：A-
北京理工大学,动力工程及工程热物理,学科评估：B+
北京理工大学,工商管理,学科评估：B+
北京理工大学,安全科学与工程,学科评估：B+
北京理工大学,电子科学与技术,学科评估：B+
北京理工大学,力学,学科评估：B+
北京理工大学,软件工程,学科评估：B+
北京理工大学,设计学,学科评估：B
北京理工大学,航空宇航科学与技术,学科评估：B
北京理工大学,生物医学工程,学科评估：B
北京理工大学,经济学,学科评估：B
北京理工大学,教育学,学科评估：B
北京理工大学,仪器科学与技术,学科评估：B
北京理工大学,马克思主义理论,学科评估：C+
北京理工大学,法学,学科评估：C+
北京理工大学,理论经济学,学科评估：C+
北京理工大学,外国语言文学,学科评估：C+
北京理工大学,公共管理,学科评估：C
北京科技大学,科学技术史,学科评估：A+
北京科技大学,冶金工程,学科评估：A+
北京科技大学,材料科学与工程,学科评估：A
北京科技大学,环境科学与工程,学科评估：B+
北京科技大学,安全科学与工程,学科评估：B+
北京科技大学,计算机科学与技术,学科评估：B+
北京科技大学,机械工程,学科评估：B+
北京科技大学,控制科学与工程,学科评估：B+
北京科技大学,矿业工程,学科评估：B+
北京科技大学,马克思主义理论,学科评估：B
北京科技大学,工商管理,学科评估：B
北京科技大学,外国语言文学,学科评估：B
北京科技大学,化学,学科评估：B
北京科技大学,土木工程,学科评估：B
北京科技大学,管理科学与工程,学科评估：B
北京科技大学,动力工程及工程热物理,学科评估：B
北京科技大学,物理学,学科评估：B-
北京科技大学,力学,学科评估：B-
北京科技大学,数学,学科评估：B-
北京科技大学,仪器科学与技术,学科评估：C+
北京科技大学,公共管理,学科评估：C+
北京科技大学,信息与通信工程,学科评估：C+
北京科技大学,经济学,学科评估：C
北京科技大学,统计学,学科评估：C-
北京科技大学,化学工程与技术,学科评估：C-
南京艺术学院,美术学,学科评估：A
南京艺术学院,音乐与舞蹈学,学科评估：A-
南京艺术学院,设计学,学科评估：A-
南京艺术学院,戏剧与影视学,学科评估：B+
南京艺术学院,艺术学理论,学科评估：B+
南京审计大学,工商管理,学科评估：B
南京审计大学,经济学,学科评估：C
南京审计大学,理论经济学,学科评估：C-
常州大学,化学工程与技术,学科评估：B-
常州大学,计算机科学与技术,学科评估：C+
常州大学,环境科学与工程,学科评估：C
常州大学,材料科学与工程,学科评估：C
常州大学,机械工程,学科评估：C-
常州大学,安全科学与工程,学科评估：C-
华东交通大学,控制科学与工程,学科评估：B-
华东交通大学,交通运输工程,学科评估：B-
华东交通大学,土木工程,学科评估：C+
华东交通大学,信息与通信工程,学科评估：C
徐州医科大学,临床医学,学科评估：C+
徐州医科大学,基础医学,学科评估：C+
徐州医科大学,药学,学科评估：C+
杭州电子科技大学,控制科学与工程,学科评估：B+
杭州电子科技大学,电子科学与技术,学科评估：B+
杭州电子科技大学,计算机科学与技术,学科评估：B+
杭州电子科技大学,工商管理,学科评估：B-
杭州电子科技大学,管理科学与工程,学科评估：C+
杭州电子科技大学,软件工程,学科评估：C+
杭州电子科技大学,机械工程,学科评估：C+
杭州电子科技大学,信息与通信工程,学科评估：C
南京邮电大学,光学工程,学科评估：B+
南京邮电大学,电子科学与技术,学科评估：B+
南京邮电大学,信息与通信工程,学科评估：B+
南京邮电大学,软件工程,学科评估：B
南京邮电大学,计算机科学与技术,学科评估：B-
南京邮电大学,控制科学与工程,学科评估：C+
南京邮电大学,工商管理,学科评估：C
南京邮电大学,管理科学与工程,学科评估：C
南京邮电大学,仪器科学与技术,学科评估：C-
江苏科技大学,管理科学与工程,学科评估：B-
江苏科技大学,材料科学与工程,学科评估：B-
江苏科技大学,工商管理,学科评估：C
江苏科技大学,控制科学与工程,学科评估：C
江苏科技大学,船舶与海洋工程,学科评估：C
江苏科技大学,机械工程,学科评估：C-
江苏科技大学,计算机科学与技术,学科评估：C-
江苏科技大学,生物学,学科评估：C-
江苏科技大学,软件工程,学科评估：C-
南京中医药大学,中医学,学科评估：A-
南京中医药大学,中西医结合,学科评估：A-
南京中医药大学,中药学,学科评估：A-
南京中医药大学,护理学,学科评估：B+
南京中医药大学,药学,学科评估：B-
南京中医药大学,公共管理,学科评估：C-
苏州科技大学,城乡规划学,学科评估：B
苏州科技大学,土木工程,学科评估：B-
苏州科技大学,环境科学与工程,学科评估：C+
苏州科技大学,风景园林学,学科评估：C
苏州科技大学,世界史,学科评估：C
苏州科技大学,光学工程,学科评估：C-
苏州科技大学,建筑学,学科评估：C-
南京财经大学,经济学,学科评估：B
南京财经大学,工商管理,学科评估：B
南京财经大学,食品科学与工程,学科评估：B-
南京财经大学,统计学,学科评估：C+
南京财经大学,理论经济学,学科评估：C+
南京财经大学,法学,学科评估：C-
南京财经大学,马克思主义理论,学科评估：C-
南京财经大学,管理科学与工程,学科评估：C-
南京财经大学,软件工程,学科评估：C-
江西理工大学,冶金工程,学科评估：C+
江西理工大学,矿业工程,学科评估：C
江西理工大学,计算机科学与技术,学科评估：C-
江西理工大学,工商管理,学科评估：C-
江西理工大学,马克思主义理论,学科评估：C-
江西理工大学,材料科学与工程,学科评估：C-
江西理工大学,测绘科学与技术,学科评估：C-
南京信息工程大学,大气科学,学科评估：A+
南京信息工程大学,计算机科学与技术,学科评估：B
南京信息工程大学,环境科学与工程,学科评估：B-
南京信息工程大学,科学技术史,学科评估：B-
南京信息工程大学,数学,学科评估：B-
南京信息工程大学,管理科学与工程,学科评估：C+
南京信息工程大学,软件工程,学科评估：C+
南京信息工程大学,信息与通信工程,学科评估：C+
南京信息工程大学,生态学,学科评估：C
南京信息工程大学,光学工程,学科评估：C-
南京信息工程大学,工商管理,学科评估：C-
南京信息工程大学,地理学,学科评估：C-
江苏师范大学,中国语言文学,学科评估：B
江苏师范大学,教育学,学科评估：B
江苏师范大学,马克思主义理论,学科评估：B-
江苏师范大学,统计学,学科评估：B-
江苏师范大学,数学,学科评估：B-
江苏师范大学,光学工程,学科评估：C
江苏师范大学,生物学,学科评估：C
江苏师范大学,经济学,学科评估：C
江苏师范大学,地理学,学科评估：C
江苏师范大学,化学,学科评估：C-
江苏师范大学,外国语言文学,学科评估：C-
江苏师范大学,体育学,学科评估：C-
南京医科大学,公共卫生与预防医学,学科评估：A+
南京医科大学,护理学,学科评估：B+
南京医科大学,口腔医学,学科评估：B+
南京医科大学,基础医学,学科评估：B+
南京医科大学,临床医学,学科评估：B+
南京医科大学,药学,学科评估：B
南京林业大学,林业工程,学科评估：A+
南京林业大学,林学,学科评估：A+
南京林业大学,风景园林学,学科评估：A-
南京林业大学,轻工技术与工程,学科评估：C+
南京林业大学,机械工程,学科评估：C+
南京林业大学,化学工程与技术,学科评估：C
南京林业大学,环境科学与工程,学科评估：C
南京林业大学,土木工程,学科评估：C
南京林业大学,交通运输工程,学科评估：C-
江苏大学,农业工程,学科评估：A-
江苏大学,动力工程及工程热物理,学科评估：B+
江苏大学,机械工程,学科评估：B+
江苏大学,食品科学与工程,学科评估：B+
江苏大学,材料科学与工程,学科评估：B
江苏大学,计算机科学与技术,学科评估：B
江苏大学,管理科学与工程,学科评估：B
江苏大学,环境科学与工程,学科评估：B
江苏大学,控制科学与工程,学科评估：B
江苏大学,马克思主义理论,学科评估：B-
江苏大学,化学工程与技术,学科评估：C+
江苏大学,数学,学科评估：C+
江苏大学,药学,学科评估：C+
江苏大学,交通运输工程,学科评估：C+
江苏大学,软件工程,学科评估：C+
江苏大学,仪器科学与技术,学科评估：C+
江苏大学,电气工程,学科评估：C+
江苏大学,外国语言文学,学科评估：C
江苏大学,经济学,学科评估：C
江苏大学,化学,学科评估：C
江苏大学,力学,学科评估：C
江苏大学,光学工程,学科评估：C
江苏大学,工商管理,学科评估：C
江苏大学,临床医学,学科评估：C
江苏大学,统计学,学科评估：C-
江苏大学,生物学,学科评估：C-
江苏大学,教育学,学科评估：C-
江苏大学,美术学,学科评估：C-
江苏大学,公共管理,学科评估：C-
江苏大学,基础医学,学科评估：C-
南京工业大学,化学工程与技术,学科评估：A
南京工业大学,材料科学与工程,学科评估：B+
南京工业大学,安全科学与工程,学科评估：B+
南京工业大学,动力工程及工程热物理,学科评估：B
南京工业大学,土木工程,学科评估：B
南京工业大学,轻工技术与工程,学科评估：B
南京工业大学,城乡规划学,学科评估：C+
南京工业大学,环境科学与工程,学科评估：C+
南京工业大学,控制科学与工程,学科评估：C+
南京工业大学,药学,学科评估：C+
南京工业大学,工商管理,学科评估：C
南京工业大学,建筑学,学科评估：C
南京工业大学,管理科学与工程,学科评估：C
南京工业大学,化学,学科评估：C
南京工业大学,机械工程,学科评估：C-
南京工业大学,软件工程,学科评估：C-
江西农业大学,畜牧学,学科评估：B
江西农业大学,林学,学科评估：B-
江西农业大学,风景园林学,学科评估：C
江西农业大学,兽医学,学科评估：C
江西农业大学,公共管理,学科评估：C
江西农业大学,作物学,学科评估：C
江西农业大学,农林经济管理,学科评估：C-
扬州大学,兽医学,学科评估：A-
扬州大学,马克思主义理论,学科评估：B
扬州大学,中国语言文学,学科评估：B
扬州大学,畜牧学,学科评估：B
扬州大学,化学,学科评估：B
扬州大学,作物学,学科评估：B
扬州大学,外国语言文学,学科评估：B-
扬州大学,数学,学科评估：B-
扬州大学,体育学,学科评估：C+
扬州大学,水利工程,学科评估：C+
扬州大学,生物学,学科评估：C+
扬州大学,植物保护,学科评估：C+
扬州大学,中国史,学科评估：C
扬州大学,教育学,学科评估：C
扬州大学,工商管理,学科评估：C
扬州大学,法学,学科评估：C
扬州大学,计算机科学与技术,学科评估：C
扬州大学,农业工程,学科评估：C
扬州大学,园艺学,学科评估：C-
扬州大学,农业资源与环境,学科评估：C-
扬州大学,戏剧与影视学,学科评估：C-
扬州大学,中西医结合,学科评估：C-
扬州大学,草学,学科评估：C-
扬州大学,土木工程,学科评估：C-
扬州大学,食品科学与工程,学科评估：C-
江西师范大学,马克思主义理论,学科评估：A-
江西师范大学,教育学,学科评估：B
江西师范大学,中国语言文学,学科评估：B-
江西师范大学,化学,学科评估：B-
江西师范大学,心理学,学科评估：B-
江西师范大学,数学,学科评估：B-
江西师范大学,音乐与舞蹈学,学科评估：C+
江西师范大学,管理科学与工程,学科评估：C+
江西师范大学,外国语言文学,学科评估：C+
江西师范大学,体育学,学科评估：C+
江西师范大学,计算机科学与技术,学科评估：C
江西师范大学,物理学,学科评估：C
江西师范大学,中国史,学科评估：C
江西师范大学,地理学,学科评估：C
江西师范大学,美术学,学科评估：C-
江西财经大学,统计学,学科评估：A-
江西财经大学,经济学,学科评估：A-
江西财经大学,工商管理,学科评估：B+
江西财经大学,法学,学科评估：B
江西财经大学,理论经济学,学科评估：B
江西财经大学,管理科学与工程,学科评估：B
江西财经大学,公共管理,学科评估：B-
江西财经大学,马克思主义理论,学科评估：C+
江西财经大学,计算机科学与技术,学科评估：C-
东华理工大学,工商管理,学科评估：C+
东华理工大学,地质资源与地质工程,学科评估：C
东华理工大学,测绘科学与技术,学科评估：C
东华理工大学,核科学与技术,学科评估：C
东华理工大学,计算机科学与技术,学科评估：C-
南昌航空大学,环境科学与工程,学科评估：B-
南昌航空大学,马克思主义理论,学科评估：C+
南昌航空大学,仪器科学与技术,学科评估：C+
南昌航空大学,软件工程,学科评估：C+
南昌航空大学,光学工程,学科评估：C
南昌航空大学,材料科学与工程,学科评估：C
重庆医科大学,临床医学,学科评估：B+
重庆医科大学,护理学,学科评估：B-
重庆医科大学,药学,学科评估：B-
重庆医科大学,基础医学,学科评估：B-
重庆医科大学,口腔医学,学科评估：C+
重庆医科大学,公共卫生与预防医学,学科评估：C
重庆师范大学,教育学,学科评估：B-
重庆师范大学,数学,学科评估：B-
重庆师范大学,考古学,学科评估：C+
重庆师范大学,马克思主义理论,学科评估：C+
重庆师范大学,中国语言文学,学科评估：C+
重庆师范大学,美术学,学科评估：C
重庆师范大学,外国语言文学,学科评估：C
重庆师范大学,生物学,学科评估：C-
重庆师范大学,系统科学,学科评估：C-
重庆师范大学,地理学,学科评估：C-
西南政法大学,法学,学科评估：A
西南政法大学,新闻传播学,学科评估：C+
西南政法大学,政治学,学科评估：C+
西南政法大学,工商管理,学科评估：C
西南政法大学,马克思主义理论,学科评估：C
西南政法大学,经济学,学科评估：C
西南政法大学,哲学,学科评估：C-
西南政法大学,公共管理,学科评估：C-
西南政法大学,外国语言文学,学科评估：C-
南京体育学院,体育学,学科评估：B-
景德镇陶瓷大学,美术学,学科评估：B+
景德镇陶瓷大学,设计学,学科评估：B+
景德镇陶瓷大学,材料科学与工程,学科评估：C+
重庆邮电大学,计算机科学与技术,学科评估：B+
重庆邮电大学,信息与通信工程,学科评估：B+
重庆邮电大学,控制科学与工程,学科评估：B-
重庆邮电大学,软件工程,学科评估：B-
重庆邮电大学,马克思主义理论,学科评估：C+
重庆邮电大学,电子科学与技术,学科评估：C+
重庆邮电大学,管理科学与工程,学科评估：C
江西中医药大学,中药学,学科评估：B+
江西中医药大学,中医学,学科评估：C+
江西中医药大学,中西医结合,学科评估：C
重庆理工大学,工商管理,学科评估：B-
重庆理工大学,机械工程,学科评估：C+
重庆理工大学,仪器科学与技术,学科评估：C
重庆理工大学,材料科学与工程,学科评估：C-
赣南师范大学,马克思主义理论,学科评估：C
赣南师范大学,教育学,学科评估：C
赣南师范大学,社会学,学科评估：C-
四川外国语大学,外国语言文学,学科评估：B+
四川美术学院,美术学,学科评估：A-
四川美术学院,设计学,学科评估：B+
四川美术学院,艺术学理论,学科评估：C+
四川美术学院,戏剧与影视学,学科评估：C
石河子大学,农业工程,学科评估：B-
石河子大学,化学工程与技术,学科评估：B-
石河子大学,工商管理,学科评估：C+
石河子大学,园艺学,学科评估：C
石河子大学,畜牧学,学科评估：C
石河子大学,基础医学,学科评估：C
石河子大学,作物学,学科评估：C
石河子大学,临床医学,学科评估：C-
石河子大学,农林经济管理,学科评估：C-
石河子大学,兽医学,学科评估：C-
石河子大学,教育学,学科评估：C-
石河子大学,经济学,学科评估：C-
鲁迅美术学院,美术学,学科评估：B+
鲁迅美术学院,设计学,学科评估：B
鲁迅美术学院,艺术学理论,学科评估：C
沈阳体育学院,体育学,学科评估：B+
辽宁中医药大学,中西医结合,学科评估：B+
辽宁中医药大学,中医学,学科评估：B
辽宁中医药大学,药学,学科评估：B-
辽宁中医药大学,中药学,学科评估：B-
沈阳音乐学院,音乐与舞蹈学,学科评估：B+
沈阳音乐学院,艺术学理论,学科评估：C
锦州医科大学,临床医学,学科评估：C
锦州医科大学,生物学,学科评估：C-
锦州医科大学,基础医学,学科评估：C-
沈阳航空航天大学,计算机科学与技术,学科评估：B-
沈阳航空航天大学,航空宇航科学与技术,学科评估：B-
沈阳航空航天大学,工商管理,学科评估：C
沈阳航空航天大学,动力工程及工程热物理,学科评估：C
沈阳航空航天大学,安全科学与工程,学科评估：C
沈阳航空航天大学,设计学,学科评估：C
沈阳航空航天大学,机械工程,学科评估：C
沈阳航空航天大学,信息与通信工程,学科评估：C-
沈阳航空航天大学,控制科学与工程,学科评估：C-
大连海洋大学,水产,学科评估：B
大连海洋大学,海洋科学,学科评估：C
大连工业大学,食品科学与工程,学科评估：A
大连工业大学,轻工技术与工程,学科评估：B
大连工业大学,设计学,学科评估：C+
大连工业大学,控制科学与工程,学科评估：C
大连工业大学,纺织科学与工程,学科评估：C
大连工业大学,光学工程,学科评估：C-
大连工业大学,化学工程与技术,学科评估：C-
沈阳建筑大学,土木工程,学科评估：B+
沈阳建筑大学,建筑学,学科评估：B
沈阳建筑大学,机械工程,学科评估：B
沈阳建筑大学,城乡规划学,学科评估：B
沈阳建筑大学,风景园林学,学科评估：B-
沈阳建筑大学,计算机科学与技术,学科评估：C+
沈阳建筑大学,材料科学与工程,学科评估：C-
辽宁工业大学,控制科学与工程,学科评估：C+
辽宁工业大学,管理科学与工程,学科评估：C-
渤海大学,马克思主义理论,学科评估：C
渤海大学,控制科学与工程,学科评估：C
渤海大学,教育学,学科评估：C
渤海大学,食品科学与工程,学科评估：C
渤海大学,数学,学科评估：C-
渤海大学,中国语言文学,学科评估：C-
沈阳化工大学,化学工程与技术,学科评估：B
沈阳化工大学,动力工程及工程热物理,学科评估：C-
沈阳化工大学,控制科学与工程,学科评估：C-
沈阳化工大学,材料科学与工程,学科评估：C-
大连外国语大学,外国语言文学,学科评估：B
沈阳理工大学,机械工程,学科评估：C+
沈阳理工大学,计算机科学与技术,学科评估：C-
沈阳理工大学,工商管理,学科评估：C-
沈阳理工大学,材料科学与工程,学科评估：C-
大连大学,软件工程,学科评估：B-
大连大学,计算机科学与技术,学科评估：C
大连大学,化学,学科评估：C-
大连医科大学,中西医结合,学科评估：B+
大连医科大学,生物学,学科评估：B
大连医科大学,基础医学,学科评估：B
大连医科大学,临床医学,学科评估：B
大连医科大学,口腔医学,学科评估：C+
大连医科大学,药学,学科评估：C+
大连医科大学,护理学,学科评估：C
大连交通大学,机械工程,学科评估：B
大连交通大学,材料科学与工程,学科评估：C+
大连交通大学,软件工程,学科评估：C
大连交通大学,交通运输工程,学科评估：C
大连交通大学,环境科学与工程,学科评估：C-
大连交通大学,力学,学科评估：C-
沈阳师范大学,教育学,学科评估：B
沈阳师范大学,中国语言文学,学科评估：C+
沈阳师范大学,美术学,学科评估：C+
沈阳师范大学,法学,学科评估：C
沈阳师范大学,音乐与舞蹈学,学科评估：C
沈阳师范大学,公共管理,学科评估：C
沈阳师范大学,生态学,学科评估：C
沈阳师范大学,数学,学科评估：C-
沈阳师范大学,哲学,学科评估：C-
沈阳师范大学,化学工程与技术,学科评估：C-
沈阳师范大学,马克思主义理论,学科评估：C-
沈阳师范大学,生物学,学科评估：C-
沈阳师范大学,社会学,学科评估：C-
沈阳师范大学,体育学,学科评估：C-
辽宁科技大学,化学工程与技术,学科评估：B-
辽宁科技大学,软件工程,学科评估：C+
辽宁科技大学,控制科学与工程,学科评估：C
辽宁科技大学,机械工程,学科评估：C
辽宁科技大学,工商管理,学科评估：C-
辽宁科技大学,材料科学与工程,学科评估：C-
辽宁科技大学,冶金工程,学科评估：C-
辽宁石油化工大学,化学工程与技术,学科评估：B
辽宁石油化工大学,控制科学与工程,学科评估：C+
辽宁石油化工大学,动力工程及工程热物理,学科评估：C-
辽宁石油化工大学,马克思主义理论,学科评估：C-
辽宁石油化工大学,安全科学与工程,学科评估：C-
沈阳大学,环境科学与工程,学科评估：C
沈阳大学,工商管理,学科评估：C-
沈阳大学,材料科学与工程,学科评估：C-
辽宁师范大学,教育学,学科评估：B
辽宁师范大学,心理学,学科评估：B
辽宁师范大学,马克思主义理论,学科评估：B-
辽宁师范大学,体育学,学科评估：B-
辽宁师范大学,地理学,学科评估：B-
辽宁师范大学,计算机科学与技术,学科评估：C+
辽宁师范大学,数学,学科评估：C+
辽宁师范大学,外国语言文学,学科评估：C+
辽宁师范大学,化学,学科评估：C+
辽宁师范大学,生物学,学科评估：C+
辽宁师范大学,物理学,学科评估：C+
辽宁师范大学,中国语言文学,学科评估：C+
辽宁师范大学,中国史,学科评估：C
辽宁师范大学,音乐与舞蹈学,学科评估：C-
辽宁师范大学,戏剧与影视学,学科评估：C-
辽宁师范大学,政治学,学科评估：C-
辽宁师范大学,美术学,学科评估：C-
辽宁师范大学,生态学,学科评估：C-
沈阳药科大学,药学,学科评估：A
沈阳药科大学,中药学,学科评估：B
沈阳工业大学,电气工程,学科评估：B+
沈阳工业大学,仪器科学与技术,学科评估：B
沈阳工业大学,材料科学与工程,学科评估：B-
沈阳工业大学,机械工程,学科评估：B-
沈阳工业大学,化学工程与技术,学科评估：C+
沈阳工业大学,管理科学与工程,学科评估：C+
沈阳农业大学,园艺学,学科评估：B+
沈阳农业大学,农业资源与环境,学科评估：B
沈阳农业大学,食品科学与工程,学科评估：B
沈阳农业大学,作物学,学科评估：B
沈阳农业大学,农业工程,学科评估：B-
沈阳农业大学,植物保护,学科评估：B-
沈阳农业大学,农林经济管理,学科评估：B-
沈阳农业大学,兽医学,学科评估：C+
沈阳农业大学,风景园林学,学科评估：C
沈阳农业大学,林学,学科评估：C-
东北财经大学,经济学,学科评估：A
东北财经大学,统计学,学科评估：A-
东北财经大学,工商管理,学科评估：A-
东北财经大学,管理科学与工程,学科评估：B+
东北财经大学,理论经济学,学科评估：B
东北财经大学,公共管理,学科评估：B
东北财经大学,法学,学科评估：C
中国医科大学,临床医学,学科评估：B+
中国医科大学,口腔医学,学科评估：B
中国医科大学,公共卫生与预防医学,学科评估：B
中国医科大学,生物学,学科评估：B
中国医科大学,药学,学科评估：B
中国医科大学,基础医学,学科评估：B
中国医科大学,护理学,学科评估：B-
西南民族大学,民族学,学科评估：B+
西南民族大学,中国语言文学,学科评估：C+
西南民族大学,美术学,学科评估：C+
西南民族大学,哲学,学科评估：C
西南民族大学,法学,学科评估：C
西南民族大学,经济学,学科评估：C
西南民族大学,音乐与舞蹈学,学科评估：C-
西南民族大学,畜牧学,学科评估：C-
西南民族大学,外国语言文学,学科评估：C-
成都理工大学,地质资源与地质工程,学科评估：B+
成都理工大学,地质学,学科评估：B-
成都理工大学,土木工程,学科评估：B-
成都理工大学,管理科学与工程,学科评估：C+
成都理工大学,数学,学科评估：C
成都理工大学,地球物理学,学科评估：C-
成都理工大学,化学工程与技术,学科评估：C-
成都理工大学,马克思主义理论,学科评估：C-
成都理工大学,石油与天然气工程,学科评估：C-
成都理工大学,核科学与技术,学科评估：C-
新疆农业大学,草学,学科评估：B
新疆农业大学,水利工程,学科评估：C+
新疆农业大学,畜牧学,学科评估：C
新疆农业大学,农林经济管理,学科评估：C
新疆农业大学,园艺学,学科评估：C-
新疆农业大学,兽医学,学科评估：C-
新疆农业大学,公共管理,学科评估：C-
新疆医科大学,药学,学科评估：B-
新疆医科大学,临床医学,学科评估：C+
新疆医科大学,公共卫生与预防医学,学科评估：C
新疆医科大学,中西医结合,学科评估：C
新疆医科大学,护理学,学科评估：C-
新疆医科大学,基础医学,学科评估：C-
新疆师范大学,马克思主义理论,学科评估：B
新疆师范大学,美术学,学科评估：B
新疆师范大学,教育学,学科评估：B-
新疆师范大学,中国语言文学,学科评估：C+
新疆师范大学,民族学,学科评估：C+
新疆师范大学,体育学,学科评估：C+
新疆财经大学,工商管理,学科评估：B-
新疆财经大学,经济学,学科评估：C+
新疆财经大学,统计学,学科评估：C
宁波大学,水产,学科评估：B
宁波大学,外国语言文学,学科评估：B
宁波大学,数学,学科评估：B-
宁波大学,体育学,学科评估：B-
宁波大学,信息与通信工程,学科评估：B-
宁波大学,法学,学科评估：C+
宁波大学,教育学,学科评估：C+
宁波大学,经济学,学科评估：C+
宁波大学,物理学,学科评估：C
宁波大学,力学,学科评估：C
宁波大学,土木工程,学科评估：C
宁波大学,食品科学与工程,学科评估：C
宁波大学,马克思主义理论,学科评估：C-
宁波大学,化学,学科评估：C-
浙江师范大学,教育学,学科评估：B+
浙江师范大学,数学,学科评估：B+
浙江师范大学,中国语言文学,学科评估：B+
浙江师范大学,马克思主义理论,学科评估：B
浙江师范大学,美术学,学科评估：B-
浙江师范大学,心理学,学科评估：B-
浙江师范大学,外国语言文学,学科评估：B-
浙江师范大学,软件工程,学科评估：B-
浙江师范大学,音乐与舞蹈学,学科评估：B-
浙江师范大学,工商管理,学科评估：B-
浙江师范大学,地理学,学科评估：C+
浙江师范大学,计算机科学与技术,学科评估：C+
浙江师范大学,物理学,学科评估：C+
浙江师范大学,生物学,学科评估：C+
浙江师范大学,社会学,学科评估：C+
浙江师范大学,化学,学科评估：C+
浙江师范大学,体育学,学科评估：C+
浙江师范大学,政治学,学科评估：C
浙江师范大学,世界史,学科评估：C
浙江师范大学,中国史,学科评估：C-
浙江师范大学,生态学,学科评估：C-
浙江工业大学,化学工程与技术,学科评估：A-
浙江工业大学,机械工程,学科评估：B+
浙江工业大学,工商管理,学科评估：B+
浙江工业大学,环境科学与工程,学科评估：B
浙江工业大学,软件工程,学科评估：B
浙江工业大学,药学,学科评估：B
浙江工业大学,计算机科学与技术,学科评估：B
浙江工业大学,控制科学与工程,学科评估：B
浙江工业大学,经济学,学科评估：B-
浙江工业大学,设计学,学科评估：B-
浙江工业大学,动力工程及工程热物理,学科评估：C+
浙江工业大学,材料科学与工程,学科评估：C+
浙江工业大学,土木工程,学科评估：C+
浙江工业大学,物理学,学科评估：C+
浙江工业大学,食品科学与工程,学科评估：C+
浙江工业大学,数学,学科评估：C
浙江工业大学,教育学,学科评估：C
浙江工业大学,管理科学与工程,学科评估：C
浙江工业大学,中国语言文学,学科评估：C
浙江工业大学,信息与通信工程,学科评估：C
浙江理工大学,纺织科学与工程,学科评估：B
浙江理工大学,机械工程,学科评估：B
浙江理工大学,艺术学理论,学科评估：B-
浙江理工大学,设计学,学科评估：B-
浙江理工大学,马克思主义理论,学科评估：C+
浙江理工大学,软件工程,学科评估：C+
浙江理工大学,数学,学科评估：C+
浙江理工大学,计算机科学与技术,学科评估：C+
浙江理工大学,生物学,学科评估：C
浙江理工大学,管理科学与工程,学科评估：C
浙江理工大学,化学,学科评估：C
浙江理工大学,经济学,学科评估：C
浙江理工大学,材料科学与工程,学科评估：C
浙江理工大学,控制科学与工程,学科评估：C-
西华大学,马克思主义理论,学科评估：C+
西华大学,动力工程及工程热物理,学科评估：C
西华大学,食品科学与工程,学科评估：C
西华大学,机械工程,学科评估：C-
西华大学,计算机科学与技术,学科评估：C-
西华大学,工商管理,学科评估：C-
西华大学,软件工程,学科评估：C-
中国计量大学,仪器科学与技术,学科评估：B
中国计量大学,光学工程,学科评估：B-
中国计量大学,控制科学与工程,学科评估：B-
中国计量大学,管理科学与工程,学科评估：C+
中国计量大学,生物学,学科评估：C
中国计量大学,材料科学与工程,学科评估：C
中国计量大学,电子科学与技术,学科评估：C-
浙江海洋大学,海洋科学,学科评估：B
浙江海洋大学,水产,学科评估：C+
浙江农林大学,林学,学科评估：B+
浙江农林大学,风景园林学,学科评估：B
浙江农林大学,林业工程,学科评估：C+
浙江农林大学,农业资源与环境,学科评估：C+
浙江农林大学,生态学,学科评估：C+
浙江农林大学,生物学,学科评估：C
浙江农林大学,农林经济管理,学科评估：C-
浙江中医药大学,中医学,学科评估：B
浙江中医药大学,中药学,学科评估：B
浙江中医药大学,中西医结合,学科评估：B-
浙江中医药大学,护理学,学科评估：C+
浙江中医药大学,药学,学科评估：C+
浙江中医药大学,临床医学,学科评估：C-
温州医科大学,药学,学科评估：B-
温州医科大学,临床医学,学科评估：B-
温州医科大学,生物学,学科评估：C+
温州医科大学,生物医学工程,学科评估：C+
温州医科大学,护理学,学科评估：C
温州医科大学,中药学,学科评估：C
温州医科大学,口腔医学,学科评估：C-
温州医科大学,基础医学,学科评估：C-
杭州师范大学,艺术学理论,学科评估：B
杭州师范大学,外国语言文学,学科评估：B
杭州师范大学,生物学,学科评估：B-
杭州师范大学,教育学,学科评估：B-
杭州师范大学,美术学,学科评估：B-
杭州师范大学,公共管理,学科评估：B-
杭州师范大学,化学,学科评估：C+
杭州师范大学,生态学,学科评估：C+
杭州师范大学,数学,学科评估：C+
杭州师范大学,马克思主义理论,学科评估：C+
杭州师范大学,中国语言文学,学科评估：C+
杭州师范大学,心理学,学科评估：C
杭州师范大学,物理学,学科评估：C
杭州师范大学,体育学,学科评估：C-
杭州师范大学,护理学,学科评估：C-
杭州师范大学,法学,学科评估：C-
杭州师范大学,中国史,学科评估：C-
温州大学,马克思主义理论,学科评估：B-
温州大学,教育学,学科评估：C+
温州大学,化学,学科评估：C+
温州大学,数学,学科评估：C+
温州大学,计算机科学与技术,学科评估：C+
温州大学,中国语言文学,学科评估：C
浙江工商大学,统计学,学科评估：A-
浙江工商大学,经济学,学科评估：B+
浙江工商大学,工商管理,学科评估：B+
浙江工商大学,外国语言文学,学科评估：B
浙江工商大学,食品科学与工程,学科评估：B
浙江工商大学,法学,学科评估：B-
浙江工商大学,计算机科学与技术,学科评估：B-
浙江工商大学,马克思主义理论,学科评估：C+
浙江工商大学,公共管理,学科评估：C+
浙江工商大学,信息与通信工程,学科评估：C
浙江工商大学,环境科学与工程,学科评估：C
浙江工商大学,管理科学与工程,学科评估：C
浙江财经大学,经济学,学科评估：B+
浙江财经大学,工商管理,学科评估：B
浙江财经大学,公共管理,学科评估：B-
浙江财经大学,统计学,学科评估：C+
浙江财经大学,理论经济学,学科评估：C
浙江财经大学,法学,学科评估：C-
中国美术学院,美术学,学科评估：A+
中国美术学院,设计学,学科评估：A+
中国美术学院,艺术学理论,学科评估：A-
中国美术学院,戏剧与影视学,学科评估：B+
山西大学,物理学,学科评估：B+
山西大学,哲学,学科评估：B
山西大学,化学,学科评估：B
山西大学,计算机科学与技术,学科评估：B
山西大学,体育学,学科评估：B
山西大学,环境科学与工程,学科评估：B
山西大学,科学技术史,学科评估：B-
山西大学,生态学,学科评估：B-
山西大学,数学,学科评估：B-
山西大学,生物学,学科评估：B-
山西大学,政治学,学科评估：B-
山西大学,中国语言文学,学科评估：B-
山西大学,化学工程与技术,学科评估：B-
山西大学,马克思主义理论,学科评估：B-
山西大学,中国史,学科评估：C+
山西大学,外国语言文学,学科评估：C+
山西大学,教育学,学科评估：C+
山西大学,软件工程,学科评估：C+
山西大学,控制科学与工程,学科评估：C+
山西大学,法学,学科评估：C+
山西大学,光学工程,学科评估：C+
山西大学,工商管理,学科评估：C
山西大学,美术学,学科评估：C
山西大学,管理科学与工程,学科评估：C
山西大学,理论经济学,学科评估：C
山西大学,音乐与舞蹈学,学科评估：C
山西大学,考古学,学科评估：C-
山西大学,图书情报与档案管理,学科评估：C-
西南科技大学,环境科学与工程,学科评估：B-
西南科技大学,控制科学与工程,学科评估：C+
西南科技大学,材料科学与工程,学科评估：C+
西南科技大学,马克思主义理论,学科评估：C
西南科技大学,生物学,学科评估：C-
成都中医药大学,中药学,学科评估：B+
成都中医药大学,中医学,学科评估：B+
成都中医药大学,中西医结合,学科评估：B
成都中医药大学,药学,学科评估：C
成都中医药大学,护理学,学科评估：C-
四川师范大学,中国语言文学,学科评估：B
四川师范大学,教育学,学科评估：B
四川师范大学,数学,学科评估：B-
四川师范大学,戏剧与影视学,学科评估：C+
四川师范大学,外国语言文学,学科评估：C+
四川师范大学,物理学,学科评估：C
四川师范大学,理论经济学,学科评估：C
四川师范大学,美术学,学科评估：C
四川师范大学,哲学,学科评估：C-
四川师范大学,工商管理,学科评估：C-
四川师范大学,中国史,学科评估：C-
四川师范大学,软件工程,学科评估：C-
四川师范大学,地理学,学科评估：C-
西华师范大学,政治学,学科评估：B-
西华师范大学,生态学,学科评估：C+
西华师范大学,马克思主义理论,学科评估：C
西华师范大学,中国语言文学,学科评估：C
西华师范大学,数学,学科评估：C-
西南石油大学,石油与天然气工程,学科评估：A+
西南石油大学,化学工程与技术,学科评估：B+
西南石油大学,地质资源与地质工程,学科评估：B
西南石油大学,机械工程,学科评估：B
西南石油大学,马克思主义理论,学科评估：C
西南石油大学,管理科学与工程,学科评估：C
西南石油大学,软件工程,学科评估：C
西南石油大学,材料科学与工程,学科评估：C
西南石油大学,数学,学科评估：C-
西南石油大学,计算机科学与技术,学科评估：C-
西南石油大学,工商管理,学科评估：C-
西南石油大学,仪器科学与技术,学科评估：C-
山西农业大学,兽医学,学科评估：B-
山西农业大学,农业资源与环境,学科评估：C+
山西农业大学,畜牧学,学科评估：C+
山西农业大学,作物学,学科评估：C+
山西农业大学,园艺学,学科评估：C
山西农业大学,植物保护,学科评估：C-
山西农业大学,草学,学科评估：C-
成都信息工程大学,计算机科学与技术,学科评估：C+
成都信息工程大学,软件工程,学科评估：C+
成都信息工程大学,信息与通信工程,学科评估：C+
成都信息工程大学,统计学,学科评估：C
成都信息工程大学,管理科学与工程,学科评估：C
山西医科大学,生物学,学科评估：B-
山西医科大学,临床医学,学科评估：B-
山西医科大学,护理学,学科评估：C+
山西医科大学,公共卫生与预防医学,学科评估：C+
山西医科大学,药学,学科评估：C
山西医科大学,基础医学,学科评估：C
山西师范大学,戏剧与影视学,学科评估：B
山西师范大学,化学,学科评估：B-
山西师范大学,马克思主义理论,学科评估：C+
山西师范大学,教育学,学科评估：C+
山西师范大学,体育学,学科评估：C+
山西师范大学,美术学,学科评估：C-
山西师范大学,数学,学科评估：C-
四川轻化工大学,化学工程与技术,学科评估：C-
四川轻化工大学,管理科学与工程,学科评估：C-
西南医科大学,临床医学,学科评估：C-
山西财经大学,工商管理,学科评估：B+
山西财经大学,统计学,学科评估：B
山西财经大学,经济学,学科评估：B
山西财经大学,理论经济学,学科评估：C+
山西财经大学,法学,学科评估：C
山西财经大学,马克思主义理论,学科评估：C
山西财经大学,管理科学与工程,学科评估：C-
中北大学,仪器科学与技术,学科评估：B+
中北大学,信息与通信工程,学科评估：B
中北大学,化学工程与技术,学科评估：B-
中北大学,材料科学与工程,学科评估：B-
中北大学,机械工程,学科评估：B-
中北大学,计算机科学与技术,学科评估：C
中北大学,安全科学与工程,学科评估：C
中北大学,数学,学科评估：C
中北大学,电子科学与技术,学科评估：C-
中北大学,兵器科学与技术,学科评估：C-
太原科技大学,机械工程,学科评估：B
太原科技大学,材料科学与工程,学科评估：C+
太原科技大学,控制科学与工程,学科评估：C-
汕头大学,临床医学,学科评估：C+
汕头大学,生物学,学科评估：C+
汕头大学,数学,学科评估：C+
汕头大学,新闻传播学,学科评估：C
汕头大学,工商管理,学科评估：C
汕头大学,土木工程,学科评估：C
汕头大学,化学,学科评估：C
汕头大学,基础医学,学科评估：C
汕头大学,药学,学科评估：C
深圳大学,光学工程,学科评估：B+
深圳大学,理论经济学,学科评估：B
深圳大学,计算机科学与技术,学科评估：B
深圳大学,信息与通信工程,学科评估：B
深圳大学,新闻传播学,学科评估：B
深圳大学,生物医学工程,学科评估：B
深圳大学,建筑学,学科评估：B-
深圳大学,法学,学科评估：B-
深圳大学,城乡规划学,学科评估：B-
深圳大学,工商管理,学科评估：B-
深圳大学,管理科学与工程,学科评估：C+
深圳大学,设计学,学科评估：C+
深圳大学,心理学,学科评估：C+
深圳大学,土木工程,学科评估：C+
深圳大学,美术学,学科评估：C+
深圳大学,艺术学理论,学科评估：C+
深圳大学,政治学,学科评估：C+
深圳大学,体育学,学科评估：C
深圳大学,材料科学与工程,学科评估：C
深圳大学,外国语言文学,学科评估：C
深圳大学,马克思主义理论,学科评估：C
深圳大学,哲学,学科评估：C
深圳大学,机械工程,学科评估：C-
深圳大学,中国语言文学,学科评估：C-
深圳大学,戏剧与影视学,学科评估：C-
深圳大学,控制科学与工程,学科评估：C-
深圳大学,教育学,学科评估：C-
深圳大学,电子科学与技术,学科评估：C-
广东工业大学,控制科学与工程,学科评估：A-
广东工业大学,机械工程,学科评估：B+
广东工业大学,化学工程与技术,学科评估：B
广东工业大学,设计学,学科评估：B
广东工业大学,管理科学与工程,学科评估：B-
广东工业大学,材料科学与工程,学科评估：B-
广东工业大学,环境科学与工程,学科评估：C+
广东工业大学,软件工程,学科评估：C+
广东工业大学,土木工程,学科评估：C+
广东工业大学,计算机科学与技术,学科评估：C
广东工业大学,工商管理,学科评估：C
广东工业大学,信息与通信工程,学科评估：C-
广东工业大学,仪器科学与技术,学科评估：C-
华南农业大学,兽医学,学科评估：A-
华南农业大学,畜牧学,学科评估：B+
华南农业大学,农林经济管理,学科评估：B+
华南农业大学,食品科学与工程,学科评估：B+
华南农业大学,农业工程,学科评估：B+
华南农业大学,农业资源与环境,学科评估：B
华南农业大学,植物保护,学科评估：B
华南农业大学,作物学,学科评估：B
华南农业大学,园艺学,学科评估：B
华南农业大学,风景园林学,学科评估：B-
华南农业大学,草学,学科评估：B-
华南农业大学,林学,学科评估：C+
华南农业大学,计算机科学与技术,学科评估：C
华南农业大学,公共管理,学科评估：C
华南农业大学,化学工程与技术,学科评估：C-
华南农业大学,环境科学与工程,学科评估：C-
广东海洋大学,水产,学科评估：B-
广东海洋大学,食品科学与工程,学科评估：B-
广东海洋大学,海洋科学,学科评估：C+
广州中医药大学,中西医结合,学科评估：A-
广州中医药大学,中医学,学科评估：B+
广州中医药大学,中药学,学科评估：B
广州中医药大学,药学,学科评估：C-
广东外语外贸大学,外国语言文学,学科评估：A
广东外语外贸大学,工商管理,学科评估：B-
广东外语外贸大学,经济学,学科评估：B-
广东外语外贸大学,法学,学科评估：C+
广东外语外贸大学,政治学,学科评估：C
广东外语外贸大学,中国语言文学,学科评估：C-
广东外语外贸大学,管理科学与工程,学科评估：C-
广州大学,土木工程,学科评估：B+
广州大学,数学,学科评估：B
广州大学,统计学,学科评估：B-
广州大学,工商管理,学科评估：C+
广州大学,法学,学科评估：C+
广州大学,马克思主义理论,学科评估：C+
广州大学,教育学,学科评估：C+
广州大学,美术学,学科评估：C+
广州大学,音乐与舞蹈学,学科评估：C
广州大学,戏剧与影视学,学科评估：C
广州大学,心理学,学科评估：C
广州大学,公共管理,学科评估：C
广州大学,机械工程,学科评估：C-
广州大学,中国语言文学,学科评估：C-
广州大学,环境科学与工程,学科评估：C-
广州大学,地理学,学科评估：C-
广东医科大学,临床医学,学科评估：C
广州医科大学,临床医学,学科评估：B-
广州医科大学,护理学,学科评估：C
广州医科大学,基础医学,学科评估：C
广州医科大学,药学,学科评估：C
广州医科大学,公共卫生与预防医学,学科评估：C-
广东药科大学,药学,学科评估：B
广东财经大学,工商管理,学科评估：B-
广东财经大学,法学,学科评估：B-
广东财经大学,经济学,学科评估：C+
广东财经大学,统计学,学科评估：C-
广东财经大学,马克思主义理论,学科评估：C-
广东财经大学,管理科学与工程,学科评估：C-
广州体育学院,体育学,学科评估：B
广州美术学院,设计学,学科评估：B+
广州美术学院,美术学,学科评估：B+
广州美术学院,艺术学理论,学科评估：B
星海音乐学院,音乐与舞蹈学,学科评估：B+
上海理工大学,动力工程及工程热物理,学科评估：B+
上海理工大学,光学工程,学科评估：B+
上海理工大学,管理科学与工程,学科评估：B+
上海理工大学,生物医学工程,学科评估：B
上海理工大学,机械工程,学科评估：B
上海理工大学,系统科学,学科评估：B
上海理工大学,计算机科学与技术,学科评估：C+
上海理工大学,仪器科学与技术,学科评估：C+
上海理工大学,控制科学与工程,学科评估：C+
上海理工大学,外国语言文学,学科评估：C
上海理工大学,数学,学科评估：C
上海理工大学,土木工程,学科评估：C
上海理工大学,公共管理,学科评估：C
上海理工大学,软件工程,学科评估：C
上海理工大学,环境科学与工程,学科评估：C
上海理工大学,工商管理,学科评估：C
上海理工大学,新闻传播学,学科评估：C
上海理工大学,物理学,学科评估：C-
上海理工大学,电气工程,学科评估：C-
上海理工大学,交通运输工程,学科评估：C-
上海理工大学,食品科学与工程,学科评估：C-
上海工程技术大学,工商管理,学科评估：C+
上海工程技术大学,机械工程,学科评估：C+
上海工程技术大学,材料科学与工程,学科评估：C-
上海海洋大学,水产,学科评估：A+
上海海洋大学,食品科学与工程,学科评估：B+
上海海洋大学,海洋科学,学科评估：B-
上海海洋大学,生物学,学科评估：B-
上海海洋大学,计算机科学与技术,学科评估：C+
上海海洋大学,农林经济管理,学科评估：C-
上海海洋大学,环境科学与工程,学科评估：C-
上海中医药大学,中医学,学科评估：A+
上海中医药大学,中西医结合,学科评估：A+
上海中医药大学,中药学,学科评估：A+
上海师范大学,中国语言文学,学科评估：B+
上海师范大学,教育学,学科评估：B+
上海师范大学,中国史,学科评估：B
上海师范大学,美术学,学科评估：B
上海师范大学,心理学,学科评估：B
上海师范大学,数学,学科评估：B
上海师范大学,马克思主义理论,学科评估：B
上海师范大学,世界史,学科评估：B
上海师范大学,戏剧与影视学,学科评估：B-
上海师范大学,化学,学科评估：B-
上海师范大学,环境科学与工程,学科评估：B-
上海师范大学,音乐与舞蹈学,学科评估：B-
上海师范大学,哲学,学科评估：B-
上海师范大学,物理学,学科评估：C+
上海师范大学,政治学,学科评估：C+
上海师范大学,生物学,学科评估：C+
上海师范大学,外国语言文学,学科评估：C+
上海师范大学,计算机科学与技术,学科评估：C
上海师范大学,经济学,学科评估：C
上海师范大学,新闻传播学,学科评估：C-
上海师范大学,法学,学科评估：C-
上海师范大学,化学工程与技术,学科评估：C-
上海师范大学,地理学,学科评估：C-
上海师范大学,体育学,学科评估：C-
上海海事大学,管理科学与工程,学科评估：B
上海海事大学,交通运输工程,学科评估：B
上海海事大学,外国语言文学,学科评估：B-
上海海事大学,法学,学科评估：C+
上海海事大学,电气工程,学科评估：C+
上海海事大学,信息与通信工程,学科评估：C
上海海事大学,工商管理,学科评估：C
上海海事大学,计算机科学与技术,学科评估：C-
上海海事大学,船舶与海洋工程,学科评估：C-
上海海事大学,机械工程,学科评估：C-
安徽师范大学,化学,学科评估：B
安徽师范大学,马克思主义理论,学科评估：B
安徽师范大学,中国语言文学,学科评估：B-
安徽师范大学,教育学,学科评估：B-
安徽师范大学,生态学,学科评估：B-
安徽师范大学,音乐与舞蹈学,学科评估：C+
安徽师范大学,生物学,学科评估：C+
安徽师范大学,体育学,学科评估：C+
安徽师范大学,地理学,学科评估：C+
安徽师范大学,物理学,学科评估：C
安徽师范大学,中国史,学科评估：C
安徽师范大学,美术学,学科评估：C
安徽师范大学,数学,学科评估：C
安徽师范大学,新闻传播学,学科评估：C-
安徽师范大学,哲学,学科评估：C-
安徽师范大学,统计学,学科评估：C-
上海应用技术大学,化学工程与技术,学科评估：B-
上海应用技术大学,机械工程,学科评估：C-
安徽工程大学,控制科学与工程,学科评估：C+
上海电力大学,电气工程,学科评估：B-
上海电力大学,动力工程及工程热物理,学科评估：C+
上海电力大学,化学工程与技术,学科评估：C+
上海对外经贸大学,外国语言文学,学科评估：B
上海对外经贸大学,经济学,学科评估：B
上海对外经贸大学,工商管理,学科评估：B-
上海对外经贸大学,法学,学科评估：C+
安徽建筑大学,城乡规划学,学科评估：B-
安徽建筑大学,建筑学,学科评估：C+
安徽建筑大学,土木工程,学科评估：C+
安徽建筑大学,材料科学与工程,学科评估：C-
华东政法大学,法学,学科评估：A
华东政法大学,政治学,学科评估：B
华东政法大学,马克思主义理论,学科评估：C+
华东政法大学,经济学,学科评估：C
上海体育大学,体育学,学科评估：A+
上海音乐学院,音乐与舞蹈学,学科评估：A+
上海音乐学院,艺术学理论,学科评估：B+
上海音乐学院,戏剧与影视学,学科评估：B
上海戏剧学院,戏剧与影视学,学科评估：A-
上海戏剧学院,艺术学理论,学科评估：B
上海戏剧学院,音乐与舞蹈学,学科评估：C+
上海戏剧学院,设计学,学科评估：C
淮北师范大学,化学,学科评估：C
淮北师范大学,教育学,学科评估：C-
淮北师范大学,软件工程,学科评估：C-
西安交通大学,动力工程及工程热物理,学科评估：A+
西安交通大学,电气工程,学科评估：A+
西安交通大学,力学,学科评估：A
西安交通大学,机械工程,学科评估：A
西安交通大学,数学,学科评估：A
西安交通大学,工商管理,学科评估：A
西安交通大学,马克思主义理论,学科评估：A-
西安交通大学,计算机科学与技术,学科评估：A-
西安交通大学,材料科学与工程,学科评估：A-
西安交通大学,公共管理,学科评估：A-
西安交通大学,经济学,学科评估：A-
西安交通大学,电子科学与技术,学科评估：A-
西安交通大学,管理科学与工程,学科评估：A-
西安交通大学,控制科学与工程,学科评估：A-
西安交通大学,核科学与技术,学科评估：B+
西安交通大学,信息与通信工程,学科评估：B+
西安交通大学,生物医学工程,学科评估：B+
西安交通大学,仪器科学与技术,学科评估：B+
西安交通大学,物理学,学科评估：B+
西安交通大学,化学工程与技术,学科评估：B+
西安交通大学,基础医学,学科评估：B
西安交通大学,药学,学科评估：B
西安交通大学,软件工程,学科评估：B
西安交通大学,统计学,学科评估：B
西安交通大学,临床医学,学科评估：B
西安交通大学,生物学,学科评估：B-
西安交通大学,外国语言文学,学科评估：B-
西安交通大学,社会学,学科评估：B-
西安交通大学,环境科学与工程,学科评估：B-
西安交通大学,哲学,学科评估：B-
西安交通大学,法学,学科评估：B-
西安交通大学,护理学,学科评估：B-
西安交通大学,口腔医学,学科评估：C+
西安交通大学,公共卫生与预防医学,学科评估：C+
西安交通大学,土木工程,学科评估：C+
西安交通大学,化学,学科评估：C+
西安交通大学,新闻传播学,学科评估：C
西安交通大学,航空宇航科学与技术,学科评估：C
西安交通大学,建筑学,学科评估：C-
西安交通大学,理论经济学,学科评估：C-
西安交通大学,中西医结合,学科评估：C-
西北农林科技大学,林学,学科评估：A-
西北农林科技大学,兽医学,学科评估：B+
西北农林科技大学,园艺学,学科评估：B+
西北农林科技大学,作物学,学科评估：B+
西北农林科技大学,食品科学与工程,学科评估：B+
西北农林科技大学,草学,学科评估：B+
西北农林科技大学,生态学,学科评估：B+
西北农林科技大学,农林经济管理,学科评估：B+
西北农林科技大学,生物学,学科评估：B+
西北农林科技大学,畜牧学,学科评估：B+
西北农林科技大学,植物保护,学科评估：B+
西北农林科技大学,农业资源与环境,学科评估：B+
西北农林科技大学,农业工程,学科评估：B+
西北农林科技大学,风景园林学,学科评估：B
西北农林科技大学,环境科学与工程,学科评估：B-
西北农林科技大学,水利工程,学科评估：B-
西北农林科技大学,计算机科学与技术,学科评估：C
西北农林科技大学,社会学,学科评估：C
西北农林科技大学,化学工程与技术,学科评估：C-
西北农林科技大学,轻工技术与工程,学科评估：C-
陕西师范大学,数学,学科评估：B+
陕西师范大学,化学,学科评估：B+
陕西师范大学,马克思主义理论,学科评估：B+
陕西师范大学,心理学,学科评估：B+
陕西师范大学,中国语言文学,学科评估：B+
陕西师范大学,中国史,学科评估：B+
陕西师范大学,生物学,学科评估：B+
陕西师范大学,教育学,学科评估：B+
陕西师范大学,物理学,学科评估：B
陕西师范大学,哲学,学科评估：B
陕西师范大学,新闻传播学,学科评估：B
陕西师范大学,地理学,学科评估：B
陕西师范大学,外国语言文学,学科评估：B
陕西师范大学,理论经济学,学科评估：B-
陕西师范大学,世界史,学科评估：B-
陕西师范大学,民族学,学科评估：B-
陕西师范大学,体育学,学科评估：B-
陕西师范大学,生态学,学科评估：C+
陕西师范大学,考古学,学科评估：C
陕西师范大学,政治学,学科评估：C-
陕西师范大学,经济学,学科评估：C-
安徽财经大学,工商管理,学科评估：B-
安徽财经大学,统计学,学科评估：B-
安徽财经大学,经济学,学科评估：B-
安徽财经大学,法学,学科评估：C-
安徽财经大学,管理科学与工程,学科评估：C-
安徽财经大学,公共管理,学科评估：C-
延安大学,马克思主义理论,学科评估：C
延安大学,政治学,学科评估：C-
昆明理工大学,环境科学与工程,学科评估：B+
昆明理工大学,冶金工程,学科评估：B+
昆明理工大学,材料科学与工程,学科评估：B
昆明理工大学,机械工程,学科评估：B-
昆明理工大学,建筑学,学科评估：C+
昆明理工大学,土木工程,学科评估：C+
昆明理工大学,管理科学与工程,学科评估：C+
昆明理工大学,力学,学科评估：C+
昆明理工大学,矿业工程,学科评估：C+
昆明理工大学,计算机科学与技术,学科评估：C+
昆明理工大学,生物学,学科评估：C
昆明理工大学,地质资源与地质工程,学科评估：C
昆明理工大学,化学工程与技术,学科评估：C
昆明理工大学,法学,学科评估：C
昆明理工大学,哲学,学科评估：C
昆明理工大学,数学,学科评估：C-
昆明理工大学,城乡规划学,学科评估：C-
昆明理工大学,动力工程及工程热物理,学科评估：C-
昆明理工大学,工商管理,学科评估：C-
昆明理工大学,控制科学与工程,学科评估：C-
昆明理工大学,软件工程,学科评估：C-
昆明理工大学,交通运输工程,学科评估：C-
昆明理工大学,安全科学与工程,学科评估：C-
昆明理工大学,测绘科学与技术,学科评估：C-
云南农业大学,植物保护,学科评估：B
云南农业大学,畜牧学,学科评估：B
云南农业大学,作物学,学科评估：C+
云南农业大学,农业资源与环境,学科评估：C
云南农业大学,草学,学科评估：C
云南农业大学,食品科学与工程,学科评估：C
云南农业大学,园艺学,学科评估：C-
云南农业大学,农业工程,学科评估：C-
云南农业大学,科学技术史,学科评估：C-
云南师范大学,地理学,学科评估：B+
云南师范大学,教育学,学科评估：B-
云南师范大学,农业工程,学科评估：C+
云南师范大学,体育学,学科评估：C+
云南师范大学,马克思主义理论,学科评估：C
云南师范大学,中国语言文学,学科评估：C
云南师范大学,戏剧与影视学,学科评估：C
云南师范大学,数学,学科评估：C
云南师范大学,哲学,学科评估：C-
云南师范大学,光学工程,学科评估：C-
云南师范大学,中国史,学科评估：C-
云南师范大学,生物学,学科评估：C-
云南师范大学,社会学,学科评估：C-
云南师范大学,外国语言文学,学科评估：C-
云南师范大学,经济学,学科评估：C-
云南民族大学,民族学,学科评估：B
云南民族大学,社会学,学科评估：B-
云南民族大学,中国语言文学,学科评估：C-
云南民族大学,化学,学科评估：C-
西南林业大学,林学,学科评估：B
西南林业大学,风景园林学,学科评估：B-
西南林业大学,林业工程,学科评估：C
西南林业大学,生态学,学科评估：C
昆明医科大学,临床医学,学科评估：B-
昆明医科大学,口腔医学,学科评估：C
昆明医科大学,公共卫生与预防医学,学科评估：C
昆明医科大学,基础医学,学科评估：C
昆明医科大学,药学,学科评估：C
云南中医药大学,中医学,学科评估：C-
西安理工大学,控制科学与工程,学科评估：B+
西安理工大学,管理科学与工程,学科评估：B+
西安理工大学,水利工程,学科评估：B+
西安理工大学,马克思主义理论,学科评估：B
西安理工大学,材料科学与工程,学科评估：B
西安理工大学,机械工程,学科评估：B
西安理工大学,电子科学与技术,学科评估：B-
西安理工大学,土木工程,学科评估：B-
西安理工大学,仪器科学与技术,学科评估：B-
西安理工大学,环境科学与工程,学科评估：B-
西安理工大学,工商管理,学科评估：B-
西安理工大学,电气工程,学科评估：C+
西安理工大学,计算机科学与技术,学科评估：C
西安理工大学,农业工程,学科评估：C-
西安理工大学,信息与通信工程,学科评估：C-
西安理工大学,轻工技术与工程,学科评估：C-
西安理工大学,设计学,学科评估：C-
西安建筑科技大学,风景园林学,学科评估：B+
西安建筑科技大学,环境科学与工程,学科评估：B+
西安建筑科技大学,建筑学,学科评估：B+
西安建筑科技大学,土木工程,学科评估：B+
西安建筑科技大学,城乡规划学,学科评估：B+
西安建筑科技大学,材料科学与工程,学科评估：B
西安建筑科技大学,管理科学与工程,学科评估：B-
西安建筑科技大学,美术学,学科评估：C+
西安建筑科技大学,机械工程,学科评估：C+
西安建筑科技大学,冶金工程,学科评估：C
西安科技大学,安全科学与工程,学科评估：A-
西安科技大学,马克思主义理论,学科评估：B-
西安科技大学,土木工程,学科评估：B-
西安科技大学,地质资源与地质工程,学科评估：C+
西安科技大学,矿业工程,学科评估：C+
西安科技大学,机械工程,学科评估：C+
西安科技大学,测绘科学与技术,学科评估：C+
西安科技大学,信息与通信工程,学科评估：C-
西安科技大学,管理科学与工程,学科评估：C-
西安石油大学,化学工程与技术,学科评估：C
西安石油大学,石油与天然气工程,学科评估：C
西安石油大学,计算机科学与技术,学科评估：C-
云南财经大学,统计学,学科评估：B
云南财经大学,经济学,学科评估：B
云南财经大学,工商管理,学科评估：B
云南财经大学,管理科学与工程,学科评估：C
云南财经大学,公共管理,学科评估：C
云南财经大学,马克思主义理论,学科评估：C-
云南财经大学,理论经济学,学科评估：C-
陕西科技大学,轻工技术与工程,学科评估：B+
陕西科技大学,化学工程与技术,学科评估：B
陕西科技大学,材料科学与工程,学科评估：B-
陕西科技大学,设计学,学科评估：C+
陕西科技大学,软件工程,学科评估：C
陕西科技大学,食品科学与工程,学科评估：C
陕西科技大学,机械工程,学科评估：C-
陕西科技大学,环境科学与工程,学科评估：C-
陕西科技大学,控制科学与工程,学科评估：C-
西安工程大学,纺织科学与工程,学科评估：C+
西安工程大学,控制科学与工程,学科评估：C
西安工程大学,设计学,学科评估：C
云南艺术学院,戏剧与影视学,学科评估：B
云南艺术学院,美术学,学科评估：B
云南艺术学院,音乐与舞蹈学,学科评估：B-
云南艺术学院,设计学,学科评估：C
云南艺术学院,艺术学理论,学科评估：C-
西安工业大学,光学工程,学科评估：B-
西安工业大学,材料科学与工程,学科评估：C+
西安工业大学,机械工程,学科评估：C+
西安工业大学,计算机科学与技术,学科评估：C
西安工业大学,控制科学与工程,学科评估：C-
西安邮电大学,信息与通信工程,学科评估：B-
西安邮电大学,计算机科学与技术,学科评估：C+
西安邮电大学,软件工程,学科评估：C
西安邮电大学,电子科学与技术,学科评估：C
西安邮电大学,经济学,学科评估：C-
陕西中医药大学,中医学,学科评估：C
陕西中医药大学,中药学,学科评估：C
陕西中医药大学,中西医结合,学科评估：C-
青海大学,草学,学科评估：B-
青海大学,作物学,学科评估：C
青海大学,临床医学,学科评估：C-
青海师范大学,计算机科学与技术,学科评估：B-
青海师范大学,地理学,学科评估：C+
西安外国语大学,外国语言文学,学科评估：B+
北华大学,林学,学科评估：C+
北华大学,风景园林学,学科评估：C
北华大学,马克思主义理论,学科评估：C
北华大学,林业工程,学科评估：C-
西安财经大学,工商管理,学科评估：C+
西安财经大学,统计学,学科评估：C+
西安财经大学,经济学,学科评估：C+
西北政法大学,法学,学科评估：B+
西北政法大学,哲学,学科评估：C
西安体育学院,体育学,学科评估：B
长春理工大学,光学工程,学科评估：A-
长春理工大学,仪器科学与技术,学科评估：B
长春理工大学,机械工程,学科评估：B
长春理工大学,计算机科学与技术,学科评估：B
长春理工大学,物理学,学科评估：B-
长春理工大学,电子科学与技术,学科评估：C+
长春理工大学,材料科学与工程,学科评估：C+
长春理工大学,信息与通信工程,学科评估：C+
长春理工大学,马克思主义理论,学科评估：C
长春理工大学,软件工程,学科评估：C
长春理工大学,控制科学与工程,学科评估：C-
长春理工大学,生物医学工程,学科评估：C-
长春理工大学,化学,学科评估：C-
西安音乐学院,音乐与舞蹈学,学科评估：B+
长春工业大学,化学工程与技术,学科评估：B-
长春工业大学,机械工程,学科评估：B-
长春工业大学,材料科学与工程,学科评估：C+
长春工业大学,计算机科学与技术,学科评估：C
长春工业大学,统计学,学科评估：C
长春工业大学,控制科学与工程,学科评估：C
西安美术学院,美术学,学科评估：A
西安美术学院,设计学,学科评估：B+
西安美术学院,艺术学理论,学科评估：B
吉林农业大学,兽医学,学科评估：B
吉林农业大学,农业资源与环境,学科评估：B-
吉林农业大学,植物保护,学科评估：B-
吉林农业大学,农林经济管理,学科评估：B-
吉林农业大学,食品科学与工程,学科评估：B-
吉林农业大学,作物学,学科评估：B-
吉林农业大学,畜牧学,学科评估：C+
吉林农业大学,生物学,学科评估：C+
吉林农业大学,生态学,学科评估：C-
湘潭大学,数学,学科评估：B+
湘潭大学,马克思主义理论,学科评估：B+
湘潭大学,法学,学科评估：B+
湘潭大学,化学工程与技术,学科评估：B
湘潭大学,材料科学与工程,学科评估：B
湘潭大学,公共管理,学科评估：B
湘潭大学,物理学,学科评估：B-
湘潭大学,理论经济学,学科评估：B-
湘潭大学,化学,学科评估：B-
湘潭大学,中国语言文学,学科评估：C+
湘潭大学,外国语言文学,学科评估：C+
湘潭大学,力学,学科评估：C+
湘潭大学,政治学,学科评估：C+
湘潭大学,图书情报与档案管理,学科评估：C+
湘潭大学,统计学,学科评估：C+
湘潭大学,机械工程,学科评估：C
湘潭大学,软件工程,学科评估：C
湘潭大学,环境科学与工程,学科评估：C
湘潭大学,计算机科学与技术,学科评估：C
湘潭大学,工商管理,学科评估：C
吉首大学,哲学,学科评估：C
吉首大学,体育学,学科评估：C
吉首大学,民族学,学科评估：C-
吉首大学,生态学,学科评估：C-
长春师范大学,马克思主义理论,学科评估：C-
长春师范大学,教育学,学科评估：C-
湖南科技大学,马克思主义理论,学科评估：B
湖南科技大学,经济学,学科评估：B-
湖南科技大学,机械工程,学科评估：B-
湖南科技大学,土木工程,学科评估：C+
湖南科技大学,安全科学与工程,学科评估：C+
湖南科技大学,计算机科学与技术,学科评估：C+
湖南科技大学,化学,学科评估：C
湖南科技大学,外国语言文学,学科评估：C
湖南科技大学,矿业工程,学科评估：C-
湖南科技大学,控制科学与工程,学科评估：C-
湖南科技大学,软件工程,学科评估：C-
长沙理工大学,土木工程,学科评估：B+
长沙理工大学,交通运输工程,学科评估：B
长沙理工大学,工商管理,学科评估：B
长沙理工大学,电气工程,学科评估：B-
长沙理工大学,水利工程,学科评估：B-
长沙理工大学,经济学,学科评估：C+
长沙理工大学,动力工程及工程热物理,学科评估：C
长沙理工大学,马克思主义理论,学科评估：C
长沙理工大学,电子科学与技术,学科评估：C
长沙理工大学,数学,学科评估：C
长沙理工大学,机械工程,学科评估：C
长沙理工大学,计算机科学与技术,学科评估：C-
长沙理工大学,统计学,学科评估：C-
长沙理工大学,管理科学与工程,学科评估：C-
长沙理工大学,食品科学与工程,学科评估：C-
吉林师范大学,哲学,学科评估：C
吉林师范大学,中国语言文学,学科评估：C
吉林师范大学,物理学,学科评估：C
吉林师范大学,教育学,学科评估：C
吉林师范大学,数学,学科评估：C
吉林师范大学,中国史,学科评估：C-
吉林师范大学,化学,学科评估：C-
吉林师范大学,外国语言文学,学科评估：C-
南华大学,核科学与技术,学科评估：B-
南华大学,安全科学与工程,学科评估：C+
南华大学,基础医学,学科评估：C+
南华大学,矿业工程,学科评估：C
南华大学,软件工程,学科评估：C
南华大学,马克思主义理论,学科评估：C-
南华大学,土木工程,学科评估：C-
湖南农业大学,作物学,学科评估：B+
湖南农业大学,园艺学,学科评估：B+
湖南农业大学,农业资源与环境,学科评估：B
湖南农业大学,生物学,学科评估：B
湖南农业大学,植物保护,学科评估：B-
湖南农业大学,畜牧学,学科评估：B-
湖南农业大学,兽医学,学科评估：B-
湖南农业大学,生态学,学科评估：B-
湖南农业大学,农林经济管理,学科评估：C+
湖南农业大学,公共管理,学科评估：C+
湖南农业大学,草学,学科评估：C
湖南农业大学,水产,学科评估：C-
东北电力大学,电气工程,学科评估：B
东北电力大学,动力工程及工程热物理,学科评估：B-
东北电力大学,控制科学与工程,学科评估：C+
东北电力大学,计算机科学与技术,学科评估：C
东北电力大学,化学工程与技术,学科评估：C
东北电力大学,土木工程,学科评估：C-
吉林建筑大学,建筑学,学科评估：C
吉林建筑大学,土木工程,学科评估：C
吉林建筑大学,城乡规划学,学科评估：C-
吉林建筑大学,环境科学与工程,学科评估：C-
吉林建筑大学,管理科学与工程,学科评估：C-
湖南工业大学,设计学,学科评估：C+
湖南工业大学,生物医学工程,学科评估：C
湖南工业大学,计算机科学与技术,学科评估：C-
湖南工业大学,工商管理,学科评估：C-
湖南工业大学,电气工程,学科评估：C-
中南林业科技大学,林学,学科评估：B
中南林业科技大学,生态学,学科评估：B
中南林业科技大学,林业工程,学科评估：B-
中南林业科技大学,风景园林学,学科评估：B-
中南林业科技大学,生物学,学科评估：C+
中南林业科技大学,食品科学与工程,学科评估：C+
中南林业科技大学,土木工程,学科评估：C
中南林业科技大学,工商管理,学科评估：C-
中南林业科技大学,环境科学与工程,学科评估：C-
湖南中医药大学,中医学,学科评估：B
湖南中医药大学,中西医结合,学科评估：B-
湖南中医药大学,药学,学科评估：C+
湖南中医药大学,中药学,学科评估：C-
长春中医药大学,中医学,学科评估：B-
长春中医药大学,中药学,学科评估：B-
湖南工商大学,工商管理,学科评估：C-
吉林财经大学,工商管理,学科评估：B-
吉林财经大学,统计学,学科评估：C+
吉林财经大学,经济学,学科评估：C+
吉林财经大学,理论经济学,学科评估：C
吉林体育学院,体育学,学科评估：B
中南财经政法大学,经济学,学科评估：A-
中南财经政法大学,法学,学科评估：A-
中南财经政法大学,统计学,学科评估：B+
中南财经政法大学,公共管理,学科评估：B+
中南财经政法大学,工商管理,学科评估：B+
中南财经政法大学,理论经济学,学科评估：B
中南财经政法大学,哲学,学科评估：C+
中南财经政法大学,马克思主义理论,学科评估：C+
中南财经政法大学,农林经济管理,学科评估：C+
中南财经政法大学,管理科学与工程,学科评估：C
中南财经政法大学,外国语言文学,学科评估：C-
华中农业大学,畜牧学,学科评估：A+
华中农业大学,兽医学,学科评估：A+
华中农业大学,园艺学,学科评估：A+
华中农业大学,生物学,学科评估：A
华中农业大学,农林经济管理,学科评估：A-
华中农业大学,食品科学与工程,学科评估：A-
华中农业大学,作物学,学科评估：A-
华中农业大学,公共管理,学科评估：B+
华中农业大学,水产,学科评估：B+
华中农业大学,风景园林学,学科评估：B+
华中农业大学,植物保护,学科评估：B+
华中农业大学,农业资源与环境,学科评估：B+
华中农业大学,农业工程,学科评估：B
华中农业大学,生态学,学科评估：C+
华中农业大学,工商管理,学科评估：C
华中农业大学,环境科学与工程,学科评估：C
华中农业大学,轻工技术与工程,学科评估：C
华中农业大学,林学,学科评估：C-
东北林业大学,林业工程,学科评估：A+
东北林业大学,风景园林学,学科评估：B+
东北林业大学,林学,学科评估：B+
东北林业大学,生物学,学科评估：B
东北林业大学,农林经济管理,学科评估：B
东北林业大学,生态学,学科评估：B
东北林业大学,马克思主义理论,学科评估：C+
东北林业大学,交通运输工程,学科评估：C+
东北林业大学,机械工程,学科评估：C+
东北林业大学,管理科学与工程,学科评估：C-
华中师范大学,马克思主义理论,学科评估：A
华中师范大学,教育学,学科评估：A
华中师范大学,中国史,学科评估：A-
华中师范大学,政治学,学科评估：A-
华中师范大学,物理学,学科评估：B+
华中师范大学,图书情报与档案管理,学科评估：B+
华中师范大学,体育学,学科评估：B+
华中师范大学,数学,学科评估：B+
华中师范大学,化学,学科评估：B+
华中师范大学,心理学,学科评估：B+
华中师范大学,中国语言文学,学科评估：B+
华中师范大学,公共管理,学科评估：B
华中师范大学,外国语言文学,学科评估：B
华中师范大学,社会学,学科评估：B
华中师范大学,生物学,学科评估：B
华中师范大学,统计学,学科评估：B
华中师范大学,地理学,学科评估：B
华中师范大学,世界史,学科评估：B-
华中师范大学,计算机科学与技术,学科评估：B-
华中师范大学,管理科学与工程,学科评估：C+
华中师范大学,经济学,学科评估：C+
华中师范大学,美术学,学科评估：C+
华中师范大学,法学,学科评估：C+
华中师范大学,音乐与舞蹈学,学科评估：C
华中师范大学,软件工程,学科评估：C
华中师范大学,理论经济学,学科评估：C
华中师范大学,新闻传播学,学科评估：C-
华中师范大学,设计学,学科评估：C-
华中师范大学,生态学,学科评估：C-
黑龙江大学,外国语言文学,学科评估：A
黑龙江大学,哲学,学科评估：B+
黑龙江大学,法学,学科评估：B
黑龙江大学,中国语言文学,学科评估：B
黑龙江大学,图书情报与档案管理,学科评估：B
黑龙江大学,马克思主义理论,学科评估：B
黑龙江大学,化学,学科评估：B-
黑龙江大学,公共管理,学科评估：C+
黑龙江大学,电子科学与技术,学科评估：C+
黑龙江大学,政治学,学科评估：C
黑龙江大学,生物学,学科评估：C
黑龙江大学,理论经济学,学科评估：C
黑龙江大学,信息与通信工程,学科评估：C
黑龙江大学,数学,学科评估：C-
黑龙江大学,计算机科学与技术,学科评估：C-
黑龙江大学,化学工程与技术,学科评估：C-
黑龙江大学,控制科学与工程,学科评估：C-
黑龙江大学,软件工程,学科评估：C-
黑龙江大学,生态学,学科评估：C-
佳木斯大学,材料科学与工程,学科评估：C
中南民族大学,民族学,学科评估：A-
中南民族大学,马克思主义理论,学科评估：B-
中南民族大学,工商管理,学科评估：C+
中南民族大学,化学,学科评估：C+
中南民族大学,法学,学科评估：C
中南民族大学,中国语言文学,学科评估：C
中南民族大学,教育学,学科评估：C
中南民族大学,生物学,学科评估：C-
湖北大学,生物学,学科评估：B
湖北大学,马克思主义理论,学科评估：B-
湖北大学,中国语言文学,学科评估：B-
湖北大学,理论经济学,学科评估：B-
湖北大学,数学,学科评估：B-
湖北大学,材料科学与工程,学科评估：C+
湖北大学,哲学,学科评估：C+
湖北大学,工商管理,学科评估：C+
湖北大学,地理学,学科评估：C
湖北大学,生态学,学科评估：C
湖北大学,体育学,学科评估：C
湖北大学,化学,学科评估：C
湖北大学,电子科学与技术,学科评估：C
湖北大学,教育学,学科评估：C
湖北大学,中国史,学科评估：C
湖北大学,物理学,学科评估：C-
湖北大学,公共管理,学科评估：C-
湖北大学,外国语言文学,学科评估：C-
哈尔滨理工大学,电气工程,学科评估：B
哈尔滨理工大学,管理科学与工程,学科评估：B
哈尔滨理工大学,机械工程,学科评估：B
哈尔滨理工大学,计算机科学与技术,学科评估：B
哈尔滨理工大学,工商管理,学科评估：B
哈尔滨理工大学,马克思主义理论,学科评估：B-
哈尔滨理工大学,仪器科学与技术,学科评估：B-
哈尔滨理工大学,控制科学与工程,学科评估：C+
哈尔滨理工大学,软件工程,学科评估：C+
哈尔滨理工大学,材料科学与工程,学科评估：C+
哈尔滨理工大学,数学,学科评估：C
哈尔滨理工大学,化学工程与技术,学科评估：C-
黑龙江八一农垦大学,农业工程,学科评估：C+
黑龙江八一农垦大学,兽医学,学科评估：C+
黑龙江八一农垦大学,食品科学与工程,学科评估：C+
黑龙江八一农垦大学,作物学,学科评估：C-
长江大学,地质资源与地质工程,学科评估：B-
长江大学,石油与天然气工程,学科评估：C+
长江大学,地球物理学,学科评估：C-
长江大学,风景园林学,学科评估：C-
长江大学,作物学,学科评估：C-
哈尔滨医科大学,公共卫生与预防医学,学科评估：A-
哈尔滨医科大学,药学,学科评估：B+
哈尔滨医科大学,临床医学,学科评估：B+
哈尔滨医科大学,护理学,学科评估：B
哈尔滨医科大学,生物学,学科评估：B
哈尔滨医科大学,公共管理,学科评估：B
哈尔滨医科大学,口腔医学,学科评估：B-
哈尔滨医科大学,生物医学工程,学科评估：B-
哈尔滨医科大学,基础医学,学科评估：B-
江汉大学,化学工程与技术,学科评估：C
三峡大学,电气工程,学科评估：B-
三峡大学,土木工程,学科评估：B-
三峡大学,水利工程,学科评估：B-
三峡大学,马克思主义理论,学科评估：C+
三峡大学,计算机科学与技术,学科评估：C
三峡大学,工商管理,学科评估：C
三峡大学,中国语言文学,学科评估：C
三峡大学,管理科学与工程,学科评估：C
三峡大学,生物学,学科评估：C-
三峡大学,生态学,学科评估：C-
武汉纺织大学,纺织科学与工程,学科评估：B-
武汉纺织大学,设计学,学科评估：B-
武汉纺织大学,马克思主义理论,学科评估：C
武汉纺织大学,环境科学与工程,学科评估：C
武汉纺织大学,管理科学与工程,学科评估：C
武汉纺织大学,机械工程,学科评估：C
武汉纺织大学,计算机科学与技术,学科评估：C-
湖北工业大学,轻工技术与工程,学科评估：B-
湖北工业大学,设计学,学科评估：B-
湖北工业大学,工商管理,学科评估：C+
湖北工业大学,土木工程,学科评估：C+
湖北工业大学,机械工程,学科评估：C
湖北工业大学,计算机科学与技术,学科评估：C-
湖北工业大学,仪器科学与技术,学科评估：C-
湖北工业大学,材料科学与工程,学科评估：C-
武汉工程大学,化学工程与技术,学科评估：B+
武汉工程大学,马克思主义理论,学科评估：C+
武汉工程大学,材料科学与工程,学科评估：C+
武汉工程大学,计算机科学与技术,学科评估：C-
武汉工程大学,动力工程及工程热物理,学科评估：C-
武汉工程大学,化学,学科评估：C-
武汉轻工大学,食品科学与工程,学科评估：B-
湖北中医药大学,中药学,学科评估：B-
湖北中医药大学,中医学,学科评估：C+
湖北中医药大学,中西医结合,学科评估：C-
湖北中医药大学,药学,学科评估：C-
湖北师范大学,数学,学科评估：C-
湖北师范大学,教育学,学科评估：C-
湖北师范大学,化学,学科评估：C-
黑龙江中医药大学,中药学,学科评估：A+
黑龙江中医药大学,中医学,学科评估：B+
黑龙江中医药大学,中西医结合,学科评估：B
黑龙江中医药大学,药学,学科评估：B-
哈尔滨商业大学,工商管理,学科评估：B
哈尔滨商业大学,经济学,学科评估：B-
哈尔滨商业大学,食品科学与工程,学科评估：B-
哈尔滨商业大学,环境科学与工程,学科评估：C-
哈尔滨商业大学,管理科学与工程,学科评估：C-
哈尔滨商业大学,公共管理,学科评估：C-
东北石油大学,化学工程与技术,学科评估：B
东北石油大学,石油与天然气工程,学科评估：B
东北石油大学,地质资源与地质工程,学科评估：B-
东北石油大学,动力工程及工程热物理,学科评估：C
东北石油大学,机械工程,学科评估：C
东北石油大学,工商管理,学科评估：C-
东北石油大学,仪器科学与技术,学科评估：C-
武汉体育学院,体育学,学科评估：A-
黑龙江科技大学,安全科学与工程,学科评估：C
黑龙江科技大学,电气工程,学科评估：C-
湖北美术学院,美术学,学科评估：B+
湖北美术学院,设计学,学科评估：B
湖北美术学院,艺术学理论,学科评估：C+
湖北民族大学,民族学,学科评估：C
郑州轻工业大学,化学工程与技术,学科评估：C+
郑州轻工业大学,食品科学与工程,学科评估：C+
郑州轻工业大学,计算机科学与技术,学科评估：C
郑州轻工业大学,电气工程,学科评估：C
郑州轻工业大学,软件工程,学科评估：C
郑州轻工业大学,机械工程,学科评估：C
河南大学,中国语言文学,学科评估：B+
河南大学,教育学,学科评估：B+
河南大学,地理学,学科评估：B+
河南大学,生物学,学科评估：B
河南大学,马克思主义理论,学科评估：B
河南大学,外国语言文学,学科评估：B
河南大学,经济学,学科评估：B-
河南大学,新闻传播学,学科评估：B-
河南大学,体育学,学科评估：B-
河南大学,化学,学科评估：B-
河南大学,中国史,学科评估：B-
河南大学,音乐与舞蹈学,学科评估：B-
河南大学,法学,学科评估：B-
河南大学,工商管理,学科评估：B-
河南大学,统计学,学科评估：C+
河南大学,数学,学科评估：C+
河南大学,理论经济学,学科评估：C+
河南大学,物理学,学科评估：C+
河南大学,考古学,学科评估：C+
河南大学,哲学,学科评估：C+
河南大学,世界史,学科评估：C
河南大学,生态学,学科评估：C
河南大学,心理学,学科评估：C
河南大学,戏剧与影视学,学科评估：C
河南大学,艺术学理论,学科评估：C-
河南大学,临床医学,学科评估：C-
河南大学,计算机科学与技术,学科评估：C-
河南大学,化学工程与技术,学科评估：C-
河南大学,美术学,学科评估：C-
河南大学,公共管理,学科评估：C-
河南科技大学,控制科学与工程,学科评估：B-
河南科技大学,材料科学与工程,学科评估：B-
河南科技大学,机械工程,学科评估：B-
河南科技大学,食品科学与工程,学科评估：C
河南科技大学,马克思主义理论,学科评估：C-
河南农业大学,农业工程,学科评估：B
河南农业大学,兽医学,学科评估：B
河南农业大学,作物学,学科评估：B
河南农业大学,风景园林学,学科评估：B-
河南农业大学,畜牧学,学科评估：C+
河南农业大学,农林经济管理,学科评估：C+
河南农业大学,食品科学与工程,学科评估：C+
河南农业大学,农业资源与环境,学科评估：C
河南农业大学,植物保护,学科评估：C
河南农业大学,林学,学科评估：C
河南农业大学,生物学,学科评估：C
河南农业大学,园艺学,学科评估：C-
河南农业大学,马克思主义理论,学科评估：C-
河南农业大学,管理科学与工程,学科评估：C-
河南农业大学,草学,学科评估：C-
河南理工大学,安全科学与工程,学科评估：A-
河南理工大学,矿业工程,学科评估：B
河南理工大学,测绘科学与技术,学科评估：B-
河南理工大学,马克思主义理论,学科评估：C+
河南理工大学,地质资源与地质工程,学科评估：C+
河南理工大学,公共管理,学科评估：C+
河南理工大学,机械工程,学科评估：C+
河南理工大学,计算机科学与技术,学科评估：C
河南理工大学,控制科学与工程,学科评估：C
河南理工大学,软件工程,学科评估：C
河南理工大学,数学,学科评估：C-
河南理工大学,工商管理,学科评估：C-
河南理工大学,电气工程,学科评估：C-
河南理工大学,土木工程,学科评估：C-
河南理工大学,材料科学与工程,学科评估：C-
华北水利水电大学,水利工程,学科评估：B
华北水利水电大学,管理科学与工程,学科评估：B-
华北水利水电大学,地质资源与地质工程,学科评估：C+
华北水利水电大学,工商管理,学科评估：C
华北水利水电大学,土木工程,学科评估：C
华北水利水电大学,农业工程,学科评估：C-
华北水利水电大学,动力工程及工程热物理,学科评估：C-
华北水利水电大学,数学,学科评估：C-
华侨大学,工商管理,学科评估：B
华侨大学,化学工程与技术,学科评估：B-
华侨大学,土木工程,学科评估：B-
华侨大学,经济学,学科评估：B-
华侨大学,机械工程,学科评估：B-
华侨大学,哲学,学科评估：C+
华侨大学,法学,学科评估：C+
华侨大学,建筑学,学科评估：C+
华侨大学,政治学,学科评估：C+
华侨大学,材料科学与工程,学科评估：C+
华侨大学,光学工程,学科评估：C
华侨大学,中国语言文学,学科评估：C
华侨大学,软件工程,学科评估：C
华侨大学,计算机科学与技术,学科评估：C-
华侨大学,管理科学与工程,学科评估：C-
华侨大学,化学,学科评估：C-
河南工业大学,食品科学与工程,学科评估：B-
河南工业大学,计算机科学与技术,学科评估：C-
河南工业大学,马克思主义理论,学科评估：C-
福建农林大学,风景园林学,学科评估：B+
福建农林大学,植物保护,学科评估：B+
福建农林大学,林学,学科评估：B+
福建农林大学,生态学,学科评估：B+
福建农林大学,生物学,学科评估：B
福建农林大学,食品科学与工程,学科评估：B
福建农林大学,园艺学,学科评估：B-
福建农林大学,农林经济管理,学科评估：B-
福建农林大学,农业资源与环境,学科评估：B-
福建农林大学,林业工程,学科评估：B-
福建农林大学,马克思主义理论,学科评估：C+
福建农林大学,公共管理,学科评估：C+
福建农林大学,作物学,学科评估：C+
福建农林大学,畜牧学,学科评估：C
福建农林大学,统计学,学科评估：C-
福建农林大学,工商管理,学科评估：C-
福建农林大学,兽医学,学科评估：C-
西藏民族大学,民族学,学科评估：C
集美大学,水产,学科评估：C+
集美大学,食品科学与工程,学科评估：C+
集美大学,体育学,学科评估：C-
集美大学,数学,学科评估：C-
福建师范大学,音乐与舞蹈学,学科评估：A-
福建师范大学,马克思主义理论,学科评估：A-
福建师范大学,体育学,学科评估：A-
福建师范大学,中国语言文学,学科评估：B+
福建师范大学,地理学,学科评估：B+
福建师范大学,理论经济学,学科评估：B
福建师范大学,美术学,学科评估：B
福建师范大学,外国语言文学,学科评估：B
福建师范大学,数学,学科评估：B
福建师范大学,世界史,学科评估：B-
福建师范大学,生态学,学科评估：B-
福建师范大学,教育学,学科评估：B-
福建师范大学,生物学,学科评估：B-
福建师范大学,戏剧与影视学,学科评估：B-
福建师范大学,物理学,学科评估：B-
福建师范大学,统计学,学科评估：C+
福建师范大学,光学工程,学科评估：C+
福建师范大学,中国史,学科评估：C+
福建师范大学,化学,学科评估：C+
福建师范大学,心理学,学科评估：C+
福建师范大学,计算机科学与技术,学科评估：C+
福建师范大学,艺术学理论,学科评估：C
福建师范大学,法学,学科评估：C
福建师范大学,图书情报与档案管理,学科评估：C
福建师范大学,环境科学与工程,学科评估：C-
福建师范大学,软件工程,学科评估：C-
西北民族大学,民族学,学科评估：C+
西北民族大学,中国语言文学,学科评估：C+
西北民族大学,音乐与舞蹈学,学科评估：C
西北民族大学,社会学,学科评估：C-
中原工学院,纺织科学与工程,学科评估：C
河南医药大学,临床医学,学科评估：C
河南医药大学,基础医学,学科评估：C
河南医药大学,药学,学科评估：C-
兰州理工大学,土木工程,学科评估：B
兰州理工大学,控制科学与工程,学科评估：B-
兰州理工大学,材料科学与工程,学科评估：B-
兰州理工大学,机械工程,学科评估：B-
兰州理工大学,动力工程及工程热物理,学科评估：C+
兰州理工大学,化学工程与技术,学科评估：C
兰州理工大学,马克思主义理论,学科评估：C-
兰州交通大学,环境科学与工程,学科评估：B
兰州交通大学,土木工程,学科评估：B
兰州交通大学,交通运输工程,学科评估：B
兰州交通大学,机械工程,学科评估：B-
兰州交通大学,信息与通信工程,学科评估：C-
兰州交通大学,化学工程与技术,学科评估：C-
河南财经政法大学,工商管理,学科评估：B-
河南财经政法大学,经济学,学科评估：C+
河南财经政法大学,法学,学科评估：C
青岛农业大学,农业工程,学科评估：C
青岛农业大学,兽医学,学科评估：C
青岛农业大学,农业资源与环境,学科评估：C-
青岛农业大学,风景园林学,学科评估：C-
青岛农业大学,植物保护,学科评估：C-
青岛农业大学,畜牧学,学科评估：C-
青岛农业大学,食品科学与工程,学科评估：C-
甘肃农业大学,草学,学科评估：B+
甘肃农业大学,畜牧学,学科评估：B-
甘肃农业大学,兽医学,学科评估：B-
甘肃农业大学,园艺学,学科评估：C+
甘肃农业大学,作物学,学科评估：C+
甘肃农业大学,农业工程,学科评估：C
甘肃农业大学,林学,学科评估：C-
甘肃农业大学,食品科学与工程,学科评估：C-
聊城大学,政治学,学科评估：C-
聊城大学,世界史,学科评估：C-
聊城大学,软件工程,学科评估：C-
西北师范大学,教育学,学科评估：B+
西北师范大学,中国语言文学,学科评估：B
西北师范大学,数学,学科评估：B
西北师范大学,马克思主义理论,学科评估：B-
西北师范大学,物理学,学科评估：B-
西北师范大学,美术学,学科评估：B-
西北师范大学,化学,学科评估：B-
西北师范大学,外国语言文学,学科评估：B-
西北师范大学,地理学,学科评估：B-
西北师范大学,音乐与舞蹈学,学科评估：C+
西北师范大学,中国史,学科评估：C+
西北师范大学,戏剧与影视学,学科评估：C+
西北师范大学,心理学,学科评估：C+
西北师范大学,体育学,学科评估：C+
甘肃中医药大学,中医学,学科评估：C
甘肃中医药大学,中药学,学科评估：C
青岛大学,纺织科学与工程,学科评估：C+
青岛大学,生物学,学科评估：C+
青岛大学,基础医学,学科评估：C+
青岛大学,材料科学与工程,学科评估：C+
青岛大学,系统科学,学科评估：C+
青岛大学,管理科学与工程,学科评估：C+
青岛大学,计算机科学与技术,学科评估：C+
青岛大学,临床医学,学科评估：C+
青岛大学,物理学,学科评估：C+
青岛大学,工商管理,学科评估：C
青岛大学,护理学,学科评估：C
青岛大学,外国语言文学,学科评估：C
青岛大学,软件工程,学科评估：C
青岛大学,控制科学与工程,学科评估：C
青岛大学,理论经济学,学科评估：C
青岛大学,中国语言文学,学科评估：C
青岛大学,机械工程,学科评估：C-
青岛大学,数学,学科评估：C-
青岛大学,音乐与舞蹈学,学科评估：C-
青岛大学,法学,学科评估：C-
青岛大学,化学工程与技术,学科评估：C-
青岛大学,公共卫生与预防医学,学科评估：C-
青岛大学,政治学,学科评估：C-
青岛大学,环境科学与工程,学科评估：C-
青岛大学,药学,学科评估：C-
兰州财经大学,统计学,学科评估：C+
兰州财经大学,经济学,学科评估：C
兰州财经大学,工商管理,学科评估：C-
兰州财经大学,理论经济学,学科评估：C-
甘肃政法大学,法学,学科评估：B-
海南大学,法学,学科评估：B
海南大学,工商管理,学科评估：B
海南大学,马克思主义理论,学科评估：C+
海南大学,化学工程与技术,学科评估：C+
海南大学,信息与通信工程,学科评估：C+
海南大学,园艺学,学科评估：C
海南大学,经济学,学科评估：C
海南大学,材料科学与工程,学科评估：C
海南大学,食品科学与工程,学科评估：C
海南大学,计算机科学与技术,学科评估：C-
海南大学,风景园林学,学科评估：C-
海南大学,中国语言文学,学科评估：C-
海南大学,水产,学科评估：C-
海南大学,作物学,学科评估：C-
内蒙古科技大学,冶金工程,学科评估：B-
内蒙古科技大学,矿业工程,学科评估：C-
青岛科技大学,化学工程与技术,学科评估：B+
青岛科技大学,化学,学科评估：B
青岛科技大学,软件工程,学科评估：B-
青岛科技大学,机械工程,学科评估：C+
青岛科技大学,材料科学与工程,学科评估：C+
青岛科技大学,动力工程及工程热物理,学科评估：C+
青岛科技大学,工商管理,学科评估：C
青岛科技大学,环境科学与工程,学科评估：C-
青岛科技大学,安全科学与工程,学科评估：C-
青岛科技大学,控制科学与工程,学科评估：C-
青岛科技大学,数学,学科评估：C-
青岛科技大学,马克思主义理论,学科评估：C-
内蒙古工业大学,化学工程与技术,学科评估：B-
内蒙古工业大学,动力工程及工程热物理,学科评估：C
内蒙古工业大学,材料科学与工程,学科评估：C
内蒙古工业大学,建筑学,学科评估：C-
内蒙古工业大学,力学,学科评估：C-
内蒙古工业大学,土木工程,学科评估：C-
青岛理工大学,土木工程,学科评估：B
青岛理工大学,建筑学,学科评估：C+
青岛理工大学,机械工程,学科评估：C+
青岛理工大学,环境科学与工程,学科评估：C
青岛理工大学,风景园林学,学科评估：C-
曲阜师范大学,体育学,学科评估：B
曲阜师范大学,马克思主义理论,学科评估：B-
曲阜师范大学,统计学,学科评估：B-
曲阜师范大学,中国语言文学,学科评估：B-
曲阜师范大学,教育学,学科评估：B-
曲阜师范大学,外国语言文学,学科评估：B-
曲阜师范大学,数学,学科评估：B-
曲阜师范大学,物理学,学科评估：C+
曲阜师范大学,中国史,学科评估：C+
曲阜师范大学,音乐与舞蹈学,学科评估：C
曲阜师范大学,控制科学与工程,学科评估：C
曲阜师范大学,化学,学科评估：C
曲阜师范大学,心理学,学科评估：C-
海南师范大学,马克思主义理论,学科评估：B-
海南师范大学,中国语言文学,学科评估：C+
海南师范大学,化学,学科评估：C+
海南师范大学,生态学,学科评估：C+
海南师范大学,教育学,学科评估：C-
贵州师范大学,马克思主义理论,学科评估：B
贵州师范大学,地理学,学科评估：B-
贵州师范大学,中国语言文学,学科评估：C+
贵州师范大学,数学,学科评估：C+
贵州师范大学,教育学,学科评估：C
贵州师范大学,心理学,学科评估：C
贵州师范大学,政治学,学科评估：C-
贵州师范大学,生态学,学科评估：C-
贵州医科大学,药学,学科评估：C+
贵州医科大学,基础医学,学科评估：C+
贵州医科大学,临床医学,学科评估：C
贵州医科大学,公共卫生与预防医学,学科评估：C
贵州民族大学,社会学,学科评估：C
贵州民族大学,中国语言文学,学科评估：C-
贵州民族大学,民族学,学科评估：C-
内蒙古农业大学,草学,学科评估：B+
内蒙古农业大学,畜牧学,学科评估：B
内蒙古农业大学,食品科学与工程,学科评估：B
内蒙古农业大学,农业工程,学科评估：B-
内蒙古农业大学,兽医学,学科评估：C+
内蒙古农业大学,林学,学科评估：C+
内蒙古农业大学,农业资源与环境,学科评估：C
内蒙古农业大学,农林经济管理,学科评估：C
内蒙古农业大学,水利工程,学科评估：C
内蒙古农业大学,林业工程,学科评估：C-
内蒙古农业大学,作物学,学科评估：C-
遵义医科大学,药学,学科评估：C
遵义医科大学,临床医学,学科评估：C-
内蒙古师范大学,科学技术史,学科评估：B+
内蒙古师范大学,中国语言文学,学科评估：C+
内蒙古师范大学,教育学,学科评估：C+
内蒙古师范大学,美术学,学科评估：C
内蒙古师范大学,民族学,学科评估：C
内蒙古师范大学,心理学,学科评估：C
内蒙古师范大学,地理学,学科评估：C-
贵州财经大学,工商管理,学科评估：C+
贵州财经大学,马克思主义理论,学科评估：C
贵州财经大学,经济学,学科评估：C
贵州财经大学,统计学,学科评估：C-
贵州财经大学,公共管理,学科评估：C-
贵州中医药大学,中医学,学科评估：C
贵州中医药大学,中药学,学科评估：C
内蒙古医科大学,临床医学,学科评估：C-
山东工艺美术学院,设计学,学科评估：B
山东工艺美术学院,美术学,学科评估：C
山东建筑大学,城乡规划学,学科评估：B-
山东建筑大学,建筑学,学科评估：B-
山东建筑大学,土木工程,学科评估：B-
山东建筑大学,机械工程,学科评估：C-
山东建筑大学,控制科学与工程,学科评估：C-
山东建筑大学,管理科学与工程,学科评估：C-
内蒙古财经大学,工商管理,学科评估：B-
内蒙古财经大学,统计学,学科评估：C-
内蒙古财经大学,经济学,学科评估：C-
广西医科大学,临床医学,学科评估：C+
广西医科大学,护理学,学科评估：C+
广西医科大学,口腔医学,学科评估：C+
广西医科大学,公共卫生与预防医学,学科评估：C+
广西医科大学,药学,学科评估：C+
广西医科大学,基础医学,学科评估：C+
广西师范大学,马克思主义理论,学科评估：B+
广西师范大学,中国语言文学,学科评估：B
广西师范大学,教育学,学科评估：B
广西师范大学,软件工程,学科评估：B-
广西师范大学,美术学,学科评估：B-
广西师范大学,化学,学科评估：B-
广西师范大学,体育学,学科评估：C+
广西师范大学,计算机科学与技术,学科评估：C+
广西师范大学,外国语言文学,学科评估：C+
广西师范大学,物理学,学科评估：C
广西师范大学,音乐与舞蹈学,学科评估：C-
广西师范大学,法学,学科评估：C-
广西师范大学,统计学,学科评估：C-
广西师范大学,马克思主义理论,学科评估：C-
广西师范大学,环境科学与工程,学科评估：C-
广西师范大学,世界史,学科评估：C-
广西师范大学,教育学,学科评估：C-
广西师范大学,经济学,学科评估：C-
桂林电子科技大学,仪器科学与技术,学科评估：B-
桂林电子科技大学,机械工程,学科评估：B-
桂林电子科技大学,计算机科学与技术,学科评估：B-
桂林电子科技大学,信息与通信工程,学科评估：B-
桂林电子科技大学,软件工程,学科评估：C+
桂林电子科技大学,电子科学与技术,学科评估：C
桂林电子科技大学,材料科学与工程,学科评估：C
桂林电子科技大学,数学,学科评估：C
桂林理工大学,环境科学与工程,学科评估：B
桂林理工大学,工商管理,学科评估：C
桂林理工大学,统计学,学科评估：C
桂林理工大学,地质资源与地质工程,学科评估：C
桂林理工大学,土木工程,学科评估：C
桂林理工大学,材料科学与工程,学科评估：C
桂林理工大学,计算机科学与技术,学科评估：C-
桂林理工大学,软件工程,学科评估：C-
桂林理工大学,测绘科学与技术,学科评估：C-
山东财经大学,经济学,学科评估：B+
山东财经大学,工商管理,学科评估：B+
山东财经大学,管理科学与工程,学科评估：B-
山东财经大学,公共管理,学科评估：B-
山东财经大学,统计学,学科评估：C+
山东财经大学,计算机科学与技术,学科评估：C
山东财经大学,理论经济学,学科评估：C
山东财经大学,马克思主义理论,学科评估：C-
山东科技大学,控制科学与工程,学科评估：B
山东科技大学,矿业工程,学科评估：B
山东科技大学,安全科学与工程,学科评估：B
山东科技大学,测绘科学与技术,学科评估：B
山东科技大学,地质资源与地质工程,学科评估：B-
山东科技大学,管理科学与工程,学科评估：B-
山东科技大学,土木工程,学科评估：B-
山东科技大学,机械工程,学科评估：B-
山东科技大学,计算机科学与技术,学科评估：B-
山东科技大学,化学工程与技术,学科评估：C
山东科技大学,信息与通信工程,学科评估：C-
山东科技大学,电气工程,学科评估：C-
山东科技大学,材料科学与工程,学科评估：C-
桂林医科大学,基础医学,学科评估：C-
山东理工大学,化学工程与技术,学科评估：B-
山东理工大学,机械工程,学科评估：B-
山东理工大学,农业工程,学科评估：C+
山东理工大学,电气工程,学科评估：C
山东理工大学,经济学,学科评估：C
山东农业大学,作物学,学科评估：B+
山东农业大学,园艺学,学科评估：B+
山东农业大学,植物保护,学科评估：B
山东农业大学,农业资源与环境,学科评估：B-
山东农业大学,畜牧学,学科评估：B-
山东农业大学,兽医学,学科评估：B-
山东农业大学,林学,学科评估：B-
广西民族大学,民族学,学科评估：B
广西民族大学,中国语言文学,学科评估：B-
广西民族大学,外国语言文学,学科评估：B-
广西民族大学,科学技术史,学科评估：C+
广西民族大学,马克思主义理论,学科评估：C
广西民族大学,数学,学科评估：C-
广西民族大学,政治学,学科评估：C-
宁夏大学,草学,学科评估：B-
宁夏大学,民族学,学科评估：B-
宁夏大学,水利工程,学科评估：C+
宁夏大学,数学,学科评估：C+
宁夏大学,中国语言文学,学科评估：C-
宁夏大学,生物学,学科评估：C-
宁夏大学,外国语言文学,学科评估：C-
宁夏大学,生态学,学科评估：C-
北方民族大学,民族学,学科评估：C-
宁夏医科大学,临床医学,学科评估：C+
宁夏医科大学,基础医学,学科评估：C
齐鲁工业大学,轻工技术与工程,学科评估：B-
齐鲁工业大学,机械工程,学科评估：C-
齐鲁工业大学,工商管理,学科评估：C-
齐鲁工业大学,化学工程与技术,学科评估：C-
齐鲁工业大学,设计学,学科评估：C-
山东体育学院,体育学,学科评估：B-
烟台大学,法学,学科评估：B
烟台大学,药学,学科评估：C
烟台大学,数学,学科评估：C
烟台大学,土木工程,学科评估：C-
鲁东大学,外国语言文学,学科评估：C
鲁东大学,中国语言文学,学科评估：C-
鲁东大学,教育学,学科评估：C-
北京化工大学,化学工程与技术,学科评估：A
北京化工大学,材料科学与工程,学科评估：A-
北京化工大学,控制科学与工程,学科评估：B+
北京化工大学,化学,学科评估：B+
北京化工大学,环境科学与工程,学科评估：B
北京化工大学,动力工程及工程热物理,学科评估：B-
北京化工大学,机械工程,学科评估：B-
北京化工大学,管理科学与工程,学科评估：C+
北京化工大学,计算机科学与技术,学科评估：C+
北京化工大学,安全科学与工程,学科评估：C+
北京化工大学,工商管理,学科评估：C+
北京化工大学,软件工程,学科评估：C
北京化工大学,轻工技术与工程,学科评估：C
北京化工大学,物理学,学科评估：C
北京化工大学,马克思主义理论,学科评估：C-
北京化工大学,药学,学科评估：C-
北京化工大学,数学,学科评估：C-
中国农业大学,畜牧学,学科评估：A+
中国农业大学,兽医学,学科评估：A+
中国农业大学,草学,学科评估：A+
中国农业大学,食品科学与工程,学科评估：A+
中国农业大学,作物学,学科评估：A+
中国农业大学,农业工程,学科评估：A+
中国农业大学,生物学,学科评估：A
中国农业大学,农业资源与环境,学科评估：A-
中国农业大学,植物保护,学科评估：A-
中国农业大学,园艺学,学科评估：B+
中国农业大学,生态学,学科评估：B+
中国农业大学,水利工程,学科评估：B+
中国农业大学,农林经济管理,学科评估：B+
中国农业大学,公共管理,学科评估：B+
中国农业大学,机械工程,学科评估：B
中国农业大学,社会学,学科评估：B
中国农业大学,环境科学与工程,学科评估：B
中国农业大学,计算机科学与技术,学科评估：B-
中国农业大学,工商管理,学科评估：B-
中国农业大学,化学,学科评估：C+
中国农业大学,数学,学科评估：C
中国农业大学,马克思主义理论,学科评估：C-
中国农业大学,电气工程,学科评估：C-
中国农业大学,土木工程,学科评估：C-
中国农业大学,图书情报与档案管理,学科评估：C-
中国传媒大学,戏剧与影视学,学科评估：A+
中国传媒大学,新闻传播学,学科评估：A+
中国传媒大学,艺术学理论,学科评估：A-
中国传媒大学,设计学,学科评估：B+
中国传媒大学,音乐与舞蹈学,学科评估：B
中国传媒大学,美术学,学科评估：B
中国传媒大学,信息与通信工程,学科评估：B
中国传媒大学,中国语言文学,学科评估：B-
中国传媒大学,电子科学与技术,学科评估：C+
中国传媒大学,计算机科学与技术,学科评估：C+
中国传媒大学,外国语言文学,学科评估：C
北方工业大学,计算机科学与技术,学科评估：B-
北方工业大学,工商管理,学科评估：C+
北方工业大学,控制科学与工程,学科评估：C+
北方工业大学,数学,学科评估：C+
北方工业大学,马克思主义理论,学科评估：C
北方工业大学,软件工程,学科评估：C
北方工业大学,土木工程,学科评估：C
北方工业大学,机械工程,学科评估：C
北方工业大学,法学,学科评估：C-
北方工业大学,统计学,学科评估：C-
北方工业大学,电子科学与技术,学科评估：C-
北方工业大学,设计学,学科评估：C-
中央戏剧学院,戏剧与影视学,学科评估：A-
中央戏剧学院,艺术学理论,学科评估：B+
北京电影学院,戏剧与影视学,学科评估：A-
北京电影学院,美术学,学科评估：B+
北京电影学院,艺术学理论,学科评估：B-
中央美术学院,美术学,学科评估：A+
中央美术学院,设计学,学科评估：A
中央美术学院,艺术学理论,学科评估：B+
中央美术学院,建筑学,学科评估：C+
中央财经大学,经济学,学科评估：A+
中央财经大学,工商管理,学科评估：A-
中央财经大学,统计学,学科评估：B+
中央财经大学,理论经济学,学科评估：B+
中央财经大学,马克思主义理论,学科评估：B+
中央财经大学,法学,学科评估：B
中央财经大学,公共管理,学科评估：B
中央财经大学,社会学,学科评估：B-
中央财经大学,管理科学与工程,学科评估：C+
北京服装学院,设计学,学科评估：B+
北京服装学院,美术学,学科评估：B-
北京服装学院,艺术学理论,学科评估：C+
中国政法大学,法学,学科评估：A+
中国政法大学,政治学,学科评估：B+
中国政法大学,马克思主义理论,学科评估：B
中国政法大学,社会学,学科评估：B-
中国政法大学,哲学,学科评估：C+
中国政法大学,理论经济学,学科评估：C+
中国政法大学,外国语言文学,学科评估：C+
中国政法大学,新闻传播学,学科评估：C
中国政法大学,经济学,学科评估：C-
北京工商大学,经济学,学科评估：B
北京工商大学,食品科学与工程,学科评估：B
北京工商大学,工商管理,学科评估：B
北京工商大学,化学工程与技术,学科评估：C+
北京工商大学,计算机科学与技术,学科评估：C
北京工商大学,环境科学与工程,学科评估：C
北京工商大学,新闻传播学,学科评估：C-
北京工商大学,法学,学科评估：C-
北京工商大学,马克思主义理论,学科评估：C-
北京工商大学,理论经济学,学科评估：C-
北京工商大学,控制科学与工程,学科评估：C-
北京工商大学,管理科学与工程,学科评估：C-
中国音乐学院,音乐与舞蹈学,学科评估：A
北京建筑大学,建筑学,学科评估：B
北京建筑大学,土木工程,学科评估：B
北京建筑大学,城乡规划学,学科评估：B-
北京建筑大学,环境科学与工程,学科评估：C+
北京建筑大学,测绘科学与技术,学科评估：C+
北京建筑大学,风景园林学,学科评估：C
北京建筑大学,控制科学与工程,学科评估：C
北京建筑大学,交通运输工程,学科评估：C
北京协和医学院,药学,学科评估：A+
北京协和医学院,基础医学,学科评估：A+
北京协和医学院,临床医学,学科评估：A
北京协和医学院,护理学,学科评估：A-
北京协和医学院,公共卫生与预防医学,学科评估：B
北京协和医学院,中药学,学科评估：B-
北京协和医学院,中西医结合,学科评估：C+
北京协和医学院,图书情报与档案管理,学科评估：C
北京协和医学院,公共管理,学科评估：C-
中国戏曲学院,戏剧与影视学,学科评估：B+
中国戏曲学院,音乐与舞蹈学,学科评估：C+
北京联合大学,软件工程,学科评估：B-
北京联合大学,工商管理,学科评估：C+
北京联合大学,考古学,学科评估：C-
中国人民公安大学,法学,学科评估：B
北京农学院,园艺学,学科评估：C+
北京农学院,农林经济管理,学科评估：C
北京农学院,兽医学,学科评估：C-
首都医科大学,护理学,学科评估：A-
首都医科大学,临床医学,学科评估：A-
首都医科大学,公共卫生与预防医学,学科评估：B+
首都医科大学,生物学,学科评估：B+
首都医科大学,药学,学科评估：B+
首都医科大学,口腔医学,学科评估：B
首都医科大学,基础医学,学科评估：B
首都医科大学,生物医学工程,学科评估：B-
首都医科大学,中医学,学科评估：C+
首都医科大学,中西医结合,学科评估：C
首都医科大学,中药学,学科评估：C-
北京舞蹈学院,音乐与舞蹈学,学科评估：A-
北京物资学院,工商管理,学科评估：C+
北京物资学院,管理科学与工程,学科评估：C+
首都体育学院,体育学,学科评估：B+
首都师范大学,中国语言文学,学科评估：A-
首都师范大学,教育学,学科评估：A-
首都师范大学,美术学,学科评估：A-
首都师范大学,马克思主义理论,学科评估：A-
首都师范大学,世界史,学科评估：A-
首都师范大学,中国史,学科评估：B+
首都师范大学,地理学,学科评估：B+
首都师范大学,数学,学科评估：B+
首都师范大学,生物学,学科评估：B+
首都师范大学,音乐与舞蹈学,学科评估：B+
首都师范大学,统计学,学科评估：B+
首都师范大学,生态学,学科评估：B
首都师范大学,心理学,学科评估：B
首都师范大学,外国语言文学,学科评估：B
首都师范大学,考古学,学科评估：B-
首都师范大学,软件工程,学科评估：B-
首都师范大学,计算机科学与技术,学科评估：B-
首都师范大学,政治学,学科评估：C+
首都师范大学,化学,学科评估：C+
首都师范大学,法学,学科评估：C
首都师范大学,设计学,学科评估：C
首都师范大学,科学技术史,学科评估：C-
北京印刷学院,设计学,学科评估：B-
北京印刷学院,美术学,学科评估：C+
北京印刷学院,新闻传播学,学科评估：C+
北京印刷学院,材料科学与工程,学科评估：C-
北京语言大学,中国语言文学,学科评估：B+
北京语言大学,外国语言文学,学科评估：B+
北京语言大学,计算机科学与技术,学科评估：C+
河北师范大学,中国语言文学,学科评估：B
河北师范大学,生态学,学科评估：B
河北师范大学,马克思主义理论,学科评估：B
河北师范大学,数学,学科评估：B
河北师范大学,物理学,学科评估：B-
河北师范大学,生物学,学科评估：B-
河北师范大学,体育学,学科评估：B-
河北师范大学,教育学,学科评估：C+
河北师范大学,地理学,学科评估：C+
河北师范大学,美术学,学科评估：C+
河北师范大学,考古学,学科评估：C+
河北师范大学,中国史,学科评估：C+
河北师范大学,外国语言文学,学科评估：C
河北师范大学,化学,学科评估：C
河北师范大学,音乐与舞蹈学,学科评估：C
河北师范大学,艺术学理论,学科评估：C-
河北师范大学,哲学,学科评估：C-
河北师范大学,世界史,学科评估：C-
河北师范大学,心理学,学科评估：C-
河北医科大学,中西医结合,学科评估：B-
河北医科大学,药学,学科评估：B-
河北医科大学,基础医学,学科评估：B-
河北医科大学,临床医学,学科评估：B-
河北医科大学,生物学,学科评估：C+
河北医科大学,口腔医学,学科评估：C-
河北医科大学,公共卫生与预防医学,学科评估：C-
华北理工大学,冶金工程,学科评估：C+
华北理工大学,护理学,学科评估：C
华北理工大学,化学工程与技术,学科评估：C
华北理工大学,公共卫生与预防医学,学科评估：C
华北理工大学,数学,学科评估：C
华北理工大学,矿业工程,学科评估：C-
华北理工大学,基础医学,学科评估：C-
华北理工大学,材料科学与工程,学科评估：C-
华北理工大学,机械工程,学科评估：C-
河北农业大学,生物学,学科评估：B-
河北农业大学,林学,学科评估：B-
河北农业大学,食品科学与工程,学科评估：B-
河北农业大学,作物学,学科评估：B-
河北农业大学,园艺学,学科评估：B-
河北农业大学,农业资源与环境,学科评估：C+
河北农业大学,风景园林学,学科评估：C+
河北农业大学,植物保护,学科评估：C+
河北农业大学,畜牧学,学科评估：C+
河北农业大学,农业工程,学科评估：C
河北农业大学,农林经济管理,学科评估：C
河北农业大学,兽医学,学科评估：C
河北农业大学,生态学,学科评估：C-
燕山大学,机械工程,学科评估：A-
燕山大学,材料科学与工程,学科评估：B+
燕山大学,化学工程与技术,学科评估：B
燕山大学,控制科学与工程,学科评估：B
燕山大学,计算机科学与技术,学科评估：B
燕山大学,仪器科学与技术,学科评估：B-
燕山大学,管理科学与工程,学科评估：B-
燕山大学,软件工程,学科评估：B-
燕山大学,电子科学与技术,学科评估：C+
燕山大学,光学工程,学科评估：C+
燕山大学,电气工程,学科评估：C+
燕山大学,工商管理,学科评估：C
燕山大学,信息与通信工程,学科评估：C-
燕山大学,马克思主义理论,学科评估：C-
燕山大学,环境科学与工程,学科评估：C-
燕山大学,力学,学科评估：C-
燕山大学,土木工程,学科评估：C-
燕山大学,公共管理,学科评估：C-
河北工程大学,计算机科学与技术,学科评估：C
河北地质大学,工商管理,学科评估：C-
石家庄铁道大学,土木工程,学科评估：B+
石家庄铁道大学,交通运输工程,学科评估：C+
石家庄铁道大学,计算机科学与技术,学科评估：C
石家庄铁道大学,机械工程,学科评估：C
石家庄铁道大学,力学,学科评估：C-
石家庄铁道大学,管理科学与工程,学科评估：C-
山东师范大学,中国语言文学,学科评估：B+
山东师范大学,教育学,学科评估：B+
山东师范大学,马克思主义理论,学科评估：B+
山东师范大学,音乐与舞蹈学,学科评估：B
山东师范大学,化学,学科评估：B
山东师范大学,心理学,学科评估：B
山东师范大学,美术学,学科评估：B
山东师范大学,体育学,学科评估：B-
山东师范大学,地理学,学科评估：B-
山东师范大学,生物学,学科评估：B-
山东师范大学,数学,学科评估：B-
山东师范大学,外国语言文学,学科评估：B-
山东师范大学,物理学,学科评估：B-
山东师范大学,戏剧与影视学,学科评估：C+
山东师范大学,管理科学与工程,学科评估：C+
山东师范大学,世界史,学科评估：C
山东师范大学,中国史,学科评估：C-
电子科技大学,电子科学与技术,学科评估：A+
电子科技大学,信息与通信工程,学科评估：A+
电子科技大学,计算机科学与技术,学科评估：A
电子科技大学,光学工程,学科评估：A-
电子科技大学,管理科学与工程,学科评估：B+
电子科技大学,仪器科学与技术,学科评估：B+
电子科技大学,软件工程,学科评估：B+
电子科技大学,生物医学工程,学科评估：B+
电子科技大学,工商管理,学科评估：B+
电子科技大学,控制科学与工程,学科评估：B
电子科技大学,公共管理,学科评估：B
电子科技大学,材料科学与工程,学科评估：B
电子科技大学,机械工程,学科评估：B
电子科技大学,电气工程,学科评估：C
电子科技大学,化学工程与技术,学科评估：C-
辽宁工程技术大学,安全科学与工程,学科评估：B
辽宁工程技术大学,矿业工程,学科评估：B-
辽宁工程技术大学,测绘科学与技术,学科评估：B-
辽宁工程技术大学,力学,学科评估：C+
辽宁工程技术大学,管理科学与工程,学科评估：C+
辽宁工程技术大学,土木工程,学科评估：C+
辽宁工程技术大学,机械工程,学科评估：C+
辽宁工程技术大学,电气工程,学科评估：C
辽宁工程技术大学,软件工程,学科评估：C
南通大学,基础医学,学科评估：B-
南通大学,信息与通信工程,学科评估：C+
南通大学,临床医学,学科评估：C
南通大学,马克思主义理论,学科评估：C
南通大学,机械工程,学科评估：C
南通大学,中国语言文学,学科评估：C-
南通大学,控制科学与工程,学科评估：C-
华北电力大学（北京）,电气工程,学科评估：A
华北电力大学（北京）,动力工程及工程热物理,学科评估：A-
华北电力大学（北京）,管理科学与工程,学科评估：B+
华北电力大学（北京）,工商管理,学科评估：B+
华北电力大学（北京）,控制科学与工程,学科评估：B
华北电力大学（北京）,环境科学与工程,学科评估：B-
华北电力大学（北京）,软件工程,学科评估：B-
华北电力大学（北京）,计算机科学与技术,学科评估：B-
华北电力大学（北京）,信息与通信工程,学科评估：C+
华北电力大学（北京）,数学,学科评估：C
华北电力大学（北京）,机械工程,学科评估：C
华北电力大学（北京）,公共管理,学科评估：C
华北电力大学（北京）,水利工程,学科评估：C
华北电力大学（北京）,材料科学与工程,学科评估：C
华北电力大学（北京）,马克思主义理论,学科评估：C
华北电力大学（北京）,法学,学科评估：C-
华北电力大学（北京）,物理学,学科评估：C-
华北电力大学（北京）,电子科学与技术,学科评估：C-
华北电力大学（北京）,外国语言文学,学科评估：C-
中国石油大学（北京）,地质资源与地质工程,学科评估：A+
中国石油大学（北京）,石油与天然气工程,学科评估：A+
中国石油大学（北京）,化学工程与技术,学科评估：A-
中国石油大学（北京）,安全科学与工程,学科评估：B+
中国石油大学（北京）,马克思主义理论,学科评估：B
中国石油大学（北京）,动力工程及工程热物理,学科评估：B
中国石油大学（北京）,管理科学与工程,学科评估：B
中国石油大学（北京）,机械工程,学科评估：B
中国石油大学（北京）,计算机科学与技术,学科评估：B-
中国石油大学（北京）,材料科学与工程,学科评估：B-
中国石油大学（北京）,化学,学科评估：B-
中国石油大学（北京）,环境科学与工程,学科评估：B-
中国石油大学（北京）,控制科学与工程,学科评估：B-
中国石油大学（北京）,地质学,学科评估：B-
中国石油大学（北京）,地球物理学,学科评估：B-
中国石油大学（北京）,工商管理,学科评估：C+
中国石油大学（北京）,力学,学科评估：C+
中国石油大学（北京）,外国语言文学,学科评估：C+
中国石油大学（北京）,数学,学科评估：C+
中国石油大学（北京）,经济学,学科评估：C
中国石油大学（北京）,测绘科学与技术,学科评估：C
中国石油大学（北京）,物理学,学科评估：C-
河南师范大学,物理学,学科评估：B
河南师范大学,生物学,学科评估：B
河南师范大学,化学,学科评估：B
河南师范大学,环境科学与工程,学科评估：B-
河南师范大学,教育学,学科评估：B-
河南师范大学,马克思主义理论,学科评估：C+
河南师范大学,外国语言文学,学科评估：C+
河南师范大学,数学,学科评估：C+
河南师范大学,音乐与舞蹈学,学科评估：C
河南师范大学,统计学,学科评估：C
河南师范大学,政治学,学科评估：C
河南师范大学,美术学,学科评估：C
河南师范大学,体育学,学科评估：C
河南师范大学,计算机科学与技术,学科评估：C-
河南师范大学,哲学,学科评估：C-
河南师范大学,中国语言文学,学科评估：C-
北京体育大学,体育学,学科评估：A+
北京体育大学,心理学,学科评估：C-
河南中医药大学,中医学,学科评估：C+
河南中医药大学,中药学,学科评估：C+
首都经济贸易大学,统计学,学科评估：B+
首都经济贸易大学,经济学,学科评估：B+
首都经济贸易大学,工商管理,学科评估：B+
首都经济贸易大学,管理科学与工程,学科评估：B
首都经济贸易大学,理论经济学,学科评估：B-
首都经济贸易大学,公共管理,学科评估：C+
信阳师范大学,马克思主义理论,学科评估：C+
信阳师范大学,数学,学科评估：C-
北京信息科技大学,仪器科学与技术,学科评估：C+
北京信息科技大学,管理科学与工程,学科评估：C
北京信息科技大学,机械工程,学科评估：C
北京信息科技大学,计算机科学与技术,学科评估：C-
北京信息科技大学,控制科学与工程,学科评估：C-
西南大学,教育学,学科评估：A-
西南大学,马克思主义理论,学科评估：A-
西南大学,心理学,学科评估：A-
西南大学,外国语言文学,学科评估：B+
西南大学,化学,学科评估：B+
西南大学,畜牧学,学科评估：B+
西南大学,中国语言文学,学科评估：B+
西南大学,农业资源与环境,学科评估：B+
西南大学,食品科学与工程,学科评估：B
西南大学,作物学,学科评估：B
西南大学,计算机科学与技术,学科评估：B
西南大学,数学,学科评估：B
西南大学,美术学,学科评估：B
西南大学,农林经济管理,学科评估：B
西南大学,生物学,学科评估：B
西南大学,戏剧与影视学,学科评估：B
西南大学,中国史,学科评估：B
西南大学,植物保护,学科评估：B
西南大学,软件工程,学科评估：B-
西南大学,地理学,学科评估：B-
西南大学,园艺学,学科评估：B-
西南大学,统计学,学科评估：B-
西南大学,哲学,学科评估：B-
西南大学,农业工程,学科评估：C+
西南大学,工商管理,学科评估：C+
西南大学,风景园林学,学科评估：C+
西南大学,音乐与舞蹈学,学科评估：C+
西南大学,生态学,学科评估：C+
西南大学,物理学,学科评估：C
西南大学,兽医学,学科评估：C
西南大学,水产,学科评估：C
西南大学,社会学,学科评估：C
西南大学,体育学,学科评估：C
西南大学,新闻传播学,学科评估：C-
西南大学,环境科学与工程,学科评估：C-
西南大学,世界史,学科评估：C-
西南大学,公共管理,学科评估：C-
贵州大学,植物保护,学科评估：B+
贵州大学,生物学,学科评估：B-
贵州大学,软件工程,学科评估：B-
贵州大学,机械工程,学科评估：B-
贵州大学,数学,学科评估：B-
贵州大学,材料科学与工程,学科评估：C+
贵州大学,法学,学科评估：C+
贵州大学,计算机科学与技术,学科评估：C+
贵州大学,生态学,学科评估：C
贵州大学,公共管理,学科评估：C
贵州大学,电子科学与技术,学科评估：C
贵州大学,土木工程,学科评估：C
贵州大学,林学,学科评估：C
贵州大学,化学工程与技术,学科评估：C
贵州大学,物理学,学科评估：C-
贵州大学,化学,学科评估：C-
贵州大学,经济学,学科评估：C-
贵州大学,冶金工程,学科评估：C-
海军军医大学,护理学,学科评估：A+
海军军医大学,药学,学科评估：A-
海军军医大学,基础医学,学科评估：A-
海军军医大学,公共卫生与预防医学,学科评估：B+
海军军医大学,临床医学,学科评估：B+
海军军医大学,中西医结合,学科评估：B
海军军医大学,公共管理,学科评估：B
海军军医大学,中药学,学科评估：C+
中国人民解放军空军军医大学,口腔医学,学科评估：A+
中国人民解放军空军军医大学,公共卫生与预防医学,学科评估：B+
中国人民解放军空军军医大学,生物学,学科评估：B+
中国人民解放军空军军医大学,药学,学科评估：B+
中国人民解放军空军军医大学,临床医学,学科评估：B+
中国人民解放军空军军医大学,生物医学工程,学科评估：B
中国人民解放军空军军医大学,心理学,学科评估：B
中国人民解放军空军军医大学,基础医学,学科评估：B
中国人民解放军空军军医大学,护理学,学科评估：B-
中国人民解放军空军军医大学,中西医结合,学科评估：B-
中国人民解放军空军军医大学,中药学,学科评估：C+
中国人民解放军国防科技大学,管理科学与工程,学科评估：A+
中国人民解放军国防科技大学,软件工程,学科评估：A+
中国人民解放军国防科技大学,计算机科学与技术,学科评估：A+
中国人民解放军国防科技大学,系统科学,学科评估：A+
中国人民解放军国防科技大学,光学工程,学科评估：A
中国人民解放军国防科技大学,信息与通信工程,学科评估：A
中国人民解放军国防科技大学,控制科学与工程,学科评估：A
中国人民解放军国防科技大学,机械工程,学科评估：A-
中国人民解放军国防科技大学,航空宇航科学与技术,学科评估：B+
中国人民解放军国防科技大学,物理学,学科评估：B+
中国人民解放军国防科技大学,仪器科学与技术,学科评估：B+
中国人民解放军国防科技大学,电子科学与技术,学科评估：B+
中国人民解放军国防科技大学,材料科学与工程,学科评估：B+
中国人民解放军国防科技大学,数学,学科评估：B+
中国人民解放军国防科技大学,力学,学科评估：B
中国人民解放军国防科技大学,生物医学工程,学科评估：C
中国人民解放军国防科技大学,外国语言文学,学科评估：C
南方医科大学,公共卫生与预防医学,学科评估：B+
南方医科大学,中西医结合,学科评估：B+
南方医科大学,基础医学,学科评估：B+
南方医科大学,护理学,学科评估：B
南方医科大学,生物医学工程,学科评估：B
南方医科大学,药学,学科评估：B
南方医科大学,临床医学,学科评估：B
南方医科大学,口腔医学,学科评估：C-
南方医科大学,中药学,学科评估：C-
武汉科技大学,化学工程与技术,学科评估：B
武汉科技大学,控制科学与工程,学科评估：B
武汉科技大学,材料科学与工程,学科评估：B
武汉科技大学,机械工程,学科评估：B
武汉科技大学,冶金工程,学科评估：B
武汉科技大学,安全科学与工程,学科评估：B-
武汉科技大学,矿业工程,学科评估：C+
武汉科技大学,公共管理,学科评估：C+
武汉科技大学,计算机科学与技术,学科评估：C+
武汉科技大学,工商管理,学科评估：C
武汉科技大学,马克思主义理论,学科评估：C
武汉科技大学,管理科学与工程,学科评估：C
武汉科技大学,软件工程,学科评估：C
武汉科技大学,公共卫生与预防医学,学科评估：C-
武汉科技大学,土木工程,学科评估：C-
上海政法学院,法学,学科评估：B-
重庆交通大学,土木工程,学科评估：B
重庆交通大学,交通运输工程,学科评估：B
重庆交通大学,水利工程,学科评估：B
重庆交通大学,管理科学与工程,学科评估：B-
重庆交通大学,马克思主义理论,学科评估：C
重庆交通大学,机械工程,学科评估：C-
重庆交通大学,计算机科学与技术,学科评估：C-
重庆交通大学,工商管理,学科评估：C-
福建中医药大学,中西医结合,学科评估：B
福建中医药大学,中医学,学科评估：B-
福建中医药大学,护理学,学科评估：C-
福建中医药大学,中药学,学科评估：C-
蚌埠医科大学,临床医学,学科评估：C-
蚌埠医科大学,基础医学,学科评估：C-
广西中医药大学,中医学,学科评估：C+
广西中医药大学,中西医结合,学科评估：C-
广西中医药大学,中药学,学科评估：C-
哈尔滨师范大学,马克思主义理论,学科评估：B+
哈尔滨师范大学,中国语言文学,学科评估：B
哈尔滨师范大学,教育学,学科评估：B
哈尔滨师范大学,美术学,学科评估：B
哈尔滨师范大学,外国语言文学,学科评估：B-
哈尔滨师范大学,地理学,学科评估：B-
哈尔滨师范大学,戏剧与影视学,学科评估：C+
哈尔滨师范大学,世界史,学科评估：C
哈尔滨师范大学,生物学,学科评估：C
哈尔滨师范大学,数学,学科评估：C
哈尔滨师范大学,物理学,学科评估：C-
哈尔滨师范大学,化学,学科评估：C-
哈尔滨师范大学,体育学,学科评估：C-
重庆工商大学,工商管理,学科评估：B-
重庆工商大学,经济学,学科评估：B-
重庆工商大学,统计学,学科评估：C+
重庆工商大学,环境科学与工程,学科评估：C+
重庆工商大学,马克思主义理论,学科评估：C-
重庆工商大学,管理科学与工程,学科评估：C-
成都体育学院,体育学,学科评估：A-
山东中医药大学,中医学,学科评估：B
山东中医药大学,中西医结合,学科评估：C+
山东中医药大学,中药学,学科评估：C+
山东中医药大学,药学,学科评估：C
安徽中医药大学,中医学,学科评估：B-
安徽中医药大学,中药学,学科评估：B-
安徽中医药大学,中西医结合,学科评估：C+
安徽中医药大学,药学,学科评估：C-
网络空间部队信息工程大学,测绘科学与技术,学科评估：A+
网络空间部队信息工程大学,计算机科学与技术,学科评估：A-
网络空间部队信息工程大学,信息与通信工程,学科评估：A-
网络空间部队信息工程大学,软件工程,学科评估：B
网络空间部队信息工程大学,控制科学与工程,学科评估：B-
网络空间部队信息工程大学,电子科学与技术,学科评估：C+
网络空间部队信息工程大学,仪器科学与技术,学科评估：C
联勤保障部队工程大学,经济学,学科评估：B-
中国人民解放军空军工程大学,电子科学与技术,学科评估：B+
中国人民解放军空军工程大学,信息与通信工程,学科评估：B+
中国人民解放军空军工程大学,控制科学与工程,学科评估：B
中国人民解放军空军工程大学,管理科学与工程,学科评估：B
中国人民解放军空军工程大学,航空宇航科学与技术,学科评估：B
中国人民解放军空军工程大学,兵器科学与技术,学科评估：B-
中国人民解放军空军工程大学,计算机科学与技术,学科评估：B-
中国人民解放军空军工程大学,交通运输工程,学科评估：C+
火箭军工程大学,控制科学与工程,学科评估：A-
火箭军工程大学,计算机科学与技术,学科评估：B
火箭军工程大学,兵器科学与技术,学科评估：B-
火箭军工程大学,航空宇航科学与技术,学科评估：C+
火箭军工程大学,机械工程,学科评估：C+
火箭军工程大学,信息与通信工程,学科评估：C-
吉林艺术学院,音乐与舞蹈学,学科评估：B-
吉林艺术学院,戏剧与影视学,学科评估：B-
吉林艺术学院,美术学,学科评估：B-
吉林艺术学院,设计学,学科评估：C+
陆军工程大学,土木工程,学科评估：A-
陆军工程大学,信息与通信工程,学科评估：A-
陆军工程大学,软件工程,学科评估：B+
陆军工程大学,计算机科学与技术,学科评估：B+
陆军工程大学,大气科学,学科评估：B
陆军工程大学,机械工程,学科评估：B
陆军工程大学,电子科学与技术,学科评估：B-
陆军工程大学,兵器科学与技术,学科评估：C+
陆军工程大学,光学工程,学科评估：C
陆军工程大学,数学,学科评估：C
陆军工程大学,海洋科学,学科评估：C-
广西艺术学院,美术学,学科评估：B+
广西艺术学院,音乐与舞蹈学,学科评估：B
广西艺术学院,设计学,学科评估：B
广西艺术学院,艺术学理论,学科评估：C+
四川音乐学院,音乐与舞蹈学,学科评估：B+
成都大学,药学,学科评估：C-
北京第二外国语学院,外国语言文学,学科评估：B
北京第二外国语学院,工商管理,学科评估：B
北京第二外国语学院,中国语言文学,学科评估：C
海军工程大学,电气工程,学科评估：A-
海军工程大学,船舶与海洋工程,学科评估：B+
海军工程大学,动力工程及工程热物理,学科评估：B
海军工程大学,控制科学与工程,学科评估：B
海军工程大学,信息与通信工程,学科评估：B-
海军工程大学,核科学与技术,学科评估：C+
海军工程大学,兵器科学与技术,学科评估：C-
海军工程大学,材料科学与工程,学科评估：C-
河北中医药大学,中西医结合,学科评估：C
河北中医药大学,中医学,学科评估：C-
哈尔滨音乐学院,音乐与舞蹈学,学科评估：B
哈尔滨音乐学院,艺术学理论,学科评估：B-
